flight_id,departure_city,arrival_city,departure_time,arrival_time,delay_minutes,airline
FL02747,Goa,Dubai,2026-06-08 02:00,2026-06-08 05:35,41,Turkish Airlines
FL00508,Auckland,London,2026-03-03 15:00,2026-03-04 13:08,61,Singapore Airlines
FL00304,Zurich,Brussels,2026-05-28 02:00,2026-05-28 03:00,81,British Airways
FL03839,Rio de Janeiro,Budapest,2026-01-06 12:00,2026-01-07 00:36,174,Lufthansa
FL00075,Vienna,Chennai,2026-03-17 17:00,2026-03-18 01:33,107,Air India
FL01477,Guangzhou,Mumbai,2026-02-18 13:00,2026-02-18 18:46,178,Singapore Airlines
FL03955,Auckland,Chicago,2026-01-05 22:00,2026-01-06 13:55,19,Delta
FL01785,Beijing,Manila,2026-04-04 00:00,2026-04-04 03:51,78,Lufthansa
FL03928,Seoul,Warsaw,2026-02-28 00:00,2026-02-28 09:20,151,Turkish Airlines
FL02126,Athens,Havana,2026-04-13 09:00,2026-04-13 20:47,59,KLM
FL00182,Singapore,Budapest,2026-01-20 04:00,2026-01-20 15:59,57,Singapore Airlines
FL00969,Shanghai,Singapore,2026-05-27 23:00,2026-05-28 04:27,135,Emirates
FL02582,Doha,Montreal,2026-01-13 08:00,2026-01-13 20:55,178,Lufthansa
FL02286,Hong Kong,Baku,2026-06-21 05:00,2026-06-21 12:52,28,Cathay Pacific
FL01518,Melbourne,Jakarta,2026-01-12 02:00,2026-01-12 09:02,105,British Airways
FL03991,Taipei,Dubai,2026-03-16 07:00,2026-03-16 15:14,109,Emirates
FL03108,Zurich,Manila,2026-01-26 04:00,2026-01-26 16:40,73,Emirates
FL01239,Xi'an,Lagos,2026-01-17 13:00,2026-01-18 02:50,171,Cathay Pacific
FL02571,Colombo,Rio de Janeiro,2026-04-14 00:00,2026-04-14 16:53,76,LATAM Airlines
FL02346,Singapore,Munich,2026-05-29 09:00,2026-05-29 21:45,179,Lufthansa
FL00380,Vancouver,Dhaka,2026-01-31 05:00,2026-01-31 19:12,100,Lufthansa
FL00438,Moscow,Bangalore,2026-06-08 12:00,2026-06-08 19:45,84,Singapore Airlines
FL02660,Budapest,Hong Kong,2026-02-03 07:00,2026-02-03 17:56,94,Singapore Airlines
FL02248,Bogotá,Nairobi,2026-06-05 18:00,2026-06-06 09:03,25,Emirates
FL00217,Xi'an,Rio de Janeiro,2026-06-27 08:00,2026-06-28 04:16,69,Lufthansa
FL03997,Dublin,Helsinki,2026-05-11 20:00,2026-05-11 23:00,84,Air France
FL00057,Rome,Lima,2026-01-14 02:00,2026-01-14 15:28,70,Emirates
FL01254,Colombo,Copenhagen,2026-06-04 23:00,2026-06-05 09:11,83,KLM
FL00081,Los Angeles,London,2026-03-04 15:00,2026-03-05 02:00,18,Lufthansa
FL02077,Kunming,Kuala Lumpur,2026-01-18 11:00,2026-01-18 14:39,57,Thai Airways
FL03772,Zurich,Los Angeles,2026-04-25 10:00,2026-04-25 21:44,147,Singapore Airlines
FL02569,Frankfurt,Munich,2026-01-07 00:00,2026-01-07 01:00,30,Turkish Airlines
FL01223,Perth,Dallas,2026-05-18 06:00,2026-05-19 02:22,12,Singapore Airlines
FL02088,Colombo,Addis Ababa,2026-05-14 10:00,2026-05-14 15:58,154,Turkish Airlines
FL01389,Manila,Seoul,2026-01-14 06:00,2026-01-14 09:29,152,Korean Air
FL04454,Karachi,Bogotá,2026-04-12 19:00,2026-04-13 12:37,136,Pakistan International
FL01012,Lahore,Buenos Aires,2026-02-14 21:00,2026-02-15 16:10,146,Lufthansa
FL04387,Hong Kong,Doha,2026-05-24 13:00,2026-05-24 21:17,30,British Airways
FL99003,,Tokyo,2026-03-01 10:00,2026-03-02 06:00,0,Japan Airlines
FL01815,Almaty,Lima,2026-02-01 06:00,2026-02-02 01:13,137,Emirates
FL00482,Dhaka,Kuwait City,2026-03-13 19:00,2026-03-14 00:38,82,Lufthansa
FL00528,Guadalajara,London,2026-02-15 07:00,2026-02-15 18:32,11,Singapore Airlines
FL01509,London,Auckland,2026-05-14 20:00,2026-05-15 18:21,168,Emirates
FL03408,Kolkata,Shenzhen,2026-02-18 16:00,2026-02-18 19:45,44,Emirates
FL00485,Kolkata,Denver,2026-03-05 04:00,2026-03-05 19:59,63,United Airlines
FL00352,Vancouver,Budapest,2026-05-03 20:00,2026-05-04 06:36,73,British Airways
FL02375,Amsterdam,Sydney,2026-03-08 12:00,2026-03-09 07:59,89,KLM
FL02556,Almaty,Perth,2026-03-30 13:00,2026-03-31 00:16,102,British Airways
FL00744,New Delhi,Oslo,2026-02-13 00:00,2026-02-13 07:30,56,Air India
FL01420,Manchester,Chicago,2026-02-27 01:00,2026-02-27 08:40,107,Lufthansa
FL01486,Los Angeles,Sydney,2026-02-20 02:00,2026-02-20 17:07,98,Singapore Airlines
FL02555,Jakarta,Rio de Janeiro,2026-04-06 23:00,2026-04-07 17:48,37,LATAM Airlines
FL03099,Addis Ababa,Karachi,2026-06-10 18:00,2026-06-10 22:22,17,Lufthansa
FL00379,Manila,Taipei,2026-01-21 21:00,2026-01-21 23:21,138,Turkish Airlines
FL01935,Jeddah,Bangkok,2026-01-18 14:00,2026-01-18 22:16,96,Emirates
FL01336,Istanbul,Muscat,2026-01-11 16:00,2026-01-11 20:17,161,Emirates
FL00050,Auckland,Lagos,2026-04-28 10:00,2026-04-29 06:23,18,Emirates
FL00270,Copenhagen,Singapore,2026-03-15 07:00,2026-03-15 19:12,12,Turkish Airlines
FL00031,Stockholm,Abu Dhabi,2026-04-26 03:00,2026-04-26 09:07,16,British Airways
FL02222,Manchester,Lagos,2026-01-16 06:00,2026-01-16 12:34,149,Lufthansa
FL03319,Shenzhen,Atlanta,2026-03-14 21:00,2026-03-15 13:20,116,American Airlines
FL02244,Jakarta,Los Angeles,2026-03-24 13:00,2026-03-25 06:50,83,British Airways
FL03793,Melbourne,Amsterdam,2026-03-27 07:00,2026-03-28 02:42,127,KLM
FL03440,Auckland,Warsaw,2026-04-14 01:00,2026-04-14 22:06,133,KLM
FL03565,Chennai,Atlanta,2026-04-01 17:00,2026-04-02 10:55,106,Turkish Airlines
FL04278,Yerevan,Milan,2026-05-10 21:00,2026-05-11 00:52,30,Iberia
FL00218,Yerevan,Addis Ababa,2026-03-28 11:00,2026-03-28 15:23,36,Ethiopian Airlines
FL01195,Montreal,Havana,2026-01-22 03:00,2026-01-22 06:26,102,Air Canada
FL03237,Kuala Lumpur,Moscow,2026-06-05 14:00,2026-06-06 00:28,135,Turkish Airlines
FL01474,Zhengzhou,Yerevan,2026-06-17 00:00,2026-06-17 07:40,131,Turkish Airlines
FL01675,Toronto,Casablanca,2026-05-01 08:00,2026-05-01 16:11,25,Singapore Airlines
FL00614,Warsaw,London,2026-04-03 22:00,2026-04-04 00:07,94,Singapore Airlines
FL01654,Dublin,Hong Kong,2026-04-16 03:00,2026-04-16 15:30,1,Cathay Pacific
FL02319,Dallas,São Paulo,2026-03-12 04:00,2026-03-12 14:37,31,LATAM Airlines
FL01920,Yerevan,Montreal,2026-03-19 12:00,2026-03-19 22:30,165,Singapore Airlines
FL02308,Oslo,Jeddah,2026-01-22 16:00,2026-01-22 22:02,130,Air France
FL01652,Lagos,Yangon,2026-01-28 00:00,2026-01-28 12:23,47,Lufthansa
FL02592,Paris,Frankfurt,2026-03-09 21:00,2026-03-09 22:02,102,Singapore Airlines
FL00428,Bogotá,Goa,2026-01-19 02:00,2026-01-19 21:05,97,LATAM Airlines
FL04449,Sydney,Rome,2026-04-13 19:00,2026-04-14 14:56,163,Lufthansa
FL04141,Dallas,Manila,2026-02-20 21:00,2026-02-21 12:59,112,British Airways
FL00915,Havana,Jakarta,2026-02-09 23:00,2026-02-10 20:57,28,Delta
FL03775,Auckland,Tashkent,2026-01-05 04:00,2026-01-05 20:59,138,Emirates
FL01850,Taipei,Sydney,2026-05-05 03:00,2026-05-05 12:04,151,Lufthansa
FL03351,Dallas,Athens,2026-03-18 12:00,2026-03-19 00:43,10,Turkish Airlines
FL01630,Mexico City,Taipei,2026-01-27 03:00,2026-01-27 19:10,78,AeroMexico
FL02066,Dublin,Muscat,2026-01-21 03:00,2026-01-21 10:55,19,KLM
FL01093,Seoul,Doha,2026-01-25 19:00,2026-01-26 03:49,138,Korean Air
FL00750,Chengdu,Toronto,2026-01-10 17:00,2026-01-11 07:16,138,Singapore Airlines
FL00254,Yangon,Dubai,2026-04-03 09:00,2026-04-03 14:27,54,British Airways
FL02079,Tashkent,Addis Ababa,2026-04-05 19:00,2026-04-06 01:19,65,Ethiopian Airlines
FL01358,Brisbane,Guadalajara,2026-05-17 19:00,2026-05-18 09:55,76,British Airways
FL04162,Atlanta,Dallas,2026-04-19 19:00,2026-04-19 20:46,44,Singapore Airlines
FL02788,Baku,Warsaw,2026-05-15 09:00,2026-05-15 12:24,28,Singapore Airlines
FL03659,Baku,Zhengzhou,2026-04-29 23:00,2026-04-30 06:10,169,Cathay Pacific
FL01600,Shanghai,Istanbul,2026-04-02 15:00,2026-04-03 00:49,13,Emirates
FL00666,Melbourne,Johannesburg,2026-01-24 11:00,2026-01-25 00:00,46,Emirates
FL02505,Mumbai,Yangon,2026-06-08 15:00,2026-06-08 18:34,69,British Airways
FL01797,Atlanta,Copenhagen,2026-01-09 00:00,2026-01-09 08:57,95,American Airlines
FL02752,Jeddah,Warsaw,2026-04-10 10:00,2026-04-10 15:07,50,Emirates
FL03807,Dubai,Zurich,2026-06-18 22:00,2026-06-19 04:03,72,Emirates
FL01576,Toronto,Madrid,2026-06-18 22:00,2026-06-19 05:26,111,Lufthansa
FL03540,Oslo,Manila,2026-01-20 10:00,2026-01-20 22:07,159,KLM
FL01024,Budapest,Bangkok,2026-02-18 17:00,2026-02-19 03:15,92,Singapore Airlines
FL03935,Hong Kong,Amsterdam,2026-05-09 17:00,2026-05-10 04:20,65,KLM
FL00894,Atlanta,Tashkent,2026-01-09 09:00,2026-01-09 22:56,132,Turkish Airlines
FL03064,Manchester,Istanbul,2026-02-08 09:00,2026-02-08 12:31,23,British Airways
FL03098,Dubai,Chicago,2026-01-15 08:00,2026-01-15 22:14,108,Emirates
FL02442,Almaty,Brisbane,2026-01-10 21:00,2026-01-11 10:18,16,Emirates
FL00040,Stockholm,Jeddah,2026-01-26 01:00,2026-01-26 07:04,138,Emirates
FL03522,Milan,Taipei,2026-03-07 07:00,2026-03-07 18:44,116,British Airways
FL00320,Kaohsiung,Tashkent,2026-03-22 06:00,2026-03-22 12:53,127,Lufthansa
FL99004,  new york  ,  LONDON  ,2026-03-01 07:00,2026-03-01 19:00,30,  Delta  
FL02532,Vancouver,Nairobi,2026-04-26 00:00,2026-04-26 17:28,166,Air Canada
FL00447,Zhengzhou,Vienna,2026-05-17 16:00,2026-05-18 02:01,177,Iberia
FL03243,Warsaw,Perth,2026-05-14 18:00,2026-05-15 10:03,47,Singapore Airlines
FL03244,Beijing,Addis Ababa,2026-01-21 17:00,2026-01-22 03:41,146,British Airways
FL01176,Manchester,Karachi,2026-02-14 22:00,2026-02-15 06:04,30,Turkish Airlines
FL03007,Chengdu,Copenhagen,2026-04-04 10:00,2026-04-04 19:27,157,Air France
FL00150,Buenos Aires,Hyderabad,2026-02-10 09:00,2026-02-11 03:42,141,British Airways
FL02640,Rome,Oslo,2026-05-15 10:00,2026-05-15 12:53,127,KLM
FL04206,Atlanta,Shanghai,2026-04-09 16:00,2026-04-10 07:03,133,United Airlines
FL04014,Brussels,Warsaw,2026-01-07 12:00,2026-01-07 14:02,16,Iberia
FL02365,Kunming,Rome,2026-04-21 22:00,2026-04-22 08:30,34,Iberia
FL03925,Athens,Jakarta,2026-03-01 23:00,2026-03-02 11:04,108,Air France
FL03427,Seoul,Montreal,2026-05-24 10:00,2026-05-24 22:48,168,Emirates
FL03039,Milan,Melbourne,2026-01-30 05:00,2026-01-31 01:06,154,Lufthansa
FL01379,Auckland,Seoul,2026-06-14 17:00,2026-06-15 04:40,158,Korean Air
FL03172,Los Angeles,Oslo,2026-02-03 07:00,2026-02-03 17:59,94,Singapore Airlines
FL02833,Bangkok,São Paulo,2026-06-28 20:00,2026-06-29 15:36,37,Singapore Airlines
FL04158,Yerevan,Kuala Lumpur,2026-04-12 14:00,2026-04-12 22:51,151,Thai Airways
FL03069,Hyderabad,Rio de Janeiro,2026-05-26 19:00,2026-05-27 11:53,177,Singapore Airlines
FL00378,Tashkent,Auckland,2026-04-18 11:00,2026-04-19 04:12,97,Singapore Airlines
FL00995,Stockholm,Guadalajara,2026-01-31 08:00,2026-01-31 19:42,70,Emirates
FL02350,Istanbul,Baku,2026-03-17 19:00,2026-03-17 21:46,21,British Airways
FL01462,Vancouver,Tokyo,2026-02-23 07:00,2026-02-23 16:48,115,Air Canada
FL03263,Prague,Istanbul,2026-06-18 02:00,2026-06-18 04:14,109,Emirates
FL02994,Munich,Abu Dhabi,2026-06-30 10:00,2026-06-30 16:04,68,Emirates
FL01118,Kolkata,Shenzhen,2026-05-19 18:00,2026-05-19 21:54,175,Emirates
FL00625,Montreal,Jakarta,2026-05-24 20:00,2026-05-25 15:05,72,British Airways
FL01341,Hyderabad,Yerevan,2026-04-17 11:00,2026-04-17 16:35,62,Turkish Airlines
FL02960,Montreal,Yangon,2026-01-04 10:00,2026-01-05 01:57,114,Emirates
FL03392,Havana,Vancouver,2026-06-23 15:00,2026-06-23 20:41,127,Turkish Airlines
FL00490,Toronto,Oslo,2026-02-24 15:00,2026-02-24 22:27,72,British Airways
FL02762,Miami,Goa,2026-01-24 04:00,2026-01-24 22:10,154,Emirates
FL04377,Helsinki,Havana,2026-01-07 13:00,2026-01-08 00:00,140,Turkish Airlines
FL04119,Almaty,Doha,2026-03-19 00:00,2026-03-19 03:56,124,Lufthansa
FL03136,Los Angeles,Cairo,2026-04-26 16:00,2026-04-27 06:51,16,Lufthansa
FL00135,Chengdu,Rio de Janeiro,2026-02-20 13:00,2026-02-21 08:55,57,Lufthansa
FL04391,Copenhagen,Shanghai,2026-06-28 15:00,2026-06-29 01:24,171,Cathay Pacific
FL02872,London,Shenzhen,2026-02-20 07:00,2026-02-20 18:58,161,Turkish Airlines
FL04310,Yerevan,Kuala Lumpur,2026-06-13 05:00,2026-06-13 13:56,112,British Airways
FL01390,Buenos Aires,Lisbon,2026-05-11 16:00,2026-05-12 03:52,29,LATAM Airlines
FL01683,Goa,Hong Kong,2026-01-12 04:00,2026-01-12 09:25,140,Lufthansa
FL00685,Helsinki,Singapore,2026-01-25 21:00,2026-01-26 08:19,87,British Airways
FL00361,Amsterdam,Zurich,2026-06-21 03:00,2026-06-21 04:05,35,Singapore Airlines
FL00450,Auckland,Shenzhen,2026-01-12 18:00,2026-01-13 05:48,173,Korean Air
FL02243,Dubai,Hyderabad,2026-02-21 06:00,2026-02-21 09:44,65,British Airways
FL01788,San Francisco,Prague,2026-04-20 11:00,2026-04-20 22:24,152,Turkish Airlines
FL01552,Lima,Kolkata,2026-03-19 16:00,2026-03-20 14:14,168,British Airways
FL02166,Dubai,Copenhagen,2026-06-18 04:00,2026-06-18 10:07,118,Lufthansa
FL00236,Buenos Aires,Istanbul,2026-02-07 08:00,2026-02-07 22:49,154,Turkish Airlines
FL04073,Shenzhen,Zurich,2026-04-15 03:00,2026-04-15 14:49,110,Japan Airlines
FL01013,Rome,Singapore,2026-06-01 19:00,2026-06-02 07:25,142,Emirates
FL04061,Montreal,Chennai,2026-04-30 12:00,2026-05-01 03:39,157,Air Canada
FL02171,Prague,Tbilisi,2026-05-08 06:00,2026-05-08 09:37,43,KLM
FL00433,Taipei,Beijing,2026-03-16 13:00,2026-03-16 15:34,21,British Airways
FL02605,Helsinki,Shenzhen,2026-02-27 23:00,2026-02-28 09:04,122,Japan Airlines
FL03778,Tokyo,Doha,2026-03-30 16:00,2026-03-31 02:37,127,British Airways
FL03436,Athens,Atlanta,2026-02-05 00:00,2026-02-05 11:12,111,Turkish Airlines
FL03274,Shenzhen,Vienna,2026-02-26 21:00,2026-02-27 07:35,119,Air France
FL02518,Hong Kong,Istanbul,2026-05-14 05:00,2026-05-14 15:22,60,Emirates
FL01460,Manchester,Prague,2026-02-15 10:00,2026-02-15 12:11,134,Singapore Airlines
FL01404,Auckland,Atlanta,2026-06-05 15:00,2026-06-06 06:35,2,Turkish Airlines
FL03647,Chengdu,Moscow,2026-05-31 02:00,2026-05-31 09:48,57,Turkish Airlines
FL03567,Kolkata,Oslo,2026-02-11 14:00,2026-02-11 23:13,62,Turkish Airlines
FL00140,Amsterdam,Buenos Aires,2026-06-22 18:00,2026-06-23 08:10,5,Lufthansa
FL04375,Lisbon,Guadalajara,2026-01-21 21:00,2026-01-22 07:51,164,Singapore Airlines
FL01425,Bogotá,Istanbul,2026-05-02 07:00,2026-05-02 20:35,13,Lufthansa
FL03150,Cairo,Los Angeles,2026-05-26 13:00,2026-05-27 03:55,16,Lufthansa
FL01124,Colombo,Johannesburg,2026-05-09 21:00,2026-05-10 05:26,13,Turkish Airlines
FL04138,Brussels,Bangkok,2026-03-21 17:00,2026-03-22 04:27,114,Emirates
FL02392,Guangzhou,Milan,2026-01-07 15:00,2026-01-08 02:10,143,Korean Air
FL02376,Perth,Guangzhou,2026-03-28 14:00,2026-03-28 22:03,134,British Airways
FL04456,Milan,Kaohsiung,2026-04-07 00:00,2026-04-07 11:52,42,Singapore Airlines
FL01475,Moscow,São Paulo,2026-02-28 23:00,2026-03-01 13:40,121,Turkish Airlines
FL03709,Madrid,Chicago,2026-03-09 02:00,2026-03-09 10:40,43,British Airways
FL04279,Zhengzhou,Milan,2026-04-04 14:00,2026-04-05 00:37,41,Japan Airlines
FL01113,Toronto,Denver,2026-04-02 09:00,2026-04-02 11:54,23,Delta
FL00368,Brussels,Chennai,2026-05-21 15:00,2026-05-22 01:05,170,Turkish Airlines
FL01094,Mexico City,Budapest,2026-06-10 21:00,2026-06-11 09:36,13,Turkish Airlines
FL02815,Rio de Janeiro,Cairo,2026-02-19 05:00,2026-02-19 17:31,59,Lufthansa
FL00241,Prague,Helsinki,2026-01-10 01:00,2026-01-10 03:04,73,British Airways
FL01906,Xi'an,Seoul,2026-05-14 03:00,2026-05-14 05:20,26,Singapore Airlines
FL00846,Lagos,Beijing,2026-04-21 09:00,2026-04-21 23:11,1,Lufthansa
FL00908,Santiago,Guangzhou,2026-04-13 16:00,2026-04-14 14:43,178,Turkish Airlines
FL00921,London,Budapest,2026-06-17 00:00,2026-06-17 02:03,169,British Airways
FL01505,Budapest,Cairo,2026-02-11 05:00,2026-02-11 08:27,155,British Airways
FL02147,Copenhagen,Santiago,2026-06-12 03:00,2026-06-12 18:33,115,Singapore Airlines
FL01972,Beijing,Nairobi,2026-06-24 08:00,2026-06-24 19:10,63,Lufthansa
FL02035,Tbilisi,Nairobi,2026-04-18 14:00,2026-04-18 20:11,169,Singapore Airlines
FL00464,Singapore,Johannesburg,2026-06-21 15:00,2026-06-22 01:49,163,British Airways
FL01050,Bangalore,Johannesburg,2026-03-10 03:00,2026-03-10 11:34,149,Singapore Airlines
FL01857,Riyadh,Guangzhou,2026-04-01 13:00,2026-04-01 21:16,101,Japan Airlines
FL02800,Athens,Sydney,2026-02-17 03:00,2026-02-17 21:48,108,British Airways
FL01917,Lisbon,Dublin,2026-02-23 11:00,2026-02-23 13:51,134,KLM
FL00906,Kaohsiung,Lisbon,2026-01-24 07:00,2026-01-24 20:59,100,British Airways
FL03250,Bangalore,Manchester,2026-05-31 02:00,2026-05-31 12:11,67,Air India
FL01184,Shenzhen,Buenos Aires,2026-05-10 18:00,2026-05-11 16:01,148,Emirates
FL03580,Lisbon,Kolkata,2026-01-29 11:00,2026-01-29 22:39,107,Lufthansa
FL02770,Kuwait City,Istanbul,2026-03-09 05:00,2026-03-09 08:16,143,Turkish Airlines
FL02141,Oslo,Amsterdam,2026-03-28 12:00,2026-03-28 13:52,108,Turkish Airlines
FL03204,San Francisco,Nairobi,2026-03-07 08:00,2026-03-08 03:07,92,Singapore Airlines
FL04383,Chicago,Kaohsiung,2026-05-20 22:00,2026-05-21 12:53,15,Emirates
FL04412,New York,Sydney,2026-04-25 20:00,2026-04-26 15:37,116,Turkish Airlines
FL04213,Johannesburg,Hong Kong,2026-02-24 16:00,2026-02-25 05:17,15,Cathay Pacific
FL99005,Dubai,Singapore,2026-03-02 06:00,2026-03-02 13:00,0,Emirates
FL00926,Dubai,Colombo,2026-06-25 11:00,2026-06-25 15:23,77,Turkish Airlines
FL00143,Perth,Rome,2026-01-24 15:00,2026-01-25 07:13,85,British Airways
FL03912,Shanghai,Seoul,2026-06-08 23:00,2026-06-09 00:23,86,British Airways
FL02850,Buenos Aires,Brussels,2026-06-04 19:00,2026-06-05 09:00,158,LATAM Airlines
FL04144,Denver,Miami,2026-03-07 09:00,2026-03-07 12:32,62,American Airlines
FL03209,Dublin,Rio de Janeiro,2026-03-07 17:00,2026-03-08 04:37,159,Singapore Airlines
FL00221,Jakarta,Addis Ababa,2026-03-25 18:00,2026-03-26 03:45,13,Turkish Airlines
FL01110,Kaohsiung,Atlanta,2026-04-17 01:00,2026-04-17 16:51,120,Delta
FL01637,Stockholm,Colombo,2026-04-30 16:00,2026-05-01 01:36,109,Lufthansa
FL04197,Vienna,Addis Ababa,2026-04-30 23:00,2026-05-01 05:39,153,Ethiopian Airlines
FL04024,Chicago,Warsaw,2026-01-13 06:00,2026-01-13 15:07,161,Delta
FL02870,Seoul,Vienna,2026-02-26 04:00,2026-02-26 14:33,23,Emirates
FL00847,Jakarta,Sydney,2026-04-16 17:00,2026-04-17 00:04,63,Turkish Airlines
FL01052,Karachi,Havana,2026-06-26 05:00,2026-06-26 21:40,2,Lufthansa
FL01543,Baku,Jakarta,2026-04-09 15:00,2026-04-10 00:35,150,Emirates
FL02227,Auckland,Sydney,2026-05-31 20:00,2026-05-31 23:15,116,Emirates
FL03416,Milan,Guadalajara,2026-06-11 13:00,2026-06-12 01:40,67,AeroMexico
FL03646,Manila,Lisbon,2026-01-23 23:00,2026-01-24 13:54,96,British Airways
FL00024,Yerevan,San Francisco,2026-05-10 03:00,2026-05-10 17:09,76,British Airways
FL03235,Yerevan,Sydney,2026-04-21 13:00,2026-04-22 05:44,75,Lufthansa
FL02049,Kuala Lumpur,Casablanca,2026-03-19 00:00,2026-03-19 14:05,176,British Airways
FL00288,Lahore,Stockholm,2026-03-31 14:00,2026-03-31 20:21,90,Singapore Airlines
FL02163,Lahore,London,2026-04-06 18:00,2026-04-07 02:02,111,British Airways
FL01952,Amsterdam,Kunming,2026-01-03 07:00,2026-01-03 17:23,137,KLM
FL00889,Colombo,Havana,2026-04-28 22:00,2026-04-29 17:44,26,Turkish Airlines
FL00369,Yerevan,Bogotá,2026-06-24 19:00,2026-06-25 10:03,20,British Airways
FL00333,Dubai,Manila,2026-03-26 21:00,2026-03-27 05:27,106,Lufthansa
FL00497,Atlanta,Mexico City,2026-05-03 02:00,2026-05-03 04:52,57,Lufthansa
FL01005,Yangon,Vienna,2026-02-16 22:00,2026-02-17 08:10,84,Singapore Airlines
FL01056,Perth,Seoul,2026-01-31 02:00,2026-01-31 12:03,33,Singapore Airlines
FL03854,Kuwait City,Dallas,2026-04-25 15:00,2026-04-26 05:49,25,Turkish Airlines
FL03559,Kaohsiung,Kolkata,2026-05-15 03:00,2026-05-15 07:35,131,Air India
FL03852,Hong Kong,Milan,2026-05-10 18:00,2026-05-11 05:50,31,Turkish Airlines
FL01813,Montreal,Muscat,2026-06-11 19:00,2026-06-12 08:45,30,British Airways
FL00577,Santiago,Barcelona,2026-03-05 22:00,2026-03-06 11:25,65,Lufthansa
FL01456,Chengdu,Sydney,2026-05-18 09:00,2026-05-18 20:05,83,Turkish Airlines
FL01894,Kuwait City,Miami,2026-04-07 13:00,2026-04-08 03:10,134,Lufthansa
FL03615,Madrid,Addis Ababa,2026-01-10 12:00,2026-01-10 18:45,32,Emirates
FL02910,Mexico City,Lagos,2026-02-06 13:00,2026-02-07 02:33,143,Emirates
FL02460,Almaty,Kaohsiung,2026-01-05 09:00,2026-01-05 14:55,120,Japan Airlines
FL03021,Atlanta,Perth,2026-03-20 19:00,2026-03-21 16:36,96,Delta
FL03952,Xi'an,Chennai,2026-06-17 13:00,2026-06-17 17:56,177,Singapore Airlines
FL02320,Barcelona,Helsinki,2026-02-06 21:00,2026-02-07 00:32,83,Emirates
FL03570,Singapore,Perth,2026-05-19 12:00,2026-05-19 16:59,116,Emirates
FL03254,Yangon,Lisbon,2026-01-01 22:00,2026-01-02 10:33,12,British Airways
FL01549,Lima,Bogotá,2026-06-04 18:00,2026-06-04 21:11,41,Emirates
FL01770,Toronto,Chennai,2026-05-02 03:00,2026-05-02 19:12,9,Lufthansa
FL00585,Zurich,Chennai,2026-05-22 23:00,2026-05-23 08:50,138,British Airways
FL04030,Kuwait City,Atlanta,2026-04-19 18:00,2026-04-20 08:11,153,United Airlines
FL03119,Chengdu,Casablanca,2026-06-19 16:00,2026-06-20 03:55,18,Lufthansa
FL01810,Milan,Yangon,2026-02-23 12:00,2026-02-23 22:17,5,Iberia
FL00124,Cairo,Chicago,2026-01-14 17:00,2026-01-15 05:05,32,Lufthansa
FL00481,Madrid,Melbourne,2026-02-05 06:00,2026-02-06 03:11,15,Lufthansa
FL03289,Kolkata,Guangzhou,2026-06-24 05:00,2026-06-24 08:59,21,Air India
FL01618,Bangkok,Zhengzhou,2026-05-06 22:00,2026-05-07 01:37,90,Thai Airways
FL00923,São Paulo,Taipei,2026-05-11 22:00,2026-05-12 20:23,80,British Airways
FL01823,Xi'an,Taipei,2026-04-20 06:00,2026-04-20 08:32,95,Cathay Pacific
FL00340,Manchester,Barcelona,2026-05-24 10:00,2026-05-24 12:37,122,Iberia
FL04047,Hong Kong,Barcelona,2026-02-02 07:00,2026-02-02 19:24,97,British Airways
FL00977,Lagos,Dublin,2026-05-21 10:00,2026-05-21 17:02,29,Iberia
FL02386,Riyadh,Paris,2026-03-28 07:00,2026-03-28 12:59,61,Air France
FL02326,Tashkent,Xi'an,2026-06-03 11:00,2026-06-03 15:34,170,Lufthansa
FL00348,Doha,Johannesburg,2026-05-24 22:00,2026-05-25 05:47,27,Ethiopian Airlines
FL03480,Jeddah,Oslo,2026-01-21 18:00,2026-01-22 00:22,17,Singapore Airlines
FL00064,Los Angeles,Miami,2026-03-27 13:00,2026-03-27 18:16,63,Singapore Airlines
FL02306,Los Angeles,Riyadh,2026-02-02 03:00,2026-02-02 19:02,117,Emirates
FL00910,Kaohsiung,Munich,2026-05-24 19:00,2026-05-25 07:05,134,Turkish Airlines
FL01044,Tbilisi,Zurich,2026-04-09 07:00,2026-04-09 11:11,163,Turkish Airlines
FL03454,Tokyo,Santiago,2026-03-26 01:00,2026-03-26 21:31,62,LATAM Airlines
FL00044,Hong Kong,Munich,2026-03-17 06:00,2026-03-17 17:35,148,Lufthansa
FL04049,Denver,Manila,2026-05-29 09:00,2026-05-30 00:11,124,Turkish Airlines
FL03723,Tokyo,Xi'an,2026-03-27 07:00,2026-03-27 10:51,106,Lufthansa
FL02916,Dhaka,Brussels,2026-06-19 03:00,2026-06-19 13:02,177,Air India
FL01492,Cairo,Munich,2026-01-02 04:00,2026-01-02 07:40,102,Lufthansa
FL03897,Almaty,Moscow,2026-03-25 08:00,2026-03-25 11:58,89,Iberia
FL00429,Almaty,Taipei,2026-03-23 11:00,2026-03-23 16:35,1,Singapore Airlines
FL02814,Tbilisi,Helsinki,2026-05-23 22:00,2026-05-24 01:17,24,Emirates
FL03639,Manchester,Xi'an,2026-02-16 13:00,2026-02-16 23:37,131,Singapore Airlines
FL03541,Los Angeles,Vancouver,2026-06-21 17:00,2026-06-21 19:33,49,British Airways
FL02127,Istanbul,Copenhagen,2026-04-20 08:00,2026-04-20 11:17,102,Lufthansa
FL00292,Yangon,Moscow,2026-05-26 01:00,2026-05-26 09:23,173,KLM
FL00640,New York,Mumbai,2026-02-16 02:00,2026-02-16 17:21,161,Turkish Airlines
FL01570,Dubai,Auckland,2026-04-03 01:00,2026-04-03 18:41,83,Singapore Airlines
FL00240,Lagos,Cairo,2026-06-01 01:00,2026-06-01 06:08,18,British Airways
FL01611,Rome,Paris,2026-05-13 18:00,2026-05-13 19:56,166,Emirates
FL01427,Yerevan,Frankfurt,2026-06-10 14:00,2026-06-10 18:11,21,Emirates
FL02345,Karachi,Helsinki,2026-04-03 05:00,2026-04-03 11:56,82,Emirates
FL01329,Denver,Miami,2026-02-21 05:00,2026-02-21 08:56,25,United Airlines
FL02333,Frankfurt,Zhengzhou,2026-01-25 03:00,2026-01-25 13:30,61,British Airways
FL03998,Lisbon,Bangalore,2026-06-23 19:00,2026-06-24 06:14,11,Singapore Airlines
FL03131,San Francisco,Milan,2026-03-14 21:00,2026-03-15 09:09,176,British Airways
FL00281,Munich,Chicago,2026-03-22 09:00,2026-03-22 18:11,139,Lufthansa
FL04478,Tbilisi,Colombo,2026-02-20 21:00,2026-02-21 03:46,26,Emirates
FL01188,Colombo,Taipei,2026-04-19 06:00,2026-04-19 12:18,104,Cathay Pacific
FL03130,Colombo,Oslo,2026-01-12 15:00,2026-01-13 01:31,164,Air France
FL03216,Hong Kong,Singapore,2026-06-15 21:00,2026-06-16 00:40,7,British Airways
FL04500,Bogotá,Milan,2026-04-04 21:00,2026-04-05 08:13,98,British Airways
FL04105,Chicago,Xi'an,2026-02-13 01:00,2026-02-13 15:20,30,Emirates
FL04068,Shanghai,Abu Dhabi,2026-02-16 07:00,2026-02-16 15:12,59,Emirates
FL03201,São Paulo,New Delhi,2026-01-04 01:00,2026-01-04 18:49,179,Air India
FL02103,Beijing,Guadalajara,2026-04-14 13:00,2026-04-15 04:07,171,Emirates
FL01106,Casablanca,Shenzhen,2026-02-10 20:00,2026-02-11 10:10,43,Lufthansa
FL04128,Singapore,Zhengzhou,2026-06-16 05:00,2026-06-16 10:28,10,Emirates
FL03310,Dubai,Atlanta,2026-04-11 15:00,2026-04-12 05:57,40,American Airlines
FL02250,Budapest,Bangkok,2026-01-19 10:00,2026-01-19 20:41,105,Turkish Airlines
FL01039,Nairobi,Milan,2026-01-22 04:00,2026-01-22 11:34,71,Singapore Airlines
FL03088,Goa,Istanbul,2026-03-29 22:00,2026-03-30 04:23,21,Turkish Airlines
FL01114,Athens,Guadalajara,2026-03-20 05:00,2026-03-20 19:18,146,Lufthansa
FL04498,Miami,Stockholm,2026-04-24 07:00,2026-04-24 17:18,94,Emirates
FL00530,Beijing,Manila,2026-02-21 09:00,2026-02-21 13:03,77,British Airways
FL01061,Santiago,Johannesburg,2026-02-15 14:00,2026-02-16 01:08,51,Singapore Airlines
FL02627,Yangon,London,2026-01-11 02:00,2026-01-11 13:02,140,Lufthansa
FL01418,Copenhagen,Vancouver,2026-06-22 20:00,2026-06-23 05:18,82,Singapore Airlines
FL00970,Athens,Tashkent,2026-06-26 19:00,2026-06-27 00:29,180,Singapore Airlines
FL02761,Milan,Addis Ababa,2026-03-18 13:00,2026-03-18 19:07,72,British Airways
FL00987,Abu Dhabi,Lagos,2026-02-14 03:00,2026-02-14 10:21,9,Turkish Airlines
FL00173,Munich,Moscow,2026-05-04 03:00,2026-05-04 05:41,146,British Airways
FL04442,Almaty,Atlanta,2026-04-18 19:00,2026-04-19 09:12,145,Delta
FL01448,New York,Lagos,2026-04-23 06:00,2026-04-23 16:39,92,Delta
FL01170,Yangon,Frankfurt,2026-05-17 18:00,2026-05-18 04:24,36,Emirates
FL03357,Hong Kong,Guangzhou,2026-05-27 16:00,2026-05-27 17:00,92,Turkish Airlines
FL00541,Munich,Bangkok,2026-05-30 03:00,2026-05-30 13:43,42,Singapore Airlines
FL00602,Beijing,Chennai,2026-06-09 18:00,2026-06-10 00:07,107,Emirates
FL04091,Mumbai,Warsaw,2026-03-08 08:00,2026-03-08 15:35,158,Singapore Airlines
FL01714,Copenhagen,Taipei,2026-02-07 11:00,2026-02-07 22:06,57,Lufthansa
FL01976,San Francisco,Helsinki,2026-04-29 00:00,2026-04-29 10:50,119,Delta
FL02578,Warsaw,Manila,2026-03-28 07:00,2026-03-28 18:46,120,Emirates
FL00678,London,Dublin,2026-02-27 17:00,2026-02-27 18:15,103,Turkish Airlines
FL00856,Prague,Chennai,2026-01-09 10:00,2026-01-09 18:46,37,Emirates
FL00375,Moscow,Lima,2026-01-01 23:00,2026-01-02 14:16,18,Emirates
FL02548,Tashkent,Lahore,2026-02-09 06:00,2026-02-09 07:40,173,Pakistan International
FL01295,Tbilisi,Vancouver,2026-02-09 03:00,2026-02-09 15:03,110,Air Canada
FL02357,Jakarta,Yangon,2026-03-02 10:00,2026-03-02 13:57,19,Turkish Airlines
FL00799,Zurich,Dublin,2026-01-28 17:00,2026-01-28 18:45,75,Iberia
FL01466,Melbourne,Karachi,2026-04-20 14:00,2026-04-21 03:09,104,British Airways
FL00816,Zhengzhou,Frankfurt,2026-03-25 11:00,2026-03-25 21:14,66,Turkish Airlines
FL02927,Lisbon,Munich,2026-01-20 02:00,2026-01-20 05:05,156,British Airways
FL03281,Stockholm,Cairo,2026-06-30 01:00,2026-06-30 05:35,114,Iberia
FL03837,Kuala Lumpur,Seoul,2026-04-11 18:00,2026-04-11 23:42,98,Korean Air
FL03657,Perth,Hyderabad,2026-05-27 11:00,2026-05-27 19:47,32,Lufthansa
FL00592,Miami,Warsaw,2026-01-12 08:00,2026-01-12 18:34,67,British Airways
FL03684,Dhaka,Singapore,2026-01-26 12:00,2026-01-26 15:52,100,Lufthansa
FL03595,Doha,Istanbul,2026-04-08 09:00,2026-04-08 13:04,136,Emirates
FL02622,Doha,Karachi,2026-02-07 08:00,2026-02-07 10:32,64,Emirates
FL00061,Denver,Chicago,2026-03-20 11:00,2026-03-20 13:36,10,American Airlines
FL03105,Auckland,Kunming,2026-05-08 12:00,2026-05-09 00:50,135,Japan Airlines
FL01231,Shenzhen,Oslo,2026-05-25 23:00,2026-05-26 09:43,133,Turkish Airlines
FL00154,Dublin,Tbilisi,2026-02-04 02:00,2026-02-04 07:07,106,Iberia
FL02530,Johannesburg,Muscat,2026-04-06 16:00,2026-04-07 00:04,51,Ethiopian Airlines
FL01816,Manchester,Dublin,2026-02-09 06:00,2026-02-09 07:12,29,Turkish Airlines
FL01739,Hyderabad,Santiago,2026-05-27 16:00,2026-05-28 11:50,58,British Airways
FL03468,Santiago,Dubai,2026-05-15 21:00,2026-05-16 15:15,179,Singapore Airlines
FL01213,Shanghai,Los Angeles,2026-06-01 01:00,2026-06-01 13:35,93,American Airlines
FL02374,Frankfurt,New Delhi,2026-04-01 05:00,2026-04-01 12:58,64,Singapore Airlines
FL00248,Brisbane,Vancouver,2026-03-27 02:00,2026-03-27 16:25,142,Qantas
FL00518,Addis Ababa,Guadalajara,2026-06-18 23:00,2026-06-19 16:42,3,AeroMexico
FL03867,Helsinki,Miami,2026-05-23 16:00,2026-05-24 02:40,11,Lufthansa
FL03995,Seoul,Jeddah,2026-02-04 05:00,2026-02-04 15:36,107,Singapore Airlines
FL04242,Hong Kong,San Francisco,2026-02-28 15:00,2026-03-01 04:51,146,Delta
FL02440,Auckland,Vienna,2026-05-28 06:00,2026-05-29 03:22,81,KLM
FL00957,Addis Ababa,New Delhi,2026-04-25 09:00,2026-04-25 15:04,30,Turkish Airlines
FL00584,Xi'an,Oslo,2026-02-10 01:00,2026-02-10 09:42,52,Turkish Airlines
FL04379,Istanbul,San Francisco,2026-03-31 18:00,2026-04-01 06:56,102,British Airways
FL02310,Kunming,Hong Kong,2026-05-25 16:00,2026-05-25 18:00,136,Turkish Airlines
FL03111,Zhengzhou,Muscat,2026-01-30 19:00,2026-01-31 02:00,3,Cathay Pacific
FL03846,Paris,São Paulo,2026-01-07 00:00,2026-01-07 11:32,27,Singapore Airlines
FL02877,Los Angeles,Tokyo,2026-05-31 03:00,2026-05-31 13:52,106,Emirates
FL00774,Havana,Brussels,2026-02-08 19:00,2026-02-09 04:32,121,United Airlines
FL03026,Brisbane,Johannesburg,2026-05-04 04:00,2026-05-04 18:13,146,Emirates
FL00809,São Paulo,Munich,2026-03-05 19:00,2026-03-06 07:06,27,Emirates
FL03620,Kuwait City,Nairobi,2026-06-25 10:00,2026-06-25 14:45,57,Ethiopian Airlines
FL03936,Guadalajara,Mumbai,2026-06-29 17:00,2026-06-30 12:11,151,Turkish Airlines
FL04151,Santiago,Perth,2026-06-21 17:00,2026-06-22 08:33,140,Emirates
FL00278,Tbilisi,Bangalore,2026-02-04 01:00,2026-02-04 06:46,86,Air India
FL00618,Lahore,Amsterdam,2026-03-14 00:00,2026-03-14 07:32,41,Lufthansa
FL04154,Atlanta,Vancouver,2026-01-26 18:00,2026-01-26 22:38,6,American Airlines
FL00444,Chennai,Barcelona,2026-04-23 09:00,2026-04-23 19:22,17,Air India
FL04136,Hong Kong,Seoul,2026-05-07 19:00,2026-05-07 22:03,80,Korean Air
FL00406,Warsaw,Madrid,2026-04-01 05:00,2026-04-01 08:01,139,Singapore Airlines
FL00868,Istanbul,Bangkok,2026-05-05 07:00,2026-05-05 16:19,142,Lufthansa
FL01306,Lisbon,Dubai,2026-01-30 23:00,2026-01-31 06:58,45,Turkish Airlines
FL02777,Johannesburg,Bogotá,2026-06-07 03:00,2026-06-07 17:16,65,Singapore Airlines
FL03638,Toronto,Copenhagen,2026-01-22 02:00,2026-01-22 10:08,61,Air Canada
FL00372,Mumbai,Abu Dhabi,2026-04-24 03:00,2026-04-24 06:04,149,Singapore Airlines
FL03477,Los Angeles,Hong Kong,2026-04-02 03:00,2026-04-02 17:04,29,Turkish Airlines
FL03003,Vienna,Kuala Lumpur,2026-02-05 10:00,2026-02-05 21:44,109,Iberia
FL02531,Lima,Karachi,2026-02-20 10:00,2026-02-21 05:44,100,Emirates
FL04205,Colombo,Frankfurt,2026-02-14 08:00,2026-02-14 18:05,70,Emirates
FL00136,Hong Kong,Cairo,2026-02-06 02:00,2026-02-06 11:49,78,Singapore Airlines
FL00515,Doha,Mumbai,2026-04-11 18:00,2026-04-11 21:25,166,Air India
FL01536,Johannesburg,Rome,2026-01-21 11:00,2026-01-21 20:38,42,Ethiopian Airlines
FL00117,Dubai,Frankfurt,2026-03-17 07:00,2026-03-17 13:15,62,British Airways
FL04497,Los Angeles,Moscow,2026-04-01 05:00,2026-04-01 17:15,100,Singapore Airlines
FL00122,Goa,Chengdu,2026-05-15 19:00,2026-05-15 23:34,25,Turkish Airlines
FL00692,Zhengzhou,Athens,2026-05-11 05:00,2026-05-11 14:51,44,British Airways
FL02489,Hong Kong,Cairo,2026-03-28 06:00,2026-03-28 15:47,100,Cathay Pacific
FL00391,Rio de Janeiro,Manila,2026-05-15 10:00,2026-05-16 08:05,104,Turkish Airlines
FL03501,Cairo,Vancouver,2026-04-05 06:00,2026-04-05 19:02,44,Turkish Airlines
FL00913,Dhaka,Xi'an,2026-06-17 00:00,2026-06-17 03:20,43,Singapore Airlines
FL03343,Denver,Tokyo,2026-06-12 06:00,2026-06-12 17:58,70,Turkish Airlines
FL02211,New Delhi,Abu Dhabi,2026-04-06 12:00,2026-04-06 15:34,124,Air India
FL01583,Singapore,Zhengzhou,2026-04-05 04:00,2026-04-05 09:23,97,Lufthansa
FL00793,Sydney,Tokyo,2026-06-03 16:00,2026-06-04 01:50,59,Lufthansa
FL02128,Los Angeles,Madrid,2026-05-12 05:00,2026-05-12 16:58,152,Lufthansa
FL03971,Dublin,Jeddah,2026-04-23 00:00,2026-04-23 07:06,126,Air France
FL04112,Kunming,Budapest,2026-06-23 00:00,2026-06-23 09:27,69,Singapore Airlines
FL03385,Bogotá,Kuala Lumpur,2026-04-17 03:00,2026-04-18 01:54,81,LATAM Airlines
FL00366,Lahore,Seoul,2026-06-13 09:00,2026-06-13 15:07,56,Turkish Airlines
FL02725,Karachi,Atlanta,2026-01-27 15:00,2026-01-28 06:56,128,British Airways
FL03291,Shanghai,Beijing,2026-02-10 13:00,2026-02-10 15:06,179,Emirates
FL00159,Manila,Moscow,2026-06-19 20:00,2026-06-20 06:43,126,Emirates
FL00115,Beijing,Abu Dhabi,2026-02-18 02:00,2026-02-18 09:26,104,Singapore Airlines
FL04409,Lisbon,Kaohsiung,2026-06-03 07:00,2026-06-03 21:24,7,Singapore Airlines
FL01664,Almaty,Beijing,2026-04-22 15:00,2026-04-22 19:18,124,Cathay Pacific
FL04265,Frankfurt,Bangalore,2026-03-26 10:00,2026-03-26 19:25,174,British Airways
FL02617,Sydney,Melbourne,2026-02-05 22:00,2026-02-05 23:18,175,Qantas
FL00224,Tbilisi,Dublin,2026-01-30 11:00,2026-01-30 16:14,72,Lufthansa
FL04277,Paris,Stockholm,2026-02-25 04:00,2026-02-25 06:31,122,Turkish Airlines
FL03161,Havana,Athens,2026-04-03 07:00,2026-04-03 19:16,97,Air Canada
FL03481,Chennai,Yangon,2026-05-22 09:00,2026-05-22 11:28,178,British Airways
FL02909,Muscat,Brisbane,2026-02-19 05:00,2026-02-19 19:36,27,Turkish Airlines
FL03173,Vienna,Manila,2026-02-03 20:00,2026-02-04 07:58,107,Singapore Airlines
FL03257,San Francisco,Dublin,2026-02-11 17:00,2026-02-12 03:20,71,Delta
FL03102,Kuwait City,Jeddah,2026-01-18 22:00,2026-01-19 00:06,179,British Airways
FL02795,Lahore,Frankfurt,2026-03-11 21:00,2026-03-12 04:21,79,Lufthansa
FL02315,Mumbai,Bangkok,2026-03-18 00:00,2026-03-18 03:52,142,Lufthansa
FL04080,New York,Kolkata,2026-03-27 19:00,2026-03-28 10:47,149,Emirates
FL02369,Hyderabad,Yerevan,2026-04-02 18:00,2026-04-02 23:12,18,Lufthansa
FL00778,Athens,Manila,2026-03-31 18:00,2026-04-01 06:10,178,Lufthansa
FL00198,Montreal,Los Angeles,2026-02-03 00:00,2026-02-03 05:11,60,American Airlines
FL03673,Beijing,Lima,2026-05-17 04:00,2026-05-18 00:26,121,LATAM Airlines
FL02016,Nairobi,Santiago,2026-06-05 03:00,2026-06-05 17:32,170,LATAM Airlines
FL03938,Milan,Auckland,2026-04-08 18:00,2026-04-09 16:10,53,Turkish Airlines
FL02922,Karachi,Yerevan,2026-01-31 08:00,2026-01-31 12:04,68,Pakistan International
FL03221,Chicago,Los Angeles,2026-05-11 20:00,2026-05-11 23:59,142,Lufthansa
FL04432,Dallas,Melbourne,2026-03-27 04:00,2026-03-27 21:52,130,Emirates
FL04045,Dublin,Riyadh,2026-02-07 03:00,2026-02-07 09:50,145,Lufthansa
FL04142,Guadalajara,Tashkent,2026-06-12 02:00,2026-06-12 17:58,24,British Airways
FL00390,Brisbane,Havana,2026-04-20 17:00,2026-04-21 10:37,88,Qantas
FL02700,Bogotá,Melbourne,2026-02-12 10:00,2026-02-13 03:34,83,Lufthansa
FL00883,Vancouver,Rome,2026-01-21 14:00,2026-01-22 01:26,15,British Airways
FL00844,Hong Kong,Addis Ababa,2026-01-03 00:00,2026-01-03 10:10,34,Turkish Airlines
FL01020,Vienna,Denver,2026-03-17 01:00,2026-03-17 11:42,140,Delta
FL00660,Lahore,Athens,2026-03-26 07:00,2026-03-26 12:40,171,Emirates
FL04346,Zhengzhou,Dublin,2026-04-21 13:00,2026-04-21 23:35,44,Emirates
FL02300,New York,Auckland,2026-01-09 07:00,2026-01-10 00:05,82,Delta
FL01746,Beijing,Yerevan,2026-03-21 06:00,2026-03-21 13:40,163,Emirates
FL00927,Lisbon,Cairo,2026-01-16 20:00,2026-01-17 00:55,99,Emirates
FL03380,Dublin,Amsterdam,2026-03-29 05:00,2026-03-29 06:42,152,Turkish Airlines
FL02239,Brussels,Tashkent,2026-03-10 07:00,2026-03-10 13:45,120,Singapore Airlines
FL02791,Helsinki,Munich,2026-06-26 08:00,2026-06-26 10:43,99,British Airways
FL01881,Cairo,New Delhi,2026-02-18 01:00,2026-02-18 06:51,179,British Airways
FL00746,Tashkent,Bangalore,2026-05-03 14:00,2026-05-03 18:22,78,Singapore Airlines
FL01769,Munich,Zurich,2026-03-26 02:00,2026-03-26 03:00,154,Singapore Airlines
FL00879,Manchester,Rio de Janeiro,2026-01-18 01:00,2026-01-18 12:51,33,British Airways
FL02559,Colombo,Vancouver,2026-04-30 14:00,2026-05-01 06:31,174,Turkish Airlines
FL03552,Nairobi,Zurich,2026-03-21 23:00,2026-03-22 06:29,111,Turkish Airlines
FL00465,Kunming,Taipei,2026-06-06 12:00,2026-06-06 14:51,89,Korean Air
FL03789,Los Angeles,Montreal,2026-03-09 17:00,2026-03-09 22:27,2,Lufthansa
FL02728,Oslo,Almaty,2026-01-11 14:00,2026-01-11 20:28,151,Singapore Airlines
FL01622,Dallas,Jeddah,2026-03-07 08:00,2026-03-07 23:05,41,United Airlines
FL01567,Goa,Bangkok,2026-01-07 19:00,2026-01-07 22:45,135,British Airways
FL01217,Addis Ababa,Singapore,2026-03-28 05:00,2026-03-28 13:48,83,Emirates
FL02469,Bangkok,Barcelona,2026-01-21 05:00,2026-01-21 16:44,23,Emirates
FL00014,Manila,Johannesburg,2026-06-13 22:00,2026-06-14 11:35,175,Thai Airways
FL02712,Brussels,Buenos Aires,2026-03-21 21:00,2026-03-22 10:50,61,British Airways
FL00673,Baku,Kaohsiung,2026-05-25 07:00,2026-05-25 15:57,171,Korean Air
FL02169,Brussels,Auckland,2026-06-02 10:00,2026-06-03 08:10,121,Lufthansa
FL00042,Vienna,Shanghai,2026-02-12 12:00,2026-02-12 22:14,99,Air France
FL00489,Perth,Guadalajara,2026-06-28 11:00,2026-06-29 06:37,136,Singapore Airlines
FL03549,Tbilisi,Bangkok,2026-06-22 00:00,2026-06-22 07:33,99,Turkish Airlines
FL00564,Muscat,Sydney,2026-05-07 17:00,2026-05-08 07:14,125,Emirates
FL03951,Amsterdam,Casablanca,2026-05-26 18:00,2026-05-26 21:07,2,Emirates
FL01203,Guadalajara,Mumbai,2026-02-09 09:00,2026-02-10 04:03,24,Air India
FL03515,Helsinki,Zhengzhou,2026-01-20 05:00,2026-01-20 13:10,21,Cathay Pacific
FL04095,Cairo,Dubai,2026-03-05 19:00,2026-03-05 22:47,139,Turkish Airlines
FL02363,Dhaka,Rome,2026-06-30 04:00,2026-06-30 12:54,90,British Airways
FL00414,Colombo,Johannesburg,2026-04-12 02:00,2026-04-12 10:23,103,Air India
FL00665,Beijing,New York,2026-06-19 20:00,2026-06-20 09:17,91,Lufthansa
FL02924,Johannesburg,Perth,2026-01-11 00:00,2026-01-11 10:39,42,Singapore Airlines
FL01830,Istanbul,Muscat,2026-03-13 22:00,2026-03-14 02:40,171,Emirates
FL04305,Cairo,Lagos,2026-01-07 19:00,2026-01-07 23:59,62,British Airways
FL02745,Dublin,Seoul,2026-05-04 21:00,2026-05-05 08:13,21,British Airways
FL02613,Manchester,Melbourne,2026-06-11 02:00,2026-06-11 22:23,68,British Airways
FL02543,Dallas,Nairobi,2026-04-17 20:00,2026-04-18 12:49,8,Emirates
FL01136,Santiago,São Paulo,2026-05-04 11:00,2026-05-04 15:03,12,Turkish Airlines
FL02851,Dubai,Brisbane,2026-06-12 16:00,2026-06-13 06:28,16,Emirates
FL03528,Johannesburg,Budapest,2026-01-06 05:00,2026-01-06 14:56,95,KLM
FL03602,Bangalore,Rome,2026-03-20 21:00,2026-03-21 06:06,141,Turkish Airlines
FL00607,Tokyo,Vienna,2026-03-26 22:00,2026-03-27 09:11,121,British Airways
FL03242,Denver,Dubai,2026-01-23 04:00,2026-01-23 19:15,179,American Airlines
FL02051,Johannesburg,Guangzhou,2026-01-20 02:00,2026-01-20 15:10,180,Japan Airlines
FL02711,Helsinki,Colombo,2026-05-11 09:00,2026-05-11 18:13,180,Iberia
FL00045,Kuwait City,Shanghai,2026-03-22 01:00,2026-03-22 09:28,122,Turkish Airlines
FL03364,Almaty,Karachi,2026-06-17 17:00,2026-06-17 20:24,68,Lufthansa
FL02060,Bangalore,New York,2026-06-11 02:00,2026-06-11 18:01,43,British Airways
FL03466,Tbilisi,Xi'an,2026-03-04 22:00,2026-03-05 05:26,66,Singapore Airlines
FL00762,Athens,Shenzhen,2026-01-02 16:00,2026-01-03 02:52,112,British Airways
FL04260,Cairo,Hyderabad,2026-05-11 21:00,2026-05-12 03:46,111,Air India
FL02195,Taipei,Dallas,2026-04-17 08:00,2026-04-17 23:30,137,Emirates
FL02055,Vancouver,Kaohsiung,2026-05-01 12:00,2026-05-02 00:04,23,Turkish Airlines
FL01333,Mexico City,Milan,2026-03-08 10:00,2026-03-08 22:20,11,AeroMexico
FL02895,Istanbul,Milan,2026-06-10 15:00,2026-06-10 17:32,143,Turkish Airlines
FL01383,Mumbai,Zurich,2026-05-31 01:00,2026-05-31 09:18,5,British Airways
FL01171,Bangkok,Abu Dhabi,2026-03-14 11:00,2026-03-14 17:40,105,British Airways
FL00223,Montreal,Copenhagen,2026-05-05 19:00,2026-05-06 02:24,69,Turkish Airlines
FL03573,Mexico City,Goa,2026-06-05 04:00,2026-06-05 23:13,138,Air India
FL03398,Paris,Los Angeles,2026-04-05 10:00,2026-04-05 21:26,168,Delta
FL04093,Auckland,Rome,2026-05-02 00:00,2026-05-02 21:58,2,Air France
FL01893,Brussels,Jeddah,2026-02-21 09:00,2026-02-21 14:40,76,Lufthansa
FL03517,Kolkata,Dhaka,2026-06-26 17:00,2026-06-26 18:00,157,Emirates
FL00087,Kuala Lumpur,Tbilisi,2026-05-02 14:00,2026-05-02 22:47,63,Lufthansa
FL00335,Vancouver,Zhengzhou,2026-05-28 07:00,2026-05-28 18:32,149,Singapore Airlines
FL00862,Lima,Rome,2026-06-13 09:00,2026-06-13 22:09,13,Lufthansa
FL04445,Warsaw,Buenos Aires,2026-03-01 14:00,2026-03-02 05:20,95,British Airways
FL02932,Perth,Cairo,2026-03-11 00:00,2026-03-11 14:10,112,Singapore Airlines
FL03331,Toronto,Kuwait City,2026-04-06 10:00,2026-04-06 22:47,20,Air Canada
FL03058,Warsaw,Zurich,2026-04-30 21:00,2026-04-30 22:34,29,British Airways
FL03814,Munich,Rio de Janeiro,2026-03-13 02:00,2026-03-13 14:09,47,Turkish Airlines
FL01120,London,Seoul,2026-04-09 11:00,2026-04-09 22:01,10,British Airways
FL00588,Casablanca,Rio de Janeiro,2026-06-10 19:00,2026-06-11 04:11,24,Emirates
FL00516,Auckland,Paris,2026-03-21 22:00,2026-03-22 20:23,61,Emirates
FL02463,Goa,Santiago,2026-05-22 06:00,2026-05-23 01:22,68,Emirates
FL00861,Kuala Lumpur,Perth,2026-01-11 23:00,2026-01-12 04:49,133,Emirates
FL01601,Dublin,Montreal,2026-03-28 18:00,2026-03-29 00:11,38,Air Canada
FL00238,Prague,Yerevan,2026-05-25 18:00,2026-05-25 21:37,144,Iberia
FL04487,Bangkok,Taipei,2026-06-12 16:00,2026-06-12 19:43,165,Thai Airways
FL00650,Denver,Mexico City,2026-01-06 18:00,2026-01-06 21:22,31,American Airlines
FL04446,Chicago,Amsterdam,2026-04-13 10:00,2026-04-13 18:08,106,Emirates
FL01185,Abu Dhabi,Toronto,2026-02-19 09:00,2026-02-19 22:27,137,Emirates
FL04065,Budapest,Denver,2026-01-09 18:00,2026-01-10 05:06,111,American Airlines
FL02624,Warsaw,Jeddah,2026-05-30 08:00,2026-05-30 13:01,107,Air France
FL00523,Jakarta,Kuala Lumpur,2026-03-07 03:00,2026-03-07 05:14,172,Thai Airways
FL02129,Munich,Kaohsiung,2026-02-05 04:00,2026-02-05 15:50,13,Emirates
FL02568,Buenos Aires,Yerevan,2026-04-14 09:00,2026-04-15 01:38,138,Lufthansa
FL02523,Los Angeles,Shanghai,2026-06-14 22:00,2026-06-15 10:40,10,Delta
FL01455,New Delhi,Xi'an,2026-04-20 20:00,2026-04-21 00:01,11,Lufthansa
FL02017,New York,Frankfurt,2026-02-22 17:00,2026-02-23 01:09,43,Delta
FL03212,Istanbul,Nairobi,2026-04-26 21:00,2026-04-27 03:00,96,Turkish Airlines
FL01280,Jeddah,Rio de Janeiro,2026-06-12 14:00,2026-06-13 02:17,38,Emirates
FL02240,Jakarta,New York,2026-03-20 10:00,2026-03-21 05:49,80,Lufthansa
FL03815,Los Angeles,Denver,2026-04-13 01:00,2026-04-13 03:06,135,United Airlines
FL00142,Manchester,Montreal,2026-04-24 08:00,2026-04-24 14:17,149,Singapore Airlines
FL02891,Sydney,Shanghai,2026-05-14 06:00,2026-05-14 15:46,101,Lufthansa
FL00255,Rome,Sydney,2026-02-27 04:00,2026-02-27 23:35,75,Emirates
FL03000,Colombo,San Francisco,2026-04-27 12:00,2026-04-28 05:47,31,Lufthansa
FL01762,Nairobi,Zurich,2026-04-15 19:00,2026-04-16 03:05,33,Ethiopian Airlines
FL04058,Lima,Shenzhen,2026-03-05 03:00,2026-03-06 01:05,154,Singapore Airlines
FL01430,Guadalajara,Shanghai,2026-05-24 01:00,2026-05-24 16:12,97,Singapore Airlines
FL00180,Brussels,San Francisco,2026-02-21 04:00,2026-02-21 15:18,93,Singapore Airlines
FL00284,Baku,Stockholm,2026-04-09 10:00,2026-04-09 14:36,127,Lufthansa
FL99023,,Abu Dhabi,2026-03-18 07:00,2026-03-18 09:00,0,Etihad
FL01584,Almaty,Atlanta,2026-03-21 01:00,2026-03-21 14:55,48,United Airlines
FL00476,Baku,Milan,2026-05-21 16:00,2026-05-21 20:17,29,Singapore Airlines
FL01686,Madrid,Xi'an,2026-03-12 22:00,2026-03-13 09:46,74,Emirates
FL00146,Mumbai,Singapore,2026-04-14 16:00,2026-04-14 21:28,0,Air India
FL03948,Colombo,Almaty,2026-06-19 20:00,2026-06-20 01:17,76,Pakistan International
FL00407,Miami,Riyadh,2026-06-14 01:00,2026-06-14 15:45,19,Delta
FL03746,Dublin,Havana,2026-04-18 04:00,2026-04-18 12:43,97,Delta
FL02215,Muscat,Auckland,2026-01-04 23:00,2026-01-05 16:10,134,Turkish Airlines
FL01431,Frankfurt,Brisbane,2026-04-16 07:00,2026-04-17 02:50,168,Lufthansa
FL03578,Manchester,Frankfurt,2026-06-17 08:00,2026-06-17 09:24,19,Lufthansa
FL04195,Montreal,Kuwait City,2026-03-16 02:00,2026-03-16 14:06,12,Singapore Airlines
FL01488,Jakarta,Abu Dhabi,2026-01-03 05:00,2026-01-03 13:13,105,Singapore Airlines
FL02453,San Francisco,Bangkok,2026-06-09 09:00,2026-06-10 00:45,38,Emirates
FL03631,Helsinki,Paris,2026-01-15 10:00,2026-01-15 13:10,135,Lufthansa
FL02937,Santiago,Dubai,2026-04-12 16:00,2026-04-13 10:08,67,Emirates
FL03176,Kuala Lumpur,Sydney,2026-01-31 05:00,2026-01-31 13:06,46,Singapore Airlines
FL03191,Lima,New Delhi,2026-06-17 11:00,2026-06-18 07:11,119,LATAM Airlines
FL01733,Kunming,Kuala Lumpur,2026-01-08 04:00,2026-01-08 07:27,20,British Airways
FL02170,Beijing,Dhaka,2026-03-29 10:00,2026-03-29 14:05,113,Turkish Airlines
FL03788,Denver,Kaohsiung,2026-06-10 13:00,2026-06-11 03:00,22,Turkish Airlines
FL03877,Helsinki,Copenhagen,2026-03-07 00:00,2026-03-07 01:32,174,Iberia
FL00863,Toronto,Singapore,2026-03-02 20:00,2026-03-03 14:12,3,Turkish Airlines
FL03437,Rio de Janeiro,Beijing,2026-01-19 19:00,2026-01-20 16:16,127,Emirates
FL02318,Kuala Lumpur,Vancouver,2026-04-18 12:00,2026-04-19 03:46,63,British Airways
FL04059,Baku,Sydney,2026-06-03 02:00,2026-06-03 17:55,32,Singapore Airlines
FL00257,Kunming,Manila,2026-02-09 05:00,2026-02-09 08:00,177,Turkish Airlines
FL04267,Athens,Brisbane,2026-06-04 21:00,2026-06-05 15:45,56,Lufthansa
FL00021,Abu Dhabi,Lima,2026-05-22 00:00,2026-05-22 18:07,29,Lufthansa
FL00840,Prague,Riyadh,2026-03-11 17:00,2026-03-11 22:13,178,Turkish Airlines
FL01943,Shanghai,Bogotá,2026-05-07 02:00,2026-05-07 21:18,144,British Airways
FL01581,Auckland,Jeddah,2026-04-22 07:00,2026-04-23 01:34,29,British Airways
FL03863,Frankfurt,Milan,2026-03-23 09:00,2026-03-23 10:33,135,Emirates
FL01344,Stockholm,New York,2026-01-03 22:00,2026-01-04 06:15,17,Emirates
FL00646,Addis Ababa,Denver,2026-01-27 12:00,2026-01-28 04:24,78,Turkish Airlines
FL03241,Dallas,Kaohsiung,2026-04-27 12:00,2026-04-28 03:11,152,British Airways
FL00479,Tokyo,Warsaw,2026-03-09 11:00,2026-03-09 22:01,22,Singapore Airlines
FL01157,Brussels,San Francisco,2026-05-23 14:00,2026-05-24 01:14,35,British Airways
FL03747,Beijing,Dublin,2026-05-15 08:00,2026-05-15 18:12,66,Emirates
FL02944,Rio de Janeiro,Kuwait City,2026-03-17 09:00,2026-03-17 22:46,12,Lufthansa
FL01921,Manila,Athens,2026-06-05 21:00,2026-06-06 08:42,129,KLM
FL04123,Auckland,Perth,2026-04-20 08:00,2026-04-20 15:09,159,Lufthansa
FL02167,Perth,New Delhi,2026-01-25 07:00,2026-01-25 16:41,83,Turkish Airlines
FL00166,Frankfurt,Helsinki,2026-02-12 22:00,2026-02-13 00:17,7,Emirates
FL03619,Stockholm,Los Angeles,2026-03-08 15:00,2026-03-09 01:54,99,Singapore Airlines
FL02976,Baku,Tokyo,2026-06-14 17:00,2026-06-15 02:20,134,Emirates
FL00228,Manila,Kuwait City,2026-06-30 07:00,2026-06-30 16:34,171,Lufthansa
FL02131,Montreal,New York,2026-02-21 05:00,2026-02-21 06:06,20,Turkish Airlines
FL02839,Los Angeles,Tashkent,2026-02-08 11:00,2026-02-09 01:09,172,Emirates
FL02118,Baku,Johannesburg,2026-01-24 16:00,2026-01-25 01:56,66,Turkish Airlines
FL00106,Chengdu,Kolkata,2026-06-10 07:00,2026-06-10 09:24,77,Air India
FL00307,Lagos,Madrid,2026-02-11 10:00,2026-02-11 15:27,57,British Airways
FL00051,Warsaw,Brisbane,2026-05-25 03:00,2026-05-25 21:11,54,Lufthansa
FL02164,Baku,Lahore,2026-02-17 08:00,2026-02-17 11:26,11,Singapore Airlines
FL02903,Hyderabad,Helsinki,2026-03-07 18:00,2026-03-08 02:21,103,Lufthansa
FL04466,Chengdu,Kuala Lumpur,2026-05-09 01:00,2026-05-09 05:07,91,Emirates
FL01499,Milan,Zurich,2026-05-22 03:00,2026-05-22 04:14,19,British Airways
FL01842,Doha,Atlanta,2026-06-26 01:00,2026-06-26 15:32,11,Emirates
FL04046,Milan,Bogotá,2026-05-13 11:00,2026-05-13 22:08,102,Avianca
FL02474,Santiago,New York,2026-05-19 18:00,2026-05-20 04:40,179,Emirates
FL04180,Zurich,Almaty,2026-01-19 09:00,2026-01-19 15:47,68,Iberia
FL01692,Chennai,Johannesburg,2026-05-22 03:00,2026-05-22 11:44,11,Lufthansa
FL04437,São Paulo,Budapest,2026-05-23 18:00,2026-05-24 06:53,170,Turkish Airlines
FL01319,Bangalore,Beijing,2026-01-27 20:00,2026-01-28 02:33,110,Singapore Airlines
FL04133,Dubai,Perth,2026-05-24 03:00,2026-05-24 14:25,152,Singapore Airlines
FL02279,Atlanta,Taipei,2026-04-18 12:00,2026-04-19 04:12,25,American Airlines
FL01282,Oslo,Singapore,2026-05-07 01:00,2026-05-07 13:23,143,Singapore Airlines
FL01971,Kuala Lumpur,Taipei,2026-04-30 23:00,2026-05-01 03:48,60,Turkish Airlines
FL00648,Karachi,Stockholm,2026-06-25 04:00,2026-06-25 10:51,125,British Airways
FL03748,Dublin,Tbilisi,2026-03-01 14:00,2026-03-01 19:31,142,British Airways
FL02384,Madrid,Frankfurt,2026-05-08 06:00,2026-05-08 08:22,156,British Airways
FL02703,London,Atlanta,2026-05-01 05:00,2026-05-01 13:13,74,American Airlines
FL02096,Athens,Moscow,2026-01-12 22:00,2026-01-13 01:24,70,Emirates
FL03512,Hong Kong,Mumbai,2026-06-03 01:00,2026-06-03 06:52,149,Air India
FL00971,Copenhagen,Shenzhen,2026-03-23 08:00,2026-03-23 18:46,159,Singapore Airlines
FL00776,Montreal,Denver,2026-06-04 17:00,2026-06-04 20:54,173,United Airlines
FL00898,Zhengzhou,Bogotá,2026-03-01 08:00,2026-03-02 03:10,23,British Airways
FL02410,Muscat,Santiago,2026-01-28 03:00,2026-01-28 21:09,51,Emirates
FL01461,Hyderabad,Milan,2026-05-02 08:00,2026-05-02 17:00,163,Lufthansa
FL00653,Vancouver,Dubai,2026-01-13 22:00,2026-01-14 12:08,113,Singapore Airlines
FL01774,San Francisco,Guangzhou,2026-02-06 02:00,2026-02-06 15:29,20,Singapore Airlines
FL02260,Perth,Paris,2026-01-20 18:00,2026-01-21 11:06,142,Qantas
FL02185,Sydney,Auckland,2026-01-08 19:00,2026-01-08 21:57,156,Lufthansa
FL03369,Munich,Muscat,2026-03-28 07:00,2026-03-28 13:41,72,Singapore Airlines
FL00495,Rio de Janeiro,Vancouver,2026-02-12 01:00,2026-02-12 14:44,78,Lufthansa
FL02958,Kuwait City,New York,2026-01-22 21:00,2026-01-23 09:52,46,British Airways
FL02674,Prague,Taipei,2026-06-17 13:00,2026-06-17 23:54,75,Singapore Airlines
FL00405,Milan,Jeddah,2026-06-17 21:00,2026-06-18 02:00,125,Lufthansa
FL01075,Rome,Taipei,2026-01-17 17:00,2026-01-18 05:02,127,KLM
FL01648,Karachi,Havana,2026-03-05 17:00,2026-03-06 10:04,30,British Airways
FL02628,Johannesburg,Denver,2026-01-25 23:00,2026-01-26 17:54,52,Delta
FL03850,Shenzhen,Bangalore,2026-03-01 09:00,2026-03-01 14:18,23,Emirates
FL99010,Mumbai,Dubai,2026-03-07 09:00,2026-03-07 11:00,5,   
FL00399,Bogotá,Chennai,2026-06-04 22:00,2026-06-05 17:53,61,Singapore Airlines
FL02675,Dublin,Jeddah,2026-05-03 01:00,2026-05-03 08:03,122,British Airways
FL02407,Denver,Rio de Janeiro,2026-06-26 07:00,2026-06-26 18:24,29,Emirates
FL00174,Kaohsiung,Casablanca,2026-06-29 09:00,2026-06-29 23:02,168,Japan Airlines
FL00454,Hong Kong,Colombo,2026-01-07 15:00,2026-01-07 20:02,106,Emirates
FL03213,Tokyo,Frankfurt,2026-06-03 17:00,2026-06-04 04:49,97,Lufthansa
FL01736,Goa,Karachi,2026-04-24 20:00,2026-04-24 22:15,73,Emirates
FL01807,Manila,Santiago,2026-06-18 01:00,2026-06-18 22:09,36,Lufthansa
FL00062,Barcelona,Lahore,2026-03-05 21:00,2026-03-06 04:49,143,Lufthansa
FL03881,New York,Sydney,2026-05-03 06:00,2026-05-04 01:44,33,United Airlines
FL04337,Denver,New York,2026-02-04 08:00,2026-02-04 11:20,81,British Airways
FL01416,Cairo,Sydney,2026-06-23 00:00,2026-06-23 17:56,177,Qantas
FL03545,Jakarta,Tbilisi,2026-03-17 16:00,2026-03-18 02:23,28,Thai Airways
FL01403,Barcelona,Prague,2026-06-03 10:00,2026-06-03 11:51,177,Turkish Airlines
FL02011,Frankfurt,Buenos Aires,2026-03-18 15:00,2026-03-19 05:02,144,Singapore Airlines
FL02380,Perth,Melbourne,2026-05-08 05:00,2026-05-08 08:49,88,Emirates
FL03135,Taipei,Riyadh,2026-03-05 23:00,2026-03-06 08:09,156,Japan Airlines
FL00029,Madrid,Johannesburg,2026-05-16 19:00,2026-05-17 05:06,54,Iberia
FL04415,Casablanca,Montreal,2026-03-12 03:00,2026-03-12 10:33,1,Singapore Airlines
FL02506,Rome,New Delhi,2026-06-04 17:00,2026-06-05 00:22,165,Turkish Airlines
FL03587,Beijing,Helsinki,2026-03-18 04:00,2026-03-18 12:06,155,Emirates
FL02040,Copenhagen,Vienna,2026-03-08 01:00,2026-03-08 02:28,56,Iberia
FL03226,Sydney,Mumbai,2026-03-21 13:00,2026-03-22 01:51,150,British Airways
FL04211,Dubai,Manchester,2026-03-01 10:00,2026-03-01 17:31,10,Emirates
FL99021,Doha,Kuwait City,2026-03-16 10:00,2026-03-16 11:00,-1,Emirates
FL01481,Lagos,Bangalore,2026-05-31 00:00,2026-05-31 10:16,8,Turkish Airlines
FL03361,Beijing,Addis Ababa,2026-06-15 19:00,2026-06-16 05:19,116,Turkish Airlines
FL02110,Guangzhou,Tashkent,2026-03-05 09:00,2026-03-05 15:12,164,British Airways
FL02216,Almaty,Munich,2026-04-04 21:00,2026-04-05 03:04,160,Emirates
FL04188,Chennai,Doha,2026-06-16 02:00,2026-06-16 06:36,26,British Airways
FL01969,Tashkent,Baku,2026-01-15 03:00,2026-01-15 05:34,173,British Airways
FL00938,Kunming,São Paulo,2026-03-01 21:00,2026-03-02 17:10,20,Lufthansa
FL00966,Amsterdam,Addis Ababa,2026-03-24 11:00,2026-03-24 18:38,17,Lufthansa
FL01634,Chengdu,Denver,2026-03-08 00:00,2026-03-08 14:27,39,Turkish Airlines
FL02854,Riyadh,Budapest,2026-05-08 07:00,2026-05-08 11:43,96,Air France
FL00659,Chennai,Zurich,2026-03-17 05:00,2026-03-17 14:11,127,Turkish Airlines
FL01442,Paris,Dhaka,2026-02-18 21:00,2026-02-19 06:52,177,Air France
FL01586,Montreal,Xi'an,2026-06-01 07:00,2026-06-01 20:25,2,Lufthansa
FL03841,Yangon,Chennai,2026-02-06 02:00,2026-02-06 04:34,29,Singapore Airlines
FL02990,Yangon,Los Angeles,2026-06-15 15:00,2026-06-16 07:15,98,American Airlines
FL03019,Paris,Doha,2026-02-25 05:00,2026-02-25 11:37,27,Lufthansa
FL03683,Taipei,Manila,2026-03-03 18:00,2026-03-03 19:59,47,Thai Airways
FL01133,Auckland,Bangalore,2026-04-16 18:00,2026-04-17 08:02,165,British Airways
FL01598,Toronto,Tbilisi,2026-02-20 23:00,2026-02-21 10:21,92,Air Canada
FL01374,Goa,Xi'an,2026-02-03 04:00,2026-02-03 09:25,117,Singapore Airlines
FL04492,Dhaka,Xi'an,2026-06-18 20:00,2026-06-18 23:08,97,Korean Air
FL00461,Los Angeles,Baku,2026-06-07 06:00,2026-06-07 20:18,109,United Airlines
FL01530,Havana,Chennai,2026-02-26 19:00,2026-02-27 14:14,133,British Airways
FL00952,Amsterdam,Santiago,2026-03-24 22:00,2026-03-25 12:51,41,KLM
FL04315,Kaohsiung,Atlanta,2026-03-18 15:00,2026-03-19 07:23,59,Emirates
FL03908,Lagos,Buenos Aires,2026-06-08 01:00,2026-06-08 10:47,138,Singapore Airlines
FL00713,Bangalore,Budapest,2026-02-09 01:00,2026-02-09 09:06,82,Lufthansa
FL03568,San Francisco,Muscat,2026-02-22 16:00,2026-02-23 08:14,98,British Airways
FL04256,Yerevan,Frankfurt,2026-05-11 04:00,2026-05-11 08:22,6,Singapore Airlines
FL03782,Jeddah,Bangkok,2026-05-22 22:00,2026-05-23 06:12,140,Emirates
FL01612,Tbilisi,Yerevan,2026-02-23 21:00,2026-02-23 22:07,46,Lufthansa
FL00534,Yerevan,Montreal,2026-04-07 23:00,2026-04-08 10:00,26,Turkish Airlines
FL01798,Bangalore,Madrid,2026-05-27 13:00,2026-05-27 23:13,100,Turkish Airlines
FL00079,Montreal,Guangzhou,2026-03-14 16:00,2026-03-15 07:14,158,British Airways
FL03366,Doha,Baku,2026-05-07 19:00,2026-05-07 21:57,158,Emirates
FL03695,Abu Dhabi,Yerevan,2026-05-29 07:00,2026-05-29 10:02,54,Emirates
FL03043,Zhengzhou,Jeddah,2026-05-13 07:00,2026-05-13 15:56,7,Cathay Pacific
FL01340,Budapest,Karachi,2026-03-15 16:00,2026-03-15 22:06,68,British Airways
FL00384,Montreal,Brussels,2026-06-07 00:00,2026-06-07 06:57,17,Emirates
FL02177,Doha,Denver,2026-04-07 19:00,2026-04-08 10:30,31,Emirates
FL04301,Havana,Chennai,2026-02-26 08:00,2026-02-27 03:02,139,Emirates
FL01524,São Paulo,Dubai,2026-06-07 03:00,2026-06-07 17:51,109,Turkish Airlines
FL01784,Manila,Toronto,2026-03-31 06:00,2026-03-31 22:30,173,Lufthansa
FL03546,Jakarta,Kuwait City,2026-02-09 13:00,2026-02-09 22:21,137,British Airways
FL00280,Paris,Goa,2026-04-28 01:00,2026-04-28 10:08,11,Air India
FL00733,Budapest,Kuala Lumpur,2026-05-17 07:00,2026-05-17 18:11,100,KLM
FL02452,Rio de Janeiro,Muscat,2026-03-30 10:00,2026-03-31 01:14,94,Emirates
FL03625,Paris,Goa,2026-05-01 07:00,2026-05-01 16:36,163,Turkish Airlines
FL02263,Cairo,Budapest,2026-04-26 23:00,2026-04-27 01:56,84,British Airways
FL00327,Denver,Frankfurt,2026-04-11 11:00,2026-04-11 21:21,86,American Airlines
FL02830,London,Manchester,2026-06-05 17:00,2026-06-05 18:11,61,Lufthansa
FL03033,Tashkent,Copenhagen,2026-03-25 21:00,2026-03-26 02:59,19,Singapore Airlines
FL00634,Santiago,Tashkent,2026-05-24 05:00,2026-05-25 01:16,85,Lufthansa
FL01362,Amsterdam,Shanghai,2026-04-19 04:00,2026-04-19 15:05,114,Emirates
FL01405,Zurich,Muscat,2026-06-28 22:00,2026-06-29 04:37,100,British Airways
FL04491,Bogotá,Chennai,2026-06-28 02:00,2026-06-28 21:53,66,Lufthansa
FL00560,Colombo,Chengdu,2026-03-01 05:00,2026-03-01 09:34,168,British Airways
FL04074,Bangalore,Rome,2026-02-09 20:00,2026-02-10 05:10,164,British Airways
FL02068,Munich,Helsinki,2026-01-30 01:00,2026-01-30 03:46,126,Turkish Airlines
FL04273,Perth,Stockholm,2026-04-26 19:00,2026-04-27 11:25,13,Turkish Airlines
FL01078,Doha,Hong Kong,2026-05-29 07:00,2026-05-29 15:20,9,Lufthansa
FL03093,Dhaka,Kuwait City,2026-05-16 21:00,2026-05-17 02:30,109,Lufthansa
FL00387,Bangkok,Dublin,2026-03-16 07:00,2026-03-16 19:28,147,British Airways
FL02007,Almaty,Colombo,2026-04-25 13:00,2026-04-25 18:27,111,British Airways
FL02268,Kaohsiung,Colombo,2026-05-28 04:00,2026-05-28 09:51,37,British Airways
FL03153,Chicago,Riyadh,2026-05-19 23:00,2026-05-20 12:28,102,Lufthansa
FL03736,Tbilisi,Guangzhou,2026-02-06 23:00,2026-02-07 07:38,170,Emirates
FL04171,Lagos,Almaty,2026-05-03 00:00,2026-05-03 10:34,113,Emirates
FL00836,London,Los Angeles,2026-04-12 16:00,2026-04-13 03:07,21,Emirates
FL04153,Lahore,Athens,2026-05-02 23:00,2026-05-03 04:44,67,Turkish Airlines
FL02878,Riyadh,Denver,2026-06-02 16:00,2026-06-03 07:19,62,United Airlines
FL00801,Lahore,Stockholm,2026-04-07 18:00,2026-04-08 00:41,62,British Airways
FL02623,Manila,Jeddah,2026-04-11 00:00,2026-04-11 10:24,65,British Airways
FL00817,Riyadh,Santiago,2026-03-02 08:00,2026-03-03 01:01,156,LATAM Airlines
FL03498,Lahore,Seoul,2026-06-21 13:00,2026-06-21 19:25,93,Lufthansa
FL00091,Paris,Copenhagen,2026-04-15 10:00,2026-04-15 11:50,106,Emirates
FL03258,Shanghai,Frankfurt,2026-05-05 16:00,2026-05-06 03:09,132,Turkish Airlines
FL04483,Hong Kong,Denver,2026-03-04 02:00,2026-03-04 16:54,100,United Airlines
FL03115,Montreal,Los Angeles,2026-06-11 21:00,2026-06-12 02:23,24,Air Canada
FL01616,Yangon,Riyadh,2026-02-13 13:00,2026-02-13 20:04,168,Emirates
FL00536,Cairo,Amsterdam,2026-01-12 07:00,2026-01-12 11:47,133,Singapore Airlines
FL01869,Santiago,Dallas,2026-02-13 21:00,2026-02-14 07:04,2,Singapore Airlines
FL99008,Moscow,Doha,2026-03-05 06:00,2026-03-05 10:00,-999,Turkish Airlines
FL00070,Istanbul,Xi'an,2026-04-22 11:00,2026-04-22 19:48,80,Singapore Airlines
FL00725,Istanbul,Toronto,2026-05-18 22:00,2026-05-19 08:31,111,Air Canada
FL03958,Manila,Atlanta,2026-06-27 01:00,2026-06-27 18:03,5,Turkish Airlines
FL01697,Casablanca,Bangalore,2026-01-15 20:00,2026-01-16 07:11,91,Turkish Airlines
FL00483,Casablanca,Lagos,2026-05-27 08:00,2026-05-27 12:42,131,Lufthansa
FL01792,Milan,Tbilisi,2026-06-09 17:00,2026-06-09 20:45,113,Emirates
FL02422,Tokyo,Hong Kong,2026-01-27 21:00,2026-01-28 00:50,97,Emirates
FL03825,Yangon,Beijing,2026-06-10 03:00,2026-06-10 07:07,112,Singapore Airlines
FL01592,Mexico City,Chennai,2026-01-14 05:00,2026-01-15 01:11,100,British Airways
FL04284,Riyadh,Dhaka,2026-06-10 23:00,2026-06-11 04:37,63,Singapore Airlines
FL03762,Havana,Milan,2026-02-21 14:00,2026-02-22 00:33,148,Lufthansa
FL02019,Los Angeles,Manila,2026-02-22 09:00,2026-02-22 23:46,146,United Airlines
FL03406,Dhaka,Denver,2026-04-06 19:00,2026-04-07 10:31,168,British Airways
FL00026,Kunming,Mumbai,2026-05-06 00:00,2026-05-06 04:03,92,British Airways
FL04369,Jeddah,Bangkok,2026-04-09 23:00,2026-04-10 07:09,53,Emirates
FL03188,Perth,Madrid,2026-04-05 08:00,2026-04-06 02:09,44,British Airways
FL01321,Rome,Vienna,2026-05-05 16:00,2026-05-05 17:36,156,Lufthansa
FL03941,Rio de Janeiro,Casablanca,2026-04-21 08:00,2026-04-21 16:52,133,LATAM Airlines
FL04329,New York,Oslo,2026-05-29 21:00,2026-05-30 04:21,18,American Airlines
FL01127,Jakarta,Havana,2026-06-27 02:00,2026-06-27 23:27,117,Emirates
FL02992,Mexico City,Atlanta,2026-02-19 09:00,2026-02-19 12:14,30,Lufthansa
FL03994,Stockholm,Guadalajara,2026-02-24 00:00,2026-02-24 12:12,120,Lufthansa
FL02552,Buenos Aires,Kolkata,2026-04-25 00:00,2026-04-25 20:27,11,Air India
FL03947,San Francisco,Sydney,2026-03-31 00:00,2026-03-31 14:52,136,Turkish Airlines
FL99022,Muscat,,2026-03-17 06:00,2026-03-17 08:00,10,Oman Air
FL03972,San Francisco,Addis Ababa,2026-06-28 05:00,2026-06-28 22:18,43,Singapore Airlines
FL00877,Taipei,Sydney,2026-05-15 21:00,2026-05-16 06:11,141,Turkish Airlines
FL03448,New York,Chicago,2026-02-10 03:00,2026-02-10 05:05,90,Delta
FL02044,Amsterdam,Hyderabad,2026-03-27 11:00,2026-03-27 20:31,141,Emirates
FL02493,New York,Bogotá,2026-05-13 15:00,2026-05-13 20:33,106,American Airlines
FL03272,Budapest,Munich,2026-03-21 17:00,2026-03-21 18:00,18,Emirates
FL01436,Colombo,Copenhagen,2026-05-04 23:00,2026-05-05 09:02,47,Air France
FL02396,Sydney,Yangon,2026-05-18 01:00,2026-05-18 11:25,175,Singapore Airlines
FL01146,Guadalajara,Riyadh,2026-01-30 09:00,2026-01-31 01:44,158,Turkish Airlines
FL01599,Kaohsiung,Istanbul,2026-06-23 04:00,2026-06-23 14:32,109,Turkish Airlines
FL01454,New York,Denver,2026-02-18 06:00,2026-02-18 09:43,177,American Airlines
FL03113,Los Angeles,Mexico City,2026-04-30 01:00,2026-04-30 04:34,138,Turkish Airlines
FL04122,Beijing,Manila,2026-01-12 04:00,2026-01-12 08:10,164,Cathay Pacific
FL04017,Bogotá,London,2026-06-28 04:00,2026-06-28 14:48,177,Singapore Airlines
FL02421,Doha,Dubai,2026-06-08 23:00,2026-06-09 00:00,82,British Airways
FL03412,Chicago,Manchester,2026-02-17 12:00,2026-02-17 19:55,30,British Airways
FL00745,Almaty,Auckland,2026-04-22 08:00,2026-04-23 00:30,34,Qantas
FL03410,Mexico City,Denver,2026-02-28 13:00,2026-02-28 16:18,129,American Airlines
FL03193,Hyderabad,Helsinki,2026-03-15 17:00,2026-03-16 01:13,125,Air India
FL04370,Denver,Seoul,2026-03-15 12:00,2026-03-16 00:33,151,Singapore Airlines
FL03286,Frankfurt,Xi'an,2026-06-25 00:00,2026-06-25 09:31,75,Singapore Airlines
FL02780,Rio de Janeiro,Bogotá,2026-02-03 22:00,2026-02-04 03:37,63,Singapore Airlines
FL01574,Denver,Lisbon,2026-01-23 09:00,2026-01-23 19:01,140,Lufthansa
FL00415,Muscat,Bogotá,2026-06-28 07:00,2026-06-28 23:55,20,Singapore Airlines
FL02837,Mumbai,Madrid,2026-06-13 18:00,2026-06-14 03:09,176,Turkish Airlines
FL02698,Budapest,Los Angeles,2026-03-27 11:00,2026-03-27 23:08,60,Lufthansa
FL02678,Brisbane,Manchester,2026-04-06 00:00,2026-04-06 19:59,85,Lufthansa
FL04109,Jeddah,London,2026-03-29 05:00,2026-03-29 11:26,61,Turkish Airlines
FL03780,Sydney,Brussels,2026-03-21 05:00,2026-03-22 01:39,56,British Airways
FL03231,Copenhagen,Johannesburg,2026-01-24 02:00,2026-01-24 13:05,165,KLM
FL01623,Warsaw,Guangzhou,2026-03-07 21:00,2026-03-08 07:07,177,British Airways
FL02557,Prague,Dhaka,2026-03-16 04:00,2026-03-16 13:07,126,Lufthansa
FL00480,Seoul,Bogotá,2026-02-23 23:00,2026-02-24 17:10,89,Korean Air
FL00619,Kaohsiung,Toronto,2026-02-26 20:00,2026-02-27 10:58,52,British Airways
FL00049,Barcelona,Guadalajara,2026-03-22 07:00,2026-03-22 18:53,33,AeroMexico
FL03013,Manchester,Barcelona,2026-06-12 20:00,2026-06-12 22:11,46,Lufthansa
FL03875,Dhaka,Los Angeles,2026-06-25 16:00,2026-06-26 08:08,154,Turkish Airlines
FL02234,Perth,Lahore,2026-05-18 05:00,2026-05-18 15:09,27,Qantas
FL01964,Cairo,Melbourne,2026-04-09 15:00,2026-04-10 07:39,97,Singapore Airlines
FL03784,Dhaka,Kaohsiung,2026-01-05 09:00,2026-01-05 13:20,101,Cathay Pacific
FL03564,Mumbai,San Francisco,2026-03-11 07:00,2026-03-11 23:48,60,Air India
FL01948,Doha,Shenzhen,2026-04-08 21:00,2026-04-09 05:08,4,Lufthansa
FL00110,Oslo,San Francisco,2026-05-14 20:00,2026-05-15 06:15,137,Lufthansa
FL03886,Singapore,Casablanca,2026-03-10 17:00,2026-03-11 07:33,141,Turkish Airlines
FL00821,Oslo,Manila,2026-02-20 04:00,2026-02-20 16:13,38,Thai Airways
FL02739,Copenhagen,Guangzhou,2026-03-26 20:00,2026-03-27 06:27,122,Emirates
FL01820,Dublin,Vienna,2026-02-19 08:00,2026-02-19 10:22,175,Singapore Airlines
FL01166,Bangkok,Yangon,2026-02-11 01:00,2026-02-11 02:10,107,Lufthansa
FL02861,Kuala Lumpur,Yangon,2026-04-06 09:00,2026-04-06 11:53,10,Turkish Airlines
FL01104,Bangalore,Denver,2026-01-09 22:00,2026-01-10 15:16,71,Turkish Airlines
FL02570,Miami,Lahore,2026-01-19 02:00,2026-01-19 17:50,30,American Airlines
FL04426,Bogotá,Colombo,2026-06-20 00:00,2026-06-20 20:41,80,Turkish Airlines
FL01950,Riyadh,Bangkok,2026-01-30 14:00,2026-01-30 21:07,157,British Airways
FL04444,Beijing,Taipei,2026-01-18 23:00,2026-01-19 01:18,84,Japan Airlines
FL02034,Kunming,Colombo,2026-05-20 15:00,2026-05-20 19:11,56,Cathay Pacific
FL04127,Tbilisi,Jakarta,2026-05-26 14:00,2026-05-27 00:24,93,Cathay Pacific
FL02690,Rio de Janeiro,Mumbai,2026-05-15 04:00,2026-05-15 20:32,150,Singapore Airlines
FL04475,Bangkok,Tbilisi,2026-03-01 02:00,2026-03-01 10:14,166,Lufthansa
FL01621,Xi'an,Riyadh,2026-02-25 18:00,2026-02-26 01:34,32,Japan Airlines
,Bangkok,Sydney,2026-03-03 11:00,2026-03-03 22:00,15,Thai Airways
FL00609,São Paulo,Bangkok,2026-03-18 23:00,2026-03-19 18:52,82,LATAM Airlines
FL03006,Dublin,Karachi,2026-06-21 08:00,2026-06-21 16:34,86,Lufthansa
FL02766,Riyadh,Zhengzhou,2026-06-26 17:00,2026-06-27 01:03,141,Singapore Airlines
FL01111,Copenhagen,Doha,2026-04-11 15:00,2026-04-11 21:16,178,British Airways
FL01143,Hong Kong,Atlanta,2026-05-20 16:00,2026-05-21 08:22,180,British Airways
FL02160,Perth,Tbilisi,2026-03-19 13:00,2026-03-20 02:25,47,Qantas
FL03688,Manila,Lima,2026-03-07 02:00,2026-03-08 00:04,174,British Airways
FL01644,Kolkata,Doha,2026-03-30 07:00,2026-03-30 12:23,169,Lufthansa
FL03439,Kaohsiung,Bogotá,2026-04-21 19:00,2026-04-22 15:04,136,British Airways
FL03264,Baku,Chicago,2026-04-03 07:00,2026-04-03 19:37,112,Delta
FL03985,London,Vienna,2026-04-07 02:00,2026-04-07 04:09,115,British Airways
FL03921,Munich,Dallas,2026-05-04 14:00,2026-05-05 00:32,95,Singapore Airlines
FL02073,Manchester,Shenzhen,2026-03-06 15:00,2026-03-07 02:52,84,Turkish Airlines
FL01067,Dublin,Hyderabad,2026-05-06 15:00,2026-05-07 01:08,17,Lufthansa
FL00694,Taipei,Copenhagen,2026-06-05 22:00,2026-06-06 09:11,70,Iberia
FL02971,Kuwait City,Vienna,2026-04-25 12:00,2026-04-25 16:36,138,Turkish Airlines
FL01173,Shenzhen,Kolkata,2026-05-15 17:00,2026-05-15 20:50,179,Emirates
FL03738,Manila,Melbourne,2026-01-06 06:00,2026-01-06 14:11,107,Qantas
FL04054,Chengdu,Baku,2026-06-04 23:00,2026-06-05 05:27,55,Korean Air
FL00811,Athens,Jakarta,2026-06-08 10:00,2026-06-08 22:08,147,Air France
FL00790,Paris,Johannesburg,2026-02-26 11:00,2026-02-26 21:35,9,Lufthansa
FL99025,Dublin,Manchester,2026-03-20 07:00,2026-03-20 08:00,5,British Airways
FL01690,Kuala Lumpur,Zhengzhou,2026-02-25 18:00,2026-02-25 23:11,131,Japan Airlines
FL03217,Kuala Lumpur,Kaohsiung,2026-02-23 05:00,2026-02-23 09:08,131,Emirates
FL00800,Singapore,Manchester,2026-03-07 17:00,2026-03-08 06:44,147,British Airways
FL03919,Bangalore,Yerevan,2026-06-03 12:00,2026-06-03 17:40,156,Lufthansa
FL03169,London,Bangalore,2026-04-22 08:00,2026-04-22 17:50,79,British Airways
FL02869,Yerevan,Colombo,2026-02-19 16:00,2026-02-19 22:25,80,Lufthansa
FL01710,Bangkok,Rome,2026-05-25 14:00,2026-05-26 01:18,78,British Airways
FL01287,Bangalore,Los Angeles,2026-03-14 21:00,2026-03-15 15:02,31,United Airlines
FL01629,Bangalore,Johannesburg,2026-02-07 07:00,2026-02-07 15:34,25,Singapore Airlines
FL03356,Brussels,Moscow,2026-04-28 01:00,2026-04-28 04:09,179,KLM
FL01555,Atlanta,San Francisco,2026-05-06 00:00,2026-05-06 04:21,178,United Airlines
FL00408,Yerevan,Atlanta,2026-04-16 04:00,2026-04-16 16:58,59,Emirates
FL02450,Budapest,Manila,2026-05-03 05:00,2026-05-03 17:12,150,Singapore Airlines
FL01155,Chengdu,Xi'an,2026-01-23 04:00,2026-01-23 05:08,121,Korean Air
FL01721,New York,Mumbai,2026-02-07 12:00,2026-02-08 03:19,122,Emirates
FL01289,Chennai,Montreal,2026-05-03 14:00,2026-05-04 06:01,68,Lufthansa
FL02983,Miami,Auckland,2026-03-05 20:00,2026-03-06 12:12,174,Singapore Airlines
FL03689,Dallas,Tokyo,2026-01-27 19:00,2026-01-28 08:12,118,American Airlines
FL01238,Auckland,Chicago,2026-05-05 00:00,2026-05-05 15:48,21,American Airlines
FL02161,Lima,Tashkent,2026-06-17 23:00,2026-06-18 18:02,110,Emirates
FL03070,Milan,Dubai,2026-01-25 07:00,2026-01-25 13:30,30,Turkish Airlines
FL02359,Chennai,Budapest,2026-05-18 10:00,2026-05-18 18:17,154,Turkish Airlines
FL01980,Brisbane,San Francisco,2026-02-07 19:00,2026-02-08 09:07,59,Emirates
FL01490,Barcelona,Denver,2026-02-22 09:00,2026-02-22 19:24,170,United Airlines
FL00589,Barcelona,Madrid,2026-06-13 09:00,2026-06-13 10:33,121,Emirates
FL00277,Dhaka,Buenos Aires,2026-06-18 20:00,2026-06-19 16:04,148,Lufthansa
FL03084,Seoul,Manchester,2026-02-01 01:00,2026-02-01 11:44,105,Korean Air
FL02586,Manila,Chicago,2026-03-19 05:00,2026-03-19 20:47,174,Lufthansa
FL04003,Auckland,Jeddah,2026-04-19 22:00,2026-04-20 16:59,139,Singapore Airlines
FL01413,Milan,Madrid,2026-05-22 06:00,2026-05-22 08:05,144,Lufthansa
FL01249,Kolkata,Yangon,2026-06-25 03:00,2026-06-25 04:51,60,Singapore Airlines
FL02907,New York,Kuwait City,2026-04-04 18:00,2026-04-05 06:32,145,British Airways
FL02116,Hong Kong,Kuwait City,2026-05-26 06:00,2026-05-26 14:43,111,Turkish Airlines
FL01209,Addis Ababa,Goa,2026-04-10 15:00,2026-04-10 20:22,145,Lufthansa
FL02651,Kolkata,Riyadh,2026-01-13 08:00,2026-01-13 13:17,65,Singapore Airlines
FL03329,Seoul,Abu Dhabi,2026-05-27 15:00,2026-05-27 23:50,175,British Airways
FL01158,Miami,Taipei,2026-03-16 17:00,2026-03-17 09:58,77,Singapore Airlines
FL00867,Brisbane,Shanghai,2026-01-16 11:00,2026-01-16 20:19,179,Lufthansa
FL01918,Dublin,Paris,2026-02-14 20:00,2026-02-14 21:17,167,Lufthansa
FL04420,Lisbon,Tashkent,2026-01-29 03:00,2026-01-29 11:05,168,Turkish Airlines
FL04418,Kuwait City,Xi'an,2026-01-16 21:00,2026-01-17 04:08,25,Lufthansa
FL01396,Chicago,Atlanta,2026-04-29 19:00,2026-04-29 20:36,42,Delta
FL00357,Warsaw,Vancouver,2026-05-20 16:00,2026-05-21 02:19,34,Lufthansa
FL02848,London,Jakarta,2026-03-21 05:00,2026-03-21 19:37,96,Emirates
FL01681,Vancouver,Sydney,2026-02-19 22:00,2026-02-20 13:17,25,Emirates
FL03384,Nairobi,London,2026-06-20 08:00,2026-06-20 16:47,149,Turkish Airlines
FL02836,Tokyo,Beijing,2026-01-07 21:00,2026-01-08 00:13,7,Emirates
FL00398,Lagos,Beijing,2026-02-24 06:00,2026-02-24 20:27,30,Ethiopian Airlines
FL03749,Muscat,Singapore,2026-05-27 01:00,2026-05-27 08:05,158,Lufthansa
FL03180,Doha,Manchester,2026-06-13 12:00,2026-06-13 19:21,1,Lufthansa
FL03271,Zurich,Almaty,2026-01-23 19:00,2026-01-24 01:57,131,Turkish Airlines
FL01498,Kuala Lumpur,Nairobi,2026-06-10 17:00,2026-06-11 01:57,17,British Airways
FL00473,Milan,Zurich,2026-06-25 15:00,2026-06-25 16:00,113,Lufthansa
FL00126,Miami,London,2026-03-06 15:00,2026-03-06 23:41,16,United Airlines
FL01330,Milan,Lagos,2026-03-02 06:00,2026-03-02 11:48,4,Iberia
FL01038,Madrid,Zhengzhou,2026-01-14 21:00,2026-01-15 09:10,159,Emirates
FL00785,San Francisco,Manila,2026-05-24 17:00,2026-05-25 06:49,78,American Airlines
FL03282,Colombo,Guangzhou,2026-04-04 12:00,2026-04-04 17:04,144,Turkish Airlines
FL02500,Brisbane,Kaohsiung,2026-02-28 22:00,2026-03-01 06:25,60,Turkish Airlines
FL03629,Addis Ababa,Madrid,2026-06-24 11:00,2026-06-24 17:45,80,Emirates
FL03708,Dubai,Sydney,2026-05-20 04:00,2026-05-20 18:42,89,British Airways
FL04423,Abu Dhabi,Sydney,2026-04-02 19:00,2026-04-03 09:52,76,Emirates
FL01688,Havana,Doha,2026-05-12 02:00,2026-05-12 17:19,130,United Airlines
FL02524,Mexico City,Buenos Aires,2026-02-09 04:00,2026-02-09 13:19,82,British Airways
FL03041,Shanghai,Karachi,2026-03-05 21:00,2026-03-06 04:13,119,Singapore Airlines
FL02334,Zhengzhou,Havana,2026-06-04 13:00,2026-06-05 05:37,10,Singapore Airlines
FL01907,Los Angeles,Dublin,2026-04-24 12:00,2026-04-24 22:04,31,Singapore Airlines
FL02089,Madrid,Auckland,2026-03-13 22:00,2026-03-14 21:25,111,Iberia
FL00731,Kolkata,Dallas,2026-04-02 16:00,2026-04-03 08:34,175,Singapore Airlines
FL01082,Istanbul,Seoul,2026-05-08 19:00,2026-05-09 05:10,56,Emirates
FL02853,Jeddah,Abu Dhabi,2026-01-02 08:00,2026-01-02 10:37,66,Turkish Airlines
FL00128,Muscat,Lagos,2026-01-22 07:00,2026-01-22 14:34,106,Ethiopian Airlines
FL00298,San Francisco,Goa,2026-04-24 02:00,2026-04-24 19:11,81,American Airlines
FL02573,Perth,Shenzhen,2026-06-01 01:00,2026-06-01 08:54,8,Singapore Airlines
FL03944,Vienna,San Francisco,2026-01-05 23:00,2026-01-06 10:59,101,Lufthansa
FL01369,Casablanca,Chicago,2026-05-14 04:00,2026-05-14 12:25,78,American Airlines
FL01186,Goa,Frankfurt,2026-02-24 16:00,2026-02-25 01:03,121,British Airways
FL02533,Dublin,Vienna,2026-02-22 05:00,2026-02-22 07:20,99,British Airways
FL02544,Lagos,New York,2026-03-09 14:00,2026-03-10 00:52,52,Emirates
FL01112,Helsinki,Lisbon,2026-03-03 02:00,2026-03-03 06:37,3,KLM
FL02663,Atlanta,Casablanca,2026-04-28 16:00,2026-04-29 01:00,173,United Airlines
FL01278,Yangon,Stockholm,2026-03-14 08:00,2026-03-14 17:48,67,Lufthansa
FL00505,Bogotá,Nairobi,2026-06-15 02:00,2026-06-15 16:58,153,British Airways
FL04319,Abu Dhabi,Manchester,2026-04-30 18:00,2026-05-01 01:32,54,Emirates
FL02947,Helsinki,Barcelona,2026-06-24 08:00,2026-06-24 11:57,101,Singapore Airlines
FL01182,Chengdu,Munich,2026-02-17 21:00,2026-02-18 06:32,23,Turkish Airlines
FL04480,Shanghai,Colombo,2026-02-15 21:00,2026-02-16 03:36,107,Cathay Pacific
FL00649,Tbilisi,Sydney,2026-02-12 12:00,2026-02-13 04:21,57,Qantas
FL01089,Chengdu,Nairobi,2026-04-17 22:00,2026-04-18 08:09,121,Turkish Airlines
FL03020,Bangkok,Munich,2026-01-17 04:00,2026-01-17 14:45,36,Lufthansa
FL00827,Guadalajara,Xi'an,2026-02-20 18:00,2026-02-21 10:00,166,AeroMexico
FL04007,Guangzhou,Havana,2026-05-26 17:00,2026-05-27 11:06,125,Emirates
FL02776,Dhaka,Bangkok,2026-04-14 18:00,2026-04-14 20:24,148,British Airways
FL01066,Taipei,Johannesburg,2026-02-08 22:00,2026-02-09 12:00,100,Emirates
FL01919,Muscat,Karachi,2026-04-28 22:00,2026-04-28 23:57,35,British Airways
FL02196,Hyderabad,Xi'an,2026-06-15 17:00,2026-06-15 21:58,112,Singapore Airlines
FL00308,Manchester,Nairobi,2026-01-21 08:00,2026-01-21 16:43,141,British Airways
FL00002,Almaty,Istanbul,2026-06-23 23:00,2026-06-24 04:31,22,Lufthansa
FL04251,Stockholm,Zurich,2026-02-22 16:00,2026-02-22 18:00,39,Emirates
FL04148,Yerevan,Auckland,2026-05-15 20:00,2026-05-16 15:12,101,Singapore Airlines
FL03857,Yerevan,Rio de Janeiro,2026-06-03 14:00,2026-06-04 03:48,98,Emirates
FL01478,Barcelona,Helsinki,2026-04-26 17:00,2026-04-26 20:21,35,Iberia
FL01718,Kunming,Miami,2026-06-23 13:00,2026-06-24 06:14,170,Singapore Airlines
FL03779,Lahore,Mumbai,2026-02-04 14:00,2026-02-04 16:03,91,Lufthansa
FL02844,Chicago,Xi'an,2026-01-13 00:00,2026-01-13 14:05,62,United Airlines
FL04348,Brisbane,Bogotá,2026-03-12 21:00,2026-03-13 14:38,163,Singapore Airlines
FL03443,Warsaw,Karachi,2026-06-28 18:00,2026-06-29 00:44,136,Singapore Airlines
FL02771,Guangzhou,Karachi,2026-02-13 05:00,2026-02-13 11:13,145,Lufthansa
FL03095,Atlanta,Karachi,2026-02-20 21:00,2026-02-21 12:57,51,American Airlines
FL03821,Baku,Frankfurt,2026-05-31 14:00,2026-05-31 18:47,142,Singapore Airlines
FL03902,Moscow,Vancouver,2026-03-26 05:00,2026-03-26 15:13,42,Lufthansa
FL01609,Lagos,Zhengzhou,2026-02-02 03:00,2026-02-02 16:56,137,Turkish Airlines
FL02033,São Paulo,Lagos,2026-06-21 15:00,2026-06-21 23:05,161,British Airways
FL03442,Guangzhou,Shenzhen,2026-02-17 04:00,2026-02-17 05:00,99,Emirates
FL03529,Lisbon,Lahore,2026-03-31 02:00,2026-03-31 11:22,80,Turkish Airlines
FL03415,Jeddah,Havana,2026-05-24 20:00,2026-05-25 11:03,180,Delta
FL02327,Kolkata,Oslo,2026-04-18 01:00,2026-04-18 10:07,71,Air India
FL02509,Santiago,Barcelona,2026-02-06 09:00,2026-02-06 22:23,166,Iberia
FL01372,Seoul,Jeddah,2026-03-31 02:00,2026-03-31 12:42,106,Singapore Airlines
FL00920,Chicago,Santiago,2026-02-13 01:00,2026-02-13 11:32,178,British Airways
FL04179,Dublin,Rio de Janeiro,2026-04-02 20:00,2026-04-03 07:42,103,LATAM Airlines
FL02005,Vienna,Chennai,2026-05-23 07:00,2026-05-23 16:00,30,British Airways
FL03306,Riyadh,Shanghai,2026-01-19 17:00,2026-01-20 02:05,112,Lufthansa
FL03906,Tbilisi,Zurich,2026-01-06 05:00,2026-01-06 08:43,2,British Airways
FL04160,Mexico City,Tashkent,2026-05-17 10:00,2026-05-18 02:13,11,Turkish Airlines
FL02593,Bogotá,Bangkok,2026-01-31 00:00,2026-01-31 21:25,146,LATAM Airlines
FL02797,Nairobi,Lima,2026-03-04 21:00,2026-03-05 12:45,157,Singapore Airlines
FL03810,São Paulo,New Delhi,2026-02-27 10:00,2026-02-28 03:41,73,Singapore Airlines
FL04166,Denver,Moscow,2026-01-15 14:00,2026-01-16 00:48,145,Emirates
FL03184,Helsinki,Bangkok,2026-04-15 08:00,2026-04-15 18:11,163,Singapore Airlines
FL00500,Istanbul,Mumbai,2026-04-05 09:00,2026-04-05 15:02,34,Air India
FL00853,Dubai,Kuala Lumpur,2026-01-13 17:00,2026-01-13 23:47,26,British Airways
FL00309,Denver,Perth,2026-03-19 19:00,2026-03-20 14:48,128,Turkish Airlines
FL01121,Yangon,San Francisco,2026-06-15 17:00,2026-06-16 08:45,143,British Airways
FL01346,Tokyo,Rio de Janeiro,2026-06-14 04:00,2026-06-15 02:46,14,Japan Airlines
FL04106,Kuwait City,Tashkent,2026-06-27 20:00,2026-06-27 23:40,72,Turkish Airlines
FL02936,Taipei,London,2026-02-11 18:00,2026-02-12 06:17,154,Emirates
FL02137,Kunming,Moscow,2026-05-17 02:00,2026-05-17 09:48,171,Japan Airlines
FL02056,Zurich,Muscat,2026-03-13 15:00,2026-03-13 21:28,179,Air France
FL03475,Denver,Tokyo,2026-03-04 00:00,2026-03-04 11:16,71,United Airlines
FL01292,Mumbai,Shanghai,2026-01-19 17:00,2026-01-19 23:55,97,Emirates
FL02290,Kuala Lumpur,Frankfurt,2026-01-04 11:00,2026-01-04 23:41,23,Singapore Airlines
FL00691,Bangkok,Lisbon,2026-01-02 16:00,2026-01-03 05:23,141,Singapore Airlines
FL00794,Madrid,Havana,2026-01-10 11:00,2026-01-10 20:12,0,Turkish Airlines
FL01593,Montreal,Kuala Lumpur,2026-01-06 17:00,2026-01-07 10:45,108,Air Canada
FL03651,Karachi,Rome,2026-02-28 18:00,2026-03-01 00:32,59,Lufthansa
FL01923,Zhengzhou,Brisbane,2026-04-14 02:00,2026-04-14 11:43,40,Turkish Airlines
FL01796,Lisbon,Nairobi,2026-03-10 21:00,2026-03-11 05:04,106,Air France
FL03482,Moscow,Taipei,2026-02-26 02:00,2026-02-26 10:56,138,KLM
FL00752,Casablanca,Bangkok,2026-04-29 16:00,2026-04-30 05:20,101,British Airways
FL01240,Moscow,Tashkent,2026-02-05 07:00,2026-02-05 10:38,128,British Airways
FL01260,Brussels,Jakarta,2026-02-16 12:00,2026-02-17 02:18,146,Turkish Airlines
FL00311,Muscat,Chicago,2026-01-08 02:00,2026-01-08 16:19,164,Singapore Airlines
FL01704,Addis Ababa,Kuala Lumpur,2026-02-15 12:00,2026-02-15 20:59,48,Emirates
FL02348,Dallas,Barcelona,2026-01-24 02:00,2026-01-24 12:35,169,Iberia
FL02388,Chennai,Yerevan,2026-06-01 03:00,2026-06-01 09:18,23,Air India
FL04384,Oslo,Lisbon,2026-06-03 06:00,2026-06-03 09:32,64,British Airways
FL00674,Manchester,Abu Dhabi,2026-06-26 22:00,2026-06-27 05:23,110,Turkish Airlines
FL00806,Baku,Karachi,2026-01-20 17:00,2026-01-20 20:42,121,British Airways
FL01818,Johannesburg,Nairobi,2026-05-04 06:00,2026-05-04 10:23,89,Lufthansa
FL00633,Montreal,Jeddah,2026-02-16 09:00,2026-02-16 21:01,32,Air Canada
FL03052,Tashkent,Kaohsiung,2026-01-24 00:00,2026-01-24 06:54,164,Turkish Airlines
FL00554,Shenzhen,Brisbane,2026-06-07 07:00,2026-06-07 15:57,127,Singapore Airlines
FL00702,Rio de Janeiro,Shanghai,2026-02-21 08:00,2026-02-22 06:18,41,LATAM Airlines
FL03992,Karachi,Tokyo,2026-02-28 22:00,2026-03-01 06:34,68,Pakistan International
FL02191,Kaohsiung,Prague,2026-04-28 07:00,2026-04-28 18:33,113,Turkish Airlines
FL00522,Milan,Warsaw,2026-05-11 11:00,2026-05-11 12:38,145,Turkish Airlines
FL00822,Beijing,Miami,2026-04-18 15:00,2026-04-19 06:02,161,American Airlines
FL00690,Guadalajara,Chengdu,2026-02-01 14:00,2026-02-02 06:37,150,AeroMexico
FL01865,Dhaka,Auckland,2026-03-15 22:00,2026-03-16 11:45,0,Turkish Airlines
FL00960,Warsaw,Zurich,2026-04-24 02:00,2026-04-24 03:54,1,Air France
FL00749,Dubai,Dublin,2026-06-11 00:00,2026-06-11 07:49,148,Singapore Airlines
FL00722,Dublin,Manchester,2026-04-25 15:00,2026-04-25 16:00,166,Turkish Airlines
FL01723,Denver,Sydney,2026-04-09 11:00,2026-04-10 03:18,108,United Airlines
FL03927,Lima,Moscow,2026-01-27 04:00,2026-01-27 19:37,158,British Airways
FL02399,Hyderabad,Barcelona,2026-05-07 06:00,2026-05-07 15:39,156,Emirates
FL02723,Xi'an,Milan,2026-03-13 06:00,2026-03-13 16:14,106,Emirates
FL00147,Kuwait City,Prague,2026-04-16 01:00,2026-04-16 05:41,92,Lufthansa
FL00493,Warsaw,Atlanta,2026-04-20 06:00,2026-04-20 16:28,33,Singapore Airlines
FL00539,Montreal,Denver,2026-03-02 09:00,2026-03-02 12:29,80,United Airlines
FL01504,Prague,Paris,2026-01-22 17:00,2026-01-22 18:44,112,Turkish Airlines
FL00469,Kunming,Bangkok,2026-05-28 12:00,2026-05-28 14:05,124,Lufthansa
FL04389,New York,Seoul,2026-02-21 08:00,2026-02-21 21:40,84,Singapore Airlines
FL00947,Yerevan,Brisbane,2026-01-13 06:00,2026-01-13 22:17,101,British Airways
FL00517,Bogotá,Amsterdam,2026-04-22 03:00,2026-04-22 13:59,155,Emirates
FL02626,Budapest,Oslo,2026-04-10 10:00,2026-04-10 12:07,46,British Airways
FL04221,Lagos,Manchester,2026-01-04 18:00,2026-01-05 00:38,163,Turkish Airlines
FL00225,Abu Dhabi,Guadalajara,2026-03-20 01:00,2026-03-20 18:26,153,Emirates
FL01988,Los Angeles,Madrid,2026-04-05 01:00,2026-04-05 12:30,38,Delta
FL00105,Addis Ababa,Zhengzhou,2026-06-23 12:00,2026-06-23 22:02,50,Emirates
FL00256,Lisbon,Riyadh,2026-05-15 01:00,2026-05-15 08:06,158,Turkish Airlines
FL03592,Melbourne,Kaohsiung,2026-03-14 12:00,2026-03-14 20:53,130,Turkish Airlines
FL04410,Istanbul,Kunming,2026-06-10 22:00,2026-06-11 06:56,110,Singapore Airlines
FL00738,Lima,Sydney,2026-01-30 05:00,2026-01-30 20:48,145,Qantas
FL00432,Colombo,Jeddah,2026-01-24 19:00,2026-01-25 01:10,83,Air India
FL03146,Karachi,Miami,2026-03-05 01:00,2026-03-05 17:40,82,Lufthansa
FL03632,London,Jakarta,2026-03-20 19:00,2026-03-21 09:06,114,Singapore Airlines
FL04488,Jakarta,Copenhagen,2026-02-26 15:00,2026-02-27 04:02,73,British Airways
FL02609,Prague,Montreal,2026-03-29 09:00,2026-03-29 17:10,154,British Airways
FL00830,Perth,Karachi,2026-04-18 20:00,2026-04-19 06:19,103,Qantas
FL01960,Guangzhou,Toronto,2026-02-05 16:00,2026-02-06 07:03,141,Turkish Airlines
FL02197,Goa,Shanghai,2026-03-16 12:00,2026-03-16 18:56,10,British Airways
FL00545,Amsterdam,Goa,2026-03-05 11:00,2026-03-05 20:04,12,Lufthansa
FL02513,Kuala Lumpur,Kunming,2026-02-02 10:00,2026-02-02 13:53,31,Emirates
FL00289,Oslo,Cairo,2026-06-13 01:00,2026-06-13 05:37,163,KLM
FL01895,Lahore,New Delhi,2026-05-09 21:00,2026-05-09 22:16,119,British Airways
FL03340,Amsterdam,Nairobi,2026-03-13 15:00,2026-03-13 23:50,167,Turkish Airlines
FL02364,Goa,Cairo,2026-05-26 08:00,2026-05-26 14:23,7,Air India
FL01946,Istanbul,Tokyo,2026-05-08 16:00,2026-05-09 02:57,89,Singapore Airlines
FL04282,Bangalore,Muscat,2026-04-05 22:00,2026-04-06 01:30,164,Turkish Airlines
FL00965,Kaohsiung,Jeddah,2026-02-15 14:00,2026-02-16 00:30,92,Emirates
FL04173,Shenzhen,New Delhi,2026-02-13 19:00,2026-02-14 00:00,77,Turkish Airlines
FL00456,Manchester,Athens,2026-03-31 15:00,2026-03-31 18:25,178,Singapore Airlines
FL00627,Cairo,Santiago,2026-06-17 22:00,2026-06-18 14:03,166,LATAM Airlines
FL01795,Zurich,Vancouver,2026-06-30 23:00,2026-07-01 09:19,95,Turkish Airlines
FL01493,Bogotá,Doha,2026-03-26 18:00,2026-03-27 10:32,117,Avianca
FL01660,Johannesburg,Seoul,2026-04-18 15:00,2026-04-19 06:16,174,Lufthansa
FL00668,Brussels,Montreal,2026-02-12 03:00,2026-02-12 09:52,15,Turkish Airlines
FL01398,Dhaka,Perth,2026-02-24 18:00,2026-02-25 02:50,72,Emirates
FL03583,Manila,Jakarta,2026-06-28 12:00,2026-06-28 15:55,43,Singapore Airlines
FL99005,Dubai,Singapore,2026-03-02 06:00,2026-03-02 13:00,0,Emirates
FL04327,Shenzhen,Guadalajara,2026-04-14 20:00,2026-04-15 12:49,108,British Airways
FL00654,Seoul,Jeddah,2026-03-06 15:00,2026-03-07 01:34,52,Lufthansa
FL00777,Manchester,Brussels,2026-04-05 01:00,2026-04-05 02:24,109,Turkish Airlines
FL00718,Tbilisi,Melbourne,2026-05-16 15:00,2026-05-17 07:45,166,Emirates
FL03981,Mumbai,Kunming,2026-06-04 00:00,2026-06-04 04:35,8,Lufthansa
FL00912,Singapore,Guadalajara,2026-04-16 13:00,2026-04-17 08:33,48,British Airways
FL04324,Addis Ababa,Barcelona,2026-05-30 02:00,2026-05-30 08:28,16,British Airways
FL02488,Hong Kong,Kunming,2026-02-17 06:00,2026-02-17 07:41,100,British Airways
FL00975,Zurich,Chicago,2026-03-27 11:00,2026-03-27 20:03,163,British Airways
FL03768,Guangzhou,Mumbai,2026-01-24 21:00,2026-01-25 02:38,165,British Airways
FL02305,Karachi,Abu Dhabi,2026-03-09 02:00,2026-03-09 04:19,109,Lufthansa
FL00501,Guadalajara,New York,2026-01-18 16:00,2026-01-18 20:52,156,Turkish Airlines
FL01633,Dhaka,Baku,2026-06-23 17:00,2026-06-23 22:34,103,Pakistan International
FL02123,Miami,Yangon,2026-03-20 05:00,2026-03-20 23:32,47,Delta
FL01236,Rome,Muscat,2026-04-22 13:00,2026-04-22 19:15,9,Air France
FL03396,Sydney,Budapest,2026-01-01 03:00,2026-01-01 22:00,15,Qantas
FL00880,Tokyo,Barcelona,2026-01-28 15:00,2026-01-29 03:40,8,Iberia
FL00206,Casablanca,Prague,2026-05-10 19:00,2026-05-10 22:36,179,British Airways
FL01512,Dubai,Copenhagen,2026-01-08 00:00,2026-01-08 06:10,49,Emirates
FL00695,Karachi,Casablanca,2026-04-26 04:00,2026-04-26 12:47,154,Lufthansa
FL00339,Zurich,Dublin,2026-06-06 15:00,2026-06-06 17:21,15,Turkish Airlines
FL03077,Nairobi,Doha,2026-06-16 03:00,2026-06-16 07:27,66,Turkish Airlines
FL04394,Singapore,Toronto,2026-02-04 22:00,2026-02-05 15:57,174,British Airways
FL01318,Helsinki,Chengdu,2026-03-04 06:00,2026-03-04 14:06,100,Emirates
FL02845,Dhaka,Auckland,2026-03-29 02:00,2026-03-29 15:35,132,Singapore Airlines
FL01569,Budapest,Manchester,2026-04-16 21:00,2026-04-16 23:20,163,British Airways
FL03029,Riyadh,Miami,2026-04-23 03:00,2026-04-23 17:51,44,Emirates
FL00759,Almaty,Santiago,2026-05-29 17:00,2026-05-30 13:42,96,Lufthansa
FL01391,Shanghai,Mumbai,2026-04-29 17:00,2026-04-29 23:30,123,Emirates
FL03401,Copenhagen,Los Angeles,2026-06-04 09:00,2026-06-04 20:02,146,Emirates
FL04200,Buenos Aires,Atlanta,2026-06-08 14:00,2026-06-08 23:52,101,Emirates
FL02065,Kuwait City,Milan,2026-03-22 20:00,2026-03-23 00:58,118,Lufthansa
FL03346,Lisbon,Amsterdam,2026-04-17 10:00,2026-04-17 13:05,104,British Airways
FL02192,San Francisco,Budapest,2026-05-09 20:00,2026-05-10 07:53,154,American Airlines
FL03017,Goa,Casablanca,2026-06-14 13:00,2026-06-14 23:07,1,Turkish Airlines
FL02991,Dubai,Melbourne,2026-03-24 15:00,2026-03-25 05:31,73,British Airways
FL01847,Mumbai,Almaty,2026-05-04 07:00,2026-05-04 10:31,75,Air India
FL02483,Milan,Lagos,2026-05-06 10:00,2026-05-06 15:48,48,Air France
FL02938,Sydney,Barcelona,2026-02-21 14:00,2026-02-22 10:38,33,British Airways
FL02491,Milan,Oslo,2026-04-22 05:00,2026-04-22 07:31,170,Emirates
FL02879,Bangalore,Athens,2026-06-13 22:00,2026-06-14 05:37,72,Lufthansa
FL00591,Auckland,Kuwait City,2026-04-10 05:00,2026-04-10 23:14,97,British Airways
FL02059,São Paulo,Warsaw,2026-04-05 15:00,2026-04-06 04:10,164,LATAM Airlines
FL01515,Barcelona,Riyadh,2026-04-12 13:00,2026-04-12 18:36,54,Emirates
FL03445,Brisbane,Lahore,2026-05-27 22:00,2026-05-28 11:14,51,Emirates
FL00815,Warsaw,New Delhi,2026-06-26 00:00,2026-06-26 06:27,53,Singapore Airlines
FL00760,Manila,Yangon,2026-05-31 20:00,2026-06-01 00:04,19,Air India
FL03063,Doha,Beijing,2026-06-19 05:00,2026-06-19 12:50,170,Singapore Airlines
FL03586,Mumbai,Mexico City,2026-06-04 08:00,2026-06-05 03:09,160,Lufthansa
FL02134,Riyadh,Lahore,2026-04-11 22:00,2026-04-12 01:42,120,Lufthansa
FL04089,Sydney,Santiago,2026-01-10 19:00,2026-01-11 09:12,142,Qantas
FL00792,San Francisco,Auckland,2026-05-07 14:00,2026-05-08 02:37,168,Singapore Airlines
FL02931,Auckland,Zurich,2026-06-10 04:00,2026-06-11 01:55,94,Air France
FL04295,Nairobi,Guadalajara,2026-06-13 07:00,2026-06-14 01:51,7,Turkish Airlines
FL02820,Jakarta,Tokyo,2026-05-17 05:00,2026-05-17 12:34,107,Emirates
FL01661,Denver,Bangalore,2026-04-13 16:00,2026-04-14 09:23,99,Turkish Airlines
FL03499,Beijing,Helsinki,2026-04-20 04:00,2026-04-20 12:15,156,Japan Airlines
FL03023,Hyderabad,Riyadh,2026-04-29 11:00,2026-04-29 15:15,42,Singapore Airlines
FL01868,New York,Beijing,2026-06-20 15:00,2026-06-21 04:29,5,Turkish Airlines
FL03740,Zurich,Guangzhou,2026-06-16 14:00,2026-06-17 01:27,76,KLM
FL00041,Amsterdam,Yerevan,2026-03-02 05:00,2026-03-02 09:25,123,Turkish Airlines
FL01411,Milan,Yangon,2026-01-10 08:00,2026-01-10 18:35,180,Air India
FL02575,Frankfurt,Oslo,2026-06-26 18:00,2026-06-26 20:03,89,Singapore Airlines
FL00446,Montreal,Hong Kong,2026-04-19 12:00,2026-04-20 02:56,153,British Airways
FL00658,Munich,Shenzhen,2026-02-21 08:00,2026-02-21 19:26,51,British Airways
FL03987,Vienna,Jeddah,2026-01-18 11:00,2026-01-18 15:55,177,British Airways
FL03293,Vancouver,Lahore,2026-06-25 18:00,2026-06-26 07:14,162,Singapore Airlines
FL01801,Oslo,São Paulo,2026-01-26 22:00,2026-01-27 11:22,129,Emirates
FL00088,Perth,Cairo,2026-05-14 15:00,2026-05-15 04:58,70,Singapore Airlines
FL01845,New Delhi,New York,2026-05-30 13:00,2026-05-31 03:33,171,Emirates
FL01027,Bangkok,Vancouver,2026-04-17 14:00,2026-04-18 04:48,178,Thai Airways
FL02607,Milan,Dallas,2026-04-21 19:00,2026-04-22 05:19,16,Emirates
FL02139,Karachi,Dublin,2026-01-01 19:00,2026-01-02 03:36,101,Emirates
FL01822,Oslo,Warsaw,2026-04-19 19:00,2026-04-19 21:04,81,British Airways
FL02400,Chicago,Taipei,2026-02-22 22:00,2026-02-23 12:25,74,Delta
FL03929,Montreal,Baku,2026-05-17 08:00,2026-05-17 19:00,35,British Airways
FL02252,Bogotá,Bangalore,2026-05-27 17:00,2026-05-28 13:01,66,British Airways
FL04287,Baku,Brisbane,2026-05-27 11:00,2026-05-28 02:56,166,Emirates
FL03260,Brussels,Dallas,2026-04-10 17:00,2026-04-11 03:18,95,Delta
FL03518,Rio de Janeiro,Dallas,2026-04-27 01:00,2026-04-27 11:48,124,British Airways
FL01860,Kunming,Cairo,2026-05-16 19:00,2026-05-17 03:48,110,Cathay Pacific
FL00810,Guangzhou,Havana,2026-06-19 15:00,2026-06-20 08:52,138,Delta
FL03080,Muscat,Auckland,2026-04-26 11:00,2026-04-27 03:51,78,Lufthansa
FL04041,Tbilisi,Casablanca,2026-03-04 12:00,2026-03-04 17:57,176,British Airways
FL04010,Copenhagen,Addis Ababa,2026-06-06 08:00,2026-06-06 15:02,150,British Airways
FL00279,San Francisco,Lahore,2026-04-29 22:00,2026-04-30 12:52,46,Turkish Airlines
FL01016,Zhengzhou,Yerevan,2026-06-12 00:00,2026-06-12 07:53,169,Turkish Airlines
FL02429,Almaty,Dubai,2026-04-21 09:00,2026-04-21 12:40,117,Singapore Airlines
FL01265,Milan,Seoul,2026-02-27 22:00,2026-02-28 08:50,68,British Airways
FL02973,Goa,Brisbane,2026-06-19 14:00,2026-06-20 02:06,136,Singapore Airlines
FL01879,Istanbul,Nairobi,2026-06-10 21:00,2026-06-11 03:18,115,Lufthansa
FL00896,Lahore,Cairo,2026-05-22 16:00,2026-05-22 21:28,146,Turkish Airlines
FL02713,Hong Kong,Hyderabad,2026-02-09 01:00,2026-02-09 05:43,150,Emirates
FL03047,Dhaka,Lahore,2026-02-23 22:00,2026-02-24 00:54,180,British Airways
FL01348,Riyadh,Lagos,2026-03-22 11:00,2026-03-22 17:11,71,Ethiopian Airlines
FL04231,Atlanta,Dublin,2026-05-14 23:00,2026-05-15 06:47,155,American Airlines
FL02492,Colombo,Istanbul,2026-01-18 10:00,2026-01-18 18:11,155,British Airways
FL03914,Lisbon,Jeddah,2026-05-24 09:00,2026-05-24 15:35,53,Air France
FL04353,Jakarta,Mexico City,2026-03-05 12:00,2026-03-06 08:43,178,British Airways
FL02295,New York,São Paulo,2026-06-18 02:00,2026-06-18 11:49,103,British Airways
FL01862,London,Tokyo,2026-05-28 08:00,2026-05-28 19:42,136,Emirates
FL03076,Oslo,Copenhagen,2026-06-01 00:00,2026-06-01 01:10,33,Turkish Airlines
FL02122,Beijing,Madrid,2026-04-18 15:00,2026-04-19 02:19,165,Emirates
FL00214,Kaohsiung,Lisbon,2026-02-24 04:00,2026-02-24 18:09,57,Cathay Pacific
FL00996,Beijing,Brisbane,2026-05-24 16:00,2026-05-25 02:12,138,British Airways
FL04099,Stockholm,Kuwait City,2026-05-19 00:00,2026-05-19 05:08,82,Turkish Airlines
FL03800,Dublin,Johannesburg,2026-06-09 09:00,2026-06-09 20:43,20,Turkish Airlines
FL03345,Kolkata,Istanbul,2026-03-04 11:00,2026-03-04 18:42,10,Turkish Airlines
FL02039,Jeddah,Mumbai,2026-03-08 21:00,2026-03-09 01:37,100,Singapore Airlines
FL01713,Dublin,Brussels,2026-02-06 00:00,2026-02-06 01:51,6,Air France
FL99002,Paris,,2026-03-01 09:00,2026-03-01 13:00,10,Air France
FL02188,Jakarta,Dubai,2026-06-03 20:00,2026-06-04 04:14,130,Turkish Airlines
FL03256,London,Prague,2026-02-13 06:00,2026-02-13 08:05,71,Singapore Airlines
FL01271,Copenhagen,Baku,2026-06-02 08:00,2026-06-02 12:03,142,Emirates
FL04078,Munich,Vancouver,2026-02-13 02:00,2026-02-13 12:26,89,Emirates
FL03491,Santiago,Sydney,2026-01-10 09:00,2026-01-10 22:44,81,Emirates
FL03186,São Paulo,Baku,2026-05-03 10:00,2026-05-04 00:46,88,Lufthansa
FL04079,Mexico City,Copenhagen,2026-01-23 18:00,2026-01-24 06:00,45,Emirates
FL01987,Bangalore,Brussels,2026-06-16 11:00,2026-06-16 20:39,75,Lufthansa
FL01259,San Francisco,Lahore,2026-06-01 10:00,2026-06-02 01:07,50,Emirates
FL01556,Abu Dhabi,Brussels,2026-06-17 09:00,2026-06-17 15:52,43,Turkish Airlines
FL03561,Zurich,Dubai,2026-06-26 23:00,2026-06-27 04:59,0,Emirates
FL03691,Zurich,Santiago,2026-01-11 11:00,2026-01-12 02:02,9,Turkish Airlines
FL00170,New York,Buenos Aires,2026-04-29 20:00,2026-04-30 06:28,65,Delta
FL01548,Rio de Janeiro,Auckland,2026-02-07 08:00,2026-02-07 23:07,174,Turkish Airlines
FL03027,Mumbai,New York,2026-06-08 02:00,2026-06-08 17:22,171,Lufthansa
FL01531,Miami,Helsinki,2026-06-11 00:00,2026-06-11 10:05,125,Emirates
FL01065,Milan,Hong Kong,2026-06-17 20:00,2026-06-18 07:15,9,Lufthansa
FL04139,Casablanca,Warsaw,2026-06-13 04:00,2026-06-13 08:27,103,Emirates
FL03144,Montreal,Yerevan,2026-06-03 20:00,2026-06-04 07:04,52,Air Canada
FL04150,Seoul,Jeddah,2026-03-02 06:00,2026-03-02 16:42,155,Singapore Airlines
FL00841,Chengdu,Xi'an,2026-04-27 20:00,2026-04-27 21:32,144,Japan Airlines
FL03584,Colombo,Zhengzhou,2026-01-25 04:00,2026-01-25 09:55,52,Pakistan International
FL04152,Jakarta,Lahore,2026-04-30 01:00,2026-04-30 08:11,62,Lufthansa
FL00343,Athens,Sydney,2026-03-05 08:00,2026-03-06 02:40,57,British Airways
FL03878,Zurich,Warsaw,2026-01-15 23:00,2026-01-16 00:49,152,Lufthansa
FL02288,Melbourne,Mumbai,2026-01-08 00:00,2026-01-08 12:02,120,Emirates
FL01386,Miami,Santiago,2026-01-23 04:00,2026-01-23 12:18,104,LATAM Airlines
FL02455,Xi'an,Milan,2026-01-05 19:00,2026-01-06 05:22,106,British Airways
FL03307,Santiago,Chicago,2026-06-28 07:00,2026-06-28 18:04,128,British Airways
FL04482,Athens,Jeddah,2026-01-15 13:00,2026-01-15 16:28,159,Emirates
FL02261,Singapore,Kuwait City,2026-02-10 16:00,2026-02-11 00:44,22,Lufthansa
FL03129,Hyderabad,Seoul,2026-03-08 02:00,2026-03-08 08:56,108,Emirates
FL03353,Bogotá,Baku,2026-05-19 08:00,2026-05-19 22:56,99,Avianca
FL04020,Montreal,Mexico City,2026-06-23 03:00,2026-06-23 07:52,165,AeroMexico
FL00318,Seoul,Cairo,2026-04-26 07:00,2026-04-26 17:16,12,British Airways
FL02942,Buenos Aires,Manchester,2026-06-21 10:00,2026-06-21 23:31,126,Singapore Airlines
FL01179,Dubai,Rome,2026-04-21 01:00,2026-04-21 06:30,8,Lufthansa
FL01853,Dublin,Munich,2026-04-13 06:00,2026-04-13 07:55,108,Turkish Airlines
FL02917,Shenzhen,Oslo,2026-03-29 00:00,2026-03-29 10:40,37,Iberia
FL02896,Melbourne,Barcelona,2026-05-15 08:00,2026-05-16 04:15,10,Emirates
FL03931,Bangalore,Yangon,2026-01-03 10:00,2026-01-03 12:41,53,Air India
FL03989,Hong Kong,Warsaw,2026-05-02 22:00,2026-05-03 08:05,28,Emirates
FL00226,Atlanta,Toronto,2026-03-19 06:00,2026-03-19 08:13,65,Singapore Airlines
FL00125,Istanbul,Beijing,2026-05-27 09:00,2026-05-27 17:54,112,British Airways
FL01640,Madrid,Zhengzhou,2026-01-15 02:00,2026-01-15 13:59,141,Singapore Airlines
FL02697,New Delhi,Shanghai,2026-04-22 12:00,2026-04-22 17:54,39,Singapore Airlines
FL02402,Vienna,Chicago,2026-02-09 04:00,2026-02-09 13:36,159,Singapore Airlines
FL03508,Auckland,Perth,2026-06-26 15:00,2026-06-26 21:46,66,Singapore Airlines
FL01159,Milan,Muscat,2026-04-29 07:00,2026-04-29 13:12,0,Turkish Airlines
FL02113,Johannesburg,Munich,2026-02-15 09:00,2026-02-15 19:22,112,British Airways
FL04057,Lagos,Seoul,2026-03-05 08:00,2026-03-05 23:11,12,Korean Air
FL02915,Manchester,Bangkok,2026-06-18 17:00,2026-06-19 05:08,72,Emirates
FL04266,Stockholm,Havana,2026-01-09 11:00,2026-01-09 21:11,23,KLM
FL01227,Lagos,Stockholm,2026-06-19 17:00,2026-06-20 00:34,106,KLM
FL02881,Moscow,Jakarta,2026-06-06 11:00,2026-06-06 22:18,14,Cathay Pacific
FL01395,Kuwait City,Madrid,2026-03-04 17:00,2026-03-04 23:36,142,Singapore Airlines
FL02361,Johannesburg,Zhengzhou,2026-01-14 14:00,2026-01-15 03:56,127,Japan Airlines
FL02519,Tbilisi,Yangon,2026-04-02 10:00,2026-04-02 16:51,87,Air India
FL02358,Mumbai,Chennai,2026-03-05 17:00,2026-03-05 18:54,24,Lufthansa
FL02454,Rio de Janeiro,Munich,2026-06-12 10:00,2026-06-12 21:46,21,LATAM Airlines
FL01956,Dallas,Santiago,2026-05-20 06:00,2026-05-20 15:52,91,Turkish Airlines
FL04015,Doha,Stockholm,2026-02-18 00:00,2026-02-18 05:57,155,Turkish Airlines
FL03624,Shanghai,Atlanta,2026-03-05 12:00,2026-03-06 02:49,47,Emirates
FL03669,Jeddah,Copenhagen,2026-04-19 18:00,2026-04-19 23:32,95,British Airways
FL02950,Rome,Kunming,2026-05-18 05:00,2026-05-18 15:00,49,Air France
FL01635,New York,Taipei,2026-05-26 23:00,2026-05-27 14:12,163,American Airlines
FL01256,Auckland,Bangkok,2026-01-01 12:00,2026-01-01 23:38,78,British Airways
FL02420,Riyadh,New Delhi,2026-01-15 03:00,2026-01-15 07:20,104,Lufthansa
FL00459,San Francisco,Jeddah,2026-02-10 10:00,2026-02-11 02:07,118,British Airways
FL01514,Dublin,Istanbul,2026-03-25 10:00,2026-03-25 14:06,48,Lufthansa
FL04101,Lahore,Oslo,2026-06-03 06:00,2026-06-03 13:25,60,British Airways
FL03394,Karachi,Baku,2026-02-07 07:00,2026-02-07 10:41,118,Pakistan International
FL01010,Riyadh,Kuala Lumpur,2026-05-04 12:00,2026-05-04 19:48,53,Lufthansa
FL01925,Yerevan,São Paulo,2026-03-02 03:00,2026-03-02 17:43,44,Lufthansa
FL02466,Hong Kong,Zhengzhou,2026-03-02 02:00,2026-03-02 04:29,2,Lufthansa
FL00242,Auckland,Amsterdam,2026-06-07 19:00,2026-06-08 16:58,118,KLM
FL04323,Shanghai,Istanbul,2026-06-28 17:00,2026-06-29 03:02,62,Emirates
FL04241,Vancouver,Budapest,2026-01-31 14:00,2026-02-01 00:55,148,Emirates
FL02612,Budapest,Karachi,2026-01-24 22:00,2026-01-25 04:20,87,Singapore Airlines
FL00878,Shenzhen,Nairobi,2026-03-24 13:00,2026-03-24 23:59,28,Cathay Pacific
FL02860,Guangzhou,Budapest,2026-01-11 12:00,2026-01-11 22:21,161,Iberia
FL00791,Taipei,Zurich,2026-06-07 20:00,2026-06-08 07:50,152,Emirates
FL04430,Los Angeles,Bangkok,2026-05-19 00:00,2026-05-19 16:31,6,Singapore Airlines
FL00597,Kaohsiung,Manchester,2026-05-27 21:00,2026-05-28 09:40,37,Emirates
FL02512,Cairo,Prague,2026-03-12 06:00,2026-03-12 09:53,116,Singapore Airlines
FL02648,Santiago,Rome,2026-02-10 05:00,2026-02-10 19:24,149,Lufthansa
FL03700,Bangalore,Kuwait City,2026-04-27 04:00,2026-04-27 09:03,31,Singapore Airlines
FL03085,São Paulo,Frankfurt,2026-04-26 12:00,2026-04-26 23:59,23,British Airways
FL03656,Stockholm,Madrid,2026-05-24 11:00,2026-05-24 14:55,125,British Airways
FL00563,Chengdu,Los Angeles,2026-06-30 22:00,2026-07-01 12:07,145,Turkish Airlines
FL02052,Dubai,Beijing,2026-05-19 19:00,2026-05-20 02:48,24,Lufthansa
FL04342,Miami,Abu Dhabi,2026-04-07 03:00,2026-04-07 18:41,40,British Airways
FL02538,Mumbai,Prague,2026-04-11 19:00,2026-04-12 03:04,125,Singapore Airlines
FL00325,Chicago,Zurich,2026-01-14 18:00,2026-01-15 03:03,92,Singapore Airlines
FL01288,Jakarta,Kunming,2026-01-28 10:00,2026-01-28 14:28,20,Japan Airlines
FL02003,Frankfurt,Bangkok,2026-01-09 13:00,2026-01-09 23:51,42,Emirates
FL00676,Shenzhen,London,2026-01-03 20:00,2026-01-04 08:14,129,Singapore Airlines
FL03982,Mexico City,Rome,2026-05-17 02:00,2026-05-17 14:28,109,Emirates
FL01719,Melbourne,Nairobi,2026-03-31 03:00,2026-03-31 16:57,127,Qantas
FL04146,Tashkent,Tbilisi,2026-04-04 06:00,2026-04-04 08:42,81,Singapore Airlines
FL00167,Mumbai,Shanghai,2026-03-17 11:00,2026-03-17 17:29,37,Turkish Airlines
FL02043,Bangalore,Denver,2026-06-04 17:00,2026-06-05 09:51,5,United Airlines
FL03741,Los Angeles,Havana,2026-02-04 08:00,2026-02-04 13:18,177,American Airlines
FL03765,Athens,Santiago,2026-04-10 07:00,2026-04-10 22:04,5,Singapore Airlines
FL00474,Madrid,Guangzhou,2026-05-25 00:00,2026-05-25 13:03,56,British Airways
FL00163,Bangalore,Havana,2026-05-17 12:00,2026-05-18 07:08,160,Air India
FL00301,Mexico City,Seoul,2026-02-21 04:00,2026-02-21 18:39,126,Emirates
FL02887,Amsterdam,Santiago,2026-01-10 22:00,2026-01-11 12:55,75,LATAM Airlines
FL03165,Mumbai,Manila,2026-06-03 01:00,2026-06-03 07:34,1,Emirates
FL02963,Warsaw,Yerevan,2026-06-02 01:00,2026-06-02 04:17,136,Singapore Airlines
FL02841,New York,Xi'an,2026-06-21 18:00,2026-06-22 08:22,73,Lufthansa
FL02257,Seoul,Vancouver,2026-04-16 13:00,2026-04-16 23:11,124,Air Canada
FL01957,Stockholm,Goa,2026-03-19 11:00,2026-03-19 19:40,74,Air India
FL02842,Manchester,Dallas,2026-02-08 05:00,2026-02-08 14:36,73,Delta
FL00983,Paris,Kuala Lumpur,2026-03-13 00:00,2026-03-13 12:47,96,Lufthansa
FL00449,Perth,Guangzhou,2026-01-28 07:00,2026-01-28 14:59,90,Turkish Airlines
FL01130,Manchester,Perth,2026-01-06 09:00,2026-01-07 02:46,174,Lufthansa
FL03610,Vancouver,Seoul,2026-05-16 15:00,2026-05-17 01:01,164,Air Canada
FL04042,Chicago,Yangon,2026-04-01 07:00,2026-04-01 23:36,108,Singapore Airlines
FL01491,Kuala Lumpur,Shenzhen,2026-05-28 09:00,2026-05-28 12:42,128,Japan Airlines
FL01251,Barcelona,Kuala Lumpur,2026-04-23 20:00,2026-04-24 08:57,164,Singapore Airlines
FL04238,Amsterdam,Doha,2026-01-24 14:00,2026-01-24 20:26,38,British Airways
FL03826,Mexico City,Dhaka,2026-05-16 05:00,2026-05-16 23:32,5,Singapore Airlines
FL01015,Mumbai,Lisbon,2026-06-15 21:00,2026-06-16 06:43,55,Turkish Airlines
FL02406,Kunming,Beijing,2026-06-10 22:00,2026-06-11 01:00,178,Lufthansa
FL03441,Toronto,Dallas,2026-02-12 13:00,2026-02-12 15:53,123,British Airways
FL03916,Kuala Lumpur,Kunming,2026-04-20 04:00,2026-04-20 07:11,137,Emirates
FL02928,Los Angeles,Shanghai,2026-01-17 12:00,2026-01-18 00:53,156,Singapore Airlines
FL04434,Tashkent,Brisbane,2026-02-02 17:00,2026-02-03 06:48,21,Qantas
FL03905,Kuwait City,Oslo,2026-03-19 00:00,2026-03-19 05:44,126,Iberia
FL04308,Tbilisi,Denver,2026-04-08 06:00,2026-04-08 18:35,149,American Airlines
FL02217,Bangalore,Dublin,2026-01-18 08:00,2026-01-18 18:35,136,Air India
FL01054,Dhaka,Mexico City,2026-03-14 08:00,2026-03-15 02:09,6,AeroMexico
FL01045,Barcelona,Zhengzhou,2026-03-30 01:00,2026-03-30 12:25,29,Emirates
FL03832,Lima,Rome,2026-05-06 03:00,2026-05-06 16:24,124,LATAM Airlines
FL01487,Barcelona,Buenos Aires,2026-03-16 21:00,2026-03-17 09:58,116,Emirates
FL03509,Istanbul,Brisbane,2026-06-03 05:00,2026-06-03 23:19,12,Singapore Airlines
FL00765,Brussels,Bangalore,2026-01-30 15:00,2026-01-31 00:48,122,Turkish Airlines
FL03359,Vancouver,Tokyo,2026-04-23 13:00,2026-04-23 22:26,50,Lufthansa
FL02666,Abu Dhabi,Zurich,2026-02-12 16:00,2026-02-12 22:30,32,Emirates
FL03705,Mexico City,Almaty,2026-03-01 06:00,2026-03-01 21:52,121,Singapore Airlines
FL01793,Rio de Janeiro,Casablanca,2026-04-18 06:00,2026-04-18 15:00,116,Singapore Airlines
FL01760,Dallas,Miami,2026-04-28 08:00,2026-04-28 11:06,65,Lufthansa
FL02805,Muscat,Bangkok,2026-03-01 13:00,2026-03-01 19:17,52,Singapore Airlines
FL01099,Chengdu,Zhengzhou,2026-03-25 13:00,2026-03-25 14:36,173,Korean Air
FL03937,Almaty,Atlanta,2026-03-19 17:00,2026-03-20 06:50,10,United Airlines
FL01077,Seoul,Mexico City,2026-06-17 21:00,2026-06-18 11:52,173,Lufthansa
FL02181,Lisbon,Kuwait City,2026-05-17 12:00,2026-05-17 18:38,103,Lufthansa
FL01911,Madrid,Manchester,2026-06-29 17:00,2026-06-29 19:05,122,British Airways
FL03649,Oslo,Santiago,2026-03-29 01:00,2026-03-29 16:43,147,Singapore Airlines
FL02214,Cairo,Shenzhen,2026-01-31 20:00,2026-02-01 05:53,127,Ethiopian Airlines
FL01359,Rio de Janeiro,Goa,2026-05-27 21:00,2026-05-28 13:07,96,Singapore Airlines
FL03664,Miami,Tashkent,2026-02-25 20:00,2026-02-26 10:18,135,American Airlines
FL03091,Abu Dhabi,Cairo,2026-05-06 09:00,2026-05-06 12:11,102,Turkish Airlines
FL04226,Bangalore,Abu Dhabi,2026-03-13 19:00,2026-03-13 23:05,4,Singapore Airlines
FL00306,Denver,Stockholm,2026-05-09 01:00,2026-05-09 11:00,132,Turkish Airlines
FL01540,Addis Ababa,Prague,2026-03-14 12:00,2026-03-14 18:40,123,Emirates
FL01617,Bogotá,Addis Ababa,2026-01-12 16:00,2026-01-13 07:33,75,Lufthansa
FL03387,Warsaw,Mexico City,2026-01-27 21:00,2026-01-28 09:54,7,AeroMexico
FL01825,Xi'an,Vancouver,2026-05-16 11:00,2026-05-16 22:36,29,Turkish Airlines
FL02882,Addis Ababa,Shenzhen,2026-01-19 03:00,2026-01-19 13:25,163,Ethiopian Airlines
FL02662,Kuala Lumpur,Auckland,2026-06-05 01:00,2026-06-05 11:32,96,Turkish Airlines
FL01933,Kuwait City,Dallas,2026-03-29 05:00,2026-03-29 20:05,164,Lufthansa
FL01059,Cairo,Oslo,2026-06-27 21:00,2026-06-28 02:08,82,Singapore Airlines
FL01457,London,Perth,2026-03-13 04:00,2026-03-13 21:57,149,Singapore Airlines
FL04356,Kolkata,Lahore,2026-06-29 13:00,2026-06-29 15:20,162,Air India
FL01846,Manchester,Doha,2026-03-03 18:00,2026-03-04 00:58,125,British Airways
FL00017,Warsaw,New York,2026-03-09 04:00,2026-03-09 12:29,143,Singapore Airlines
FL03068,Goa,Manila,2026-01-17 23:00,2026-01-18 05:45,0,Turkish Airlines
FL03211,Shanghai,New Delhi,2026-03-22 15:00,2026-03-22 20:44,34,Singapore Airlines
FL02503,Xi'an,Almaty,2026-03-10 02:00,2026-03-10 05:59,49,Singapore Airlines
FL00259,Shenzhen,Nairobi,2026-04-25 07:00,2026-04-25 17:54,79,Ethiopian Airlines
FL04276,Yerevan,São Paulo,2026-04-19 23:00,2026-04-20 13:41,76,Emirates
FL02661,Cairo,Budapest,2026-03-04 14:00,2026-03-04 16:57,28,Air France
FL01156,Paris,Kunming,2026-04-07 02:00,2026-04-07 12:25,163,British Airways
FL02760,Cairo,Dhaka,2026-04-16 02:00,2026-04-16 09:50,93,Turkish Airlines
FL04013,Lahore,Dubai,2026-01-29 09:00,2026-01-29 11:51,144,Singapore Airlines
FL03750,Denver,Guangzhou,2026-04-22 09:00,2026-04-22 23:20,103,British Airways
FL00972,Denver,Melbourne,2026-05-25 15:00,2026-05-26 08:16,161,United Airlines
FL02961,Havana,Santiago,2026-04-14 18:00,2026-04-15 01:52,18,Singapore Airlines
FL02083,Cairo,Baku,2026-06-07 21:00,2026-06-08 00:19,53,Turkish Airlines
FL02424,Muscat,Kuwait City,2026-01-19 00:00,2026-01-19 02:09,121,Lufthansa
FL01206,Kuwait City,Dubai,2026-01-09 13:00,2026-01-09 14:54,30,Singapore Airlines
FL00491,Riyadh,Zhengzhou,2026-02-03 18:00,2026-02-04 02:28,87,Emirates
FL02692,Athens,Johannesburg,2026-03-26 16:00,2026-03-27 00:52,103,Emirates
FL02146,Beijing,Milan,2026-06-17 21:00,2026-06-18 07:04,13,Air France
FL03872,Budapest,Shenzhen,2026-01-14 13:00,2026-01-14 23:55,177,Emirates
FL02225,Munich,Frankfurt,2026-05-19 18:00,2026-05-19 19:00,124,British Airways
FL00478,Toronto,Oslo,2026-01-27 23:00,2026-01-28 06:52,63,British Airways
FL03413,Munich,Taipei,2026-01-10 03:00,2026-01-10 14:09,31,Turkish Airlines
FL01667,Copenhagen,Munich,2026-05-02 22:00,2026-05-02 23:47,26,Lufthansa
FL04187,Manila,Frankfurt,2026-02-03 03:00,2026-02-03 15:28,140,Lufthansa
FL00942,Rio de Janeiro,Munich,2026-02-22 02:00,2026-02-22 13:41,112,Singapore Airlines
FL01473,Beijing,Addis Ababa,2026-03-14 11:00,2026-03-14 21:38,103,Singapore Airlines
FL00250,Bangalore,Guangzhou,2026-05-30 21:00,2026-05-31 01:57,89,British Airways
FL04218,Bangkok,Cairo,2026-03-28 04:00,2026-03-28 13:13,28,Turkish Airlines
FL02600,Toronto,Frankfurt,2026-02-14 12:00,2026-02-14 20:07,160,Lufthansa
FL02012,Abu Dhabi,Chengdu,2026-05-11 13:00,2026-05-11 19:11,98,British Airways
FL04462,Kunming,Bangkok,2026-02-03 00:00,2026-02-03 01:59,104,Singapore Airlines
FL03862,Auckland,Yerevan,2026-02-28 15:00,2026-03-01 10:16,15,Turkish Airlines
FL00346,Manila,Vienna,2026-03-30 04:00,2026-03-30 16:03,73,Cathay Pacific
FL03838,Rio de Janeiro,Manila,2026-05-22 11:00,2026-05-23 09:12,66,British Airways
FL04196,Kolkata,Dallas,2026-02-21 22:00,2026-02-22 15:02,147,American Airlines
FL02686,Barcelona,Atlanta,2026-01-17 05:00,2026-01-17 14:33,67,United Airlines
FL01202,Paris,Lisbon,2026-06-23 00:00,2026-06-23 02:42,97,Singapore Airlines
FL02264,Miami,Vancouver,2026-05-28 10:00,2026-05-28 15:53,177,United Airlines
FL04022,Vancouver,Dublin,2026-01-24 10:00,2026-01-24 18:40,114,Emirates
FL00249,Taipei,Nairobi,2026-03-06 23:00,2026-03-07 11:03,154,Turkish Airlines
FL02403,Copenhagen,Lahore,2026-05-27 22:00,2026-05-28 05:16,160,British Airways
FL04181,Kunming,Rome,2026-06-15 18:00,2026-06-16 04:05,133,Turkish Airlines
FL01848,Guangzhou,Yangon,2026-05-23 07:00,2026-05-23 10:00,52,Cathay Pacific
FL02347,Casablanca,Yerevan,2026-05-24 17:00,2026-05-24 22:49,158,Lufthansa
FL03164,New Delhi,Bogotá,2026-04-16 22:00,2026-04-17 16:37,25,British Airways
FL00032,Dubai,Kunming,2026-05-22 07:00,2026-05-22 13:17,1,Emirates
FL01649,Lagos,Rome,2026-03-17 08:00,2026-03-17 13:07,161,KLM
FL03031,Vancouver,Zhengzhou,2026-02-17 00:00,2026-02-17 11:14,44,Turkish Airlines
FL00164,Yerevan,Rome,2026-05-19 01:00,2026-05-19 04:52,60,Singapore Airlines
FL03806,Xi'an,Baku,2026-04-02 05:00,2026-04-02 11:33,147,Turkish Airlines
FL01363,Jakarta,Havana,2026-05-15 12:00,2026-05-16 09:45,132,American Airlines
FL04120,Helsinki,Atlanta,2026-02-25 12:00,2026-02-25 21:46,12,American Airlines
FL01207,Helsinki,New Delhi,2026-04-07 14:00,2026-04-07 20:44,8,Turkish Airlines
FL00988,Amsterdam,Helsinki,2026-05-10 00:00,2026-05-10 02:38,128,Turkish Airlines
FL02822,São Paulo,Chennai,2026-02-12 08:00,2026-02-13 01:36,142,Lufthansa
FL03655,Melbourne,Yerevan,2026-06-21 19:00,2026-06-22 11:31,149,British Airways
FL00783,Zhengzhou,Lima,2026-03-08 17:00,2026-03-09 13:53,93,Singapore Airlines
FL01139,Singapore,Chicago,2026-03-23 18:00,2026-03-24 12:03,66,American Airlines
FL01658,Munich,Singapore,2026-02-18 09:00,2026-02-18 21:06,101,Singapore Airlines
FL00201,Istanbul,Warsaw,2026-05-09 07:00,2026-05-09 09:32,11,Lufthansa
FL01523,Manila,Manchester,2026-06-13 23:00,2026-06-14 12:04,150,Emirates
FL01484,Budapest,Istanbul,2026-03-26 18:00,2026-03-26 20:10,163,British Airways
FL03059,Singapore,Seoul,2026-04-08 12:00,2026-04-08 17:46,46,Emirates
FL00283,Vancouver,Bangalore,2026-03-11 03:00,2026-03-11 18:53,111,Singapore Airlines
FL01856,Los Angeles,Athens,2026-06-19 16:00,2026-06-20 05:40,67,Emirates
FL02205,Muscat,Yangon,2026-03-16 09:00,2026-03-16 14:40,40,Singapore Airlines
FL01628,Havana,Riyadh,2026-04-15 02:00,2026-04-15 17:02,22,American Airlines
FL02267,Guadalajara,Mumbai,2026-05-17 14:00,2026-05-18 09:04,51,Air India
FL02603,Brisbane,Yangon,2026-02-27 08:00,2026-02-27 17:48,110,Emirates
FL03766,Chengdu,Dublin,2026-03-12 21:00,2026-03-13 07:26,111,Cathay Pacific
FL00422,Kuala Lumpur,Kaohsiung,2026-03-03 18:00,2026-03-03 22:23,99,Lufthansa
FL00152,Hong Kong,Lisbon,2026-03-16 16:00,2026-03-17 05:43,106,British Airways
FL01650,Toronto,New Delhi,2026-06-14 16:00,2026-06-15 06:33,9,Singapore Airlines
FL01898,Dublin,Jakarta,2026-02-02 19:00,2026-02-03 09:50,144,Air France
FL01257,Kaohsiung,Guangzhou,2026-01-29 05:00,2026-01-29 06:17,166,Turkish Airlines
FL03313,Nairobi,Istanbul,2026-04-28 17:00,2026-04-28 23:05,149,Emirates
FL00872,Kuwait City,Dhaka,2026-03-24 23:00,2026-03-25 04:35,153,Air India
FL03259,Kuala Lumpur,Kolkata,2026-03-09 22:00,2026-03-10 01:41,23,Turkish Airlines
FL02413,Guangzhou,Kolkata,2026-01-18 07:00,2026-01-18 10:34,94,Singapore Airlines
FL00907,Denver,Dhaka,2026-01-22 15:00,2026-01-23 06:41,12,United Airlines
FL02717,Chengdu,Lagos,2026-02-23 15:00,2026-02-24 04:15,93,Turkish Airlines
FL03045,Sydney,San Francisco,2026-01-10 01:00,2026-01-10 15:30,141,United Airlines
FL01088,Rome,Guangzhou,2026-01-02 00:00,2026-01-02 11:09,22,Lufthansa
FL02048,Dubai,Yerevan,2026-05-15 03:00,2026-05-15 05:54,124,Emirates
FL01537,Stockholm,Copenhagen,2026-05-10 19:00,2026-05-10 20:26,39,Lufthansa
FL03110,Oslo,Miami,2026-02-23 23:00,2026-02-24 08:43,131,Singapore Airlines
FL01747,Buenos Aires,Cairo,2026-01-22 18:00,2026-01-23 08:37,144,British Airways
FL00276,Perth,Taipei,2026-04-06 08:00,2026-04-06 16:17,91,Emirates
FL02701,Guangzhou,Istanbul,2026-01-22 02:00,2026-01-22 12:07,2,Turkish Airlines
FL00726,Dallas,Tbilisi,2026-06-25 04:00,2026-06-25 17:02,84,Delta
FL01550,Singapore,Amsterdam,2026-06-14 22:00,2026-06-15 11:18,101,Lufthansa
FL00675,Athens,Dhaka,2026-06-19 21:00,2026-06-20 05:15,38,Lufthansa
FL04103,Prague,Lagos,2026-03-09 00:00,2026-03-09 06:26,129,Emirates
FL00193,Shanghai,Vienna,2026-03-12 06:00,2026-03-12 16:58,116,Cathay Pacific
FL00073,Yangon,Stockholm,2026-01-18 21:00,2026-01-19 07:02,159,Singapore Airlines
FL02793,Auckland,Rome,2026-04-09 07:00,2026-04-10 05:40,141,Qantas
FL00532,Yerevan,Bogotá,2026-02-08 00:00,2026-02-08 15:05,6,Turkish Airlines
FL03327,Sydney,Stockholm,2026-06-29 05:00,2026-06-29 23:40,155,Qantas
FL02140,Auckland,São Paulo,2026-02-05 15:00,2026-02-06 05:32,54,LATAM Airlines
FL02574,New Delhi,Colombo,2026-01-08 08:00,2026-01-08 11:35,98,Lufthansa
FL03812,Doha,Dubai,2026-04-14 12:00,2026-04-14 13:00,4,British Airways
FL01035,Doha,Beijing,2026-05-01 14:00,2026-05-01 21:53,120,Korean Air
FL03055,Atlanta,Zhengzhou,2026-04-17 15:00,2026-04-18 05:39,175,Lufthansa
FL01030,Milan,Almaty,2026-03-02 22:00,2026-03-03 04:48,105,Iberia
FL01300,Prague,Havana,2026-02-27 20:00,2026-02-28 06:47,39,Iberia
FL00171,Prague,Nairobi,2026-06-23 17:00,2026-06-24 00:33,113,Iberia
FL04467,Miami,Hong Kong,2026-01-12 13:00,2026-01-13 06:19,149,Delta
FL03192,Almaty,New York,2026-02-20 02:00,2026-02-20 14:21,49,Turkish Airlines
FL01187,Kolkata,Chengdu,2026-02-17 14:00,2026-02-17 16:50,27,Turkish Airlines
FL03065,Dubai,Muscat,2026-06-24 12:00,2026-06-24 13:07,35,British Airways
FL04134,Dhaka,Perth,2026-03-31 16:00,2026-04-01 00:22,72,British Airways
FL03813,Frankfurt,Istanbul,2026-01-12 05:00,2026-01-12 07:28,94,British Airways
FL01244,Cairo,Helsinki,2026-04-15 08:00,2026-04-15 12:53,14,Ethiopian Airlines
FL03414,Moscow,Frankfurt,2026-04-01 20:00,2026-04-01 23:15,141,Turkish Airlines
FL01995,Bogotá,Jakarta,2026-03-01 14:00,2026-03-02 13:49,29,Singapore Airlines
FL01877,Colombo,Lisbon,2026-01-08 07:00,2026-01-08 18:46,178,Iberia
FL00540,Kolkata,Baku,2026-03-25 10:00,2026-03-25 15:24,59,Emirates
FL00978,Karachi,Vienna,2026-05-26 19:00,2026-05-27 01:57,44,Turkish Airlines
FL02085,New York,San Francisco,2026-05-02 00:00,2026-05-02 05:22,13,Turkish Airlines
FL00735,Beijing,Jeddah,2026-05-23 04:00,2026-05-23 13:05,1,Japan Airlines
FL00858,Manila,Beijing,2026-02-01 22:00,2026-02-02 01:49,113,British Airways
FL02889,Karachi,Buenos Aires,2026-05-07 12:00,2026-05-08 05:53,11,Pakistan International
FL03860,Istanbul,Los Angeles,2026-04-28 06:00,2026-04-28 19:14,128,Lufthansa
FL02654,London,Zhengzhou,2026-06-17 23:00,2026-06-18 09:23,140,Singapore Airlines
FL03053,Tashkent,Chengdu,2026-03-31 21:00,2026-04-01 01:09,77,British Airways
FL00059,Riyadh,Hyderabad,2026-04-20 17:00,2026-04-20 21:14,19,Air India
FL99009,Cairo,Nairobi,2026-03-06 08:00,2026-03-06 12:00,20,
FL00590,Addis Ababa,Vienna,2026-05-01 15:00,2026-05-01 21:35,67,Emirates
FL02182,Tbilisi,Prague,2026-03-15 14:00,2026-03-15 17:20,45,KLM
FL00779,Frankfurt,Oslo,2026-02-04 08:00,2026-02-04 09:56,59,Emirates
FL01939,Dallas,Kuwait City,2026-05-28 07:00,2026-05-28 22:13,156,Singapore Airlines
FL02093,Jakarta,San Francisco,2026-01-03 06:00,2026-01-03 23:00,134,British Airways
FL01057,Montreal,Auckland,2026-05-25 05:00,2026-05-25 22:50,178,Turkish Airlines
FL04090,Colombo,Manchester,2026-01-01 11:00,2026-01-01 21:55,20,Emirates
FL02908,New York,Karachi,2026-05-25 03:00,2026-05-25 17:12,128,Pakistan International
FL03504,Denver,Riyadh,2026-03-17 14:00,2026-03-18 04:40,148,Delta
FL99007,Amsterdam,Frankfurt,2026-03-04 08:00,2026-03-04 09:30,unknown,KLM
FL01316,Amsterdam,Addis Ababa,2026-04-29 04:00,2026-04-29 11:19,5,Emirates
FL01049,Havana,Chicago,2026-01-25 17:00,2026-01-25 20:16,110,Singapore Airlines
FL04039,Miami,Jeddah,2026-03-10 18:00,2026-03-11 08:15,180,Delta
FL00679,Guangzhou,Prague,2026-04-24 18:00,2026-04-25 04:45,127,Korean Air
FL02275,Seoul,Amsterdam,2026-02-14 16:00,2026-02-15 02:59,132,Emirates
FL02764,Miami,Zhengzhou,2026-02-24 18:00,2026-02-25 10:18,59,Delta
FL00382,Guadalajara,Tashkent,2026-05-20 13:00,2026-05-21 05:03,58,Turkish Airlines
FL00686,Perth,Casablanca,2026-05-21 16:00,2026-05-22 09:56,27,Emirates
FL04328,Denver,Karachi,2026-04-27 01:00,2026-04-27 16:34,140,Delta
FL03984,Mexico City,Prague,2026-05-10 16:00,2026-05-11 04:06,54,Singapore Airlines
FL03438,Bangkok,Almaty,2026-06-19 02:00,2026-06-19 07:04,18,Turkish Airlines
FL02644,Manila,Xi'an,2026-05-01 00:00,2026-05-01 03:44,144,British Airways
FL03711,Bangkok,Atlanta,2026-03-10 08:00,2026-03-11 01:37,14,United Airlines
FL00251,Vancouver,Chennai,2026-06-19 12:00,2026-06-20 03:19,21,British Airways
FL04388,Kuwait City,Tokyo,2026-01-19 19:00,2026-01-20 05:29,63,British Airways
FL02233,Yerevan,Oslo,2026-06-22 09:00,2026-06-22 13:04,113,Iberia
FL03268,Hyderabad,Mumbai,2026-06-28 09:00,2026-06-28 10:09,165,Turkish Airlines
FL00521,Los Angeles,Karachi,2026-04-20 08:00,2026-04-21 00:27,67,Emirates
FL03880,Chengdu,Hyderabad,2026-01-08 07:00,2026-01-08 11:22,134,British Airways
FL03818,Istanbul,Xi'an,2026-04-25 17:00,2026-04-26 01:53,159,Lufthansa
FL01011,Lahore,Chengdu,2026-04-21 13:00,2026-04-21 16:58,87,Singapore Airlines
FL02447,Brussels,Seoul,2026-05-17 19:00,2026-05-18 05:46,143,Korean Air
FL01864,Frankfurt,São Paulo,2026-06-27 08:00,2026-06-27 20:08,43,Turkish Airlines
FL02545,Perth,Tbilisi,2026-06-24 00:00,2026-06-24 13:46,121,Turkish Airlines
FL01803,Mumbai,Barcelona,2026-01-24 02:00,2026-01-24 10:32,2,Lufthansa
FL02501,Rome,Kaohsiung,2026-05-01 00:00,2026-05-01 11:56,24,Iberia
FL03718,New York,Sydney,2026-03-16 00:00,2026-03-16 19:17,177,British Airways
FL01837,Goa,Lagos,2026-03-12 10:00,2026-03-12 19:54,102,Emirates
FL00096,Goa,Madrid,2026-04-30 04:00,2026-04-30 14:13,136,Emirates
FL02579,Mumbai,Addis Ababa,2026-05-22 22:00,2026-05-23 03:24,55,Ethiopian Airlines
FL00299,Chennai,Paris,2026-05-21 17:00,2026-05-22 02:54,76,Air India
FL00324,Istanbul,Stockholm,2026-02-04 08:00,2026-02-04 11:21,103,British Airways
FL00413,San Francisco,Istanbul,2026-01-25 16:00,2026-01-26 05:01,49,Singapore Airlines
FL03467,Zhengzhou,Helsinki,2026-03-14 07:00,2026-03-14 15:31,69,Iberia
FL03714,Hyderabad,Shenzhen,2026-03-21 03:00,2026-03-21 08:21,36,Turkish Airlines
FL03889,Zurich,Kaohsiung,2026-05-21 00:00,2026-05-21 11:42,68,British Airways
FL02978,London,Chennai,2026-03-10 00:00,2026-03-10 10:26,92,Singapore Airlines
FL01129,Madrid,Nairobi,2026-01-29 22:00,2026-01-30 05:39,38,Turkish Airlines
FL04023,Singapore,Athens,2026-01-14 19:00,2026-01-15 06:37,105,British Airways
FL03372,Guangzhou,Hyderabad,2026-04-04 21:00,2026-04-05 01:59,103,Emirates
FL03078,Havana,Brisbane,2026-06-14 00:00,2026-06-14 17:25,73,Emirates
FL02508,Bogotá,Taipei,2026-04-19 22:00,2026-04-20 18:03,2,LATAM Airlines
FL01557,Jakarta,Miami,2026-06-30 04:00,2026-07-01 01:13,46,Emirates
FL01298,Johannesburg,Kaohsiung,2026-06-03 13:00,2026-06-04 02:35,108,Korean Air
FL02071,Johannesburg,Abu Dhabi,2026-03-24 19:00,2026-03-25 03:19,144,Turkish Airlines
FL01356,London,Yerevan,2026-06-16 03:00,2026-06-16 07:51,146,Emirates
FL00285,Jakarta,Abu Dhabi,2026-03-10 02:00,2026-03-10 10:31,20,Singapore Airlines
FL00472,Rome,Bangkok,2026-02-19 12:00,2026-02-19 23:24,129,Lufthansa
FL01578,Rio de Janeiro,Budapest,2026-06-21 03:00,2026-06-21 15:30,136,Lufthansa
FL03585,Shenzhen,Lisbon,2026-06-01 18:00,2026-06-02 07:49,41,Singapore Airlines
FL00023,Kuala Lumpur,Prague,2026-01-01 23:00,2026-01-02 11:11,67,KLM
FL04494,Santiago,Istanbul,2026-05-06 21:00,2026-05-07 13:04,174,British Airways
FL01528,Brussels,Vancouver,2026-03-15 00:00,2026-03-15 09:37,84,British Airways
FL00177,Lima,Havana,2026-06-18 21:00,2026-06-19 02:30,160,Emirates
FL01941,Budapest,Santiago,2026-06-17 00:00,2026-06-17 15:10,107,LATAM Airlines
FL02825,Shenzhen,Stockholm,2026-03-13 10:00,2026-03-13 20:03,54,Emirates
FL01910,Perth,Dubai,2026-02-17 04:00,2026-02-17 15:30,168,Turkish Airlines
FL00555,Riyadh,Athens,2026-01-16 02:00,2026-01-16 05:30,35,KLM
FL02687,Paris,São Paulo,2026-04-30 05:00,2026-04-30 17:00,126,Emirates
FL03926,Budapest,New Delhi,2026-02-08 21:00,2026-02-09 04:10,161,Singapore Airlines
FL01084,Havana,Kaohsiung,2026-05-20 04:00,2026-05-20 21:24,54,Delta
FL04219,Yangon,Moscow,2026-06-06 08:00,2026-06-06 16:19,76,Singapore Airlines
FL00300,Kuala Lumpur,Goa,2026-06-29 20:00,2026-06-30 00:20,92,Lufthansa
FL00782,Lahore,New Delhi,2026-04-15 11:00,2026-04-15 12:00,109,Lufthansa
FL02340,Santiago,Kuala Lumpur,2026-02-23 17:00,2026-02-24 13:15,140,Lufthansa
FL01267,Nairobi,Almaty,2026-06-23 06:00,2026-06-23 14:03,104,Turkish Airlines
FL00781,Kaohsiung,Manchester,2026-01-31 16:00,2026-02-01 03:56,167,Turkish Airlines
FL01332,Paris,Dhaka,2026-04-21 03:00,2026-04-21 12:59,30,Singapore Airlines
FL03228,Tbilisi,Vienna,2026-02-16 00:00,2026-02-16 03:16,71,Iberia
FL00824,Frankfurt,Kolkata,2026-02-11 01:00,2026-02-11 10:06,65,Singapore Airlines
FL01789,Kuwait City,Oslo,2026-04-08 09:00,2026-04-08 15:03,176,KLM
FL02631,Kaohsiung,Yerevan,2026-03-10 17:00,2026-03-11 02:02,60,Turkish Airlines
FL01023,Manila,Zurich,2026-04-08 13:00,2026-04-09 01:55,169,British Airways
FL01297,Jakarta,Manchester,2026-02-21 15:00,2026-02-22 05:28,99,Singapore Airlines
FL01691,Lisbon,Hyderabad,2026-05-15 08:00,2026-05-15 18:36,56,British Airways
FL02332,Manchester,Guadalajara,2026-04-08 01:00,2026-04-08 12:09,151,Lufthansa
FL02072,New York,Lagos,2026-05-14 21:00,2026-05-15 07:20,157,American Airlines
FL00258,Goa,Stockholm,2026-01-12 13:00,2026-01-12 21:21,60,Singapore Airlines
FL04302,Dallas,Toronto,2026-04-23 13:00,2026-04-23 15:56,107,Lufthansa
FL02354,Shenzhen,Athens,2026-04-23 13:00,2026-04-23 23:38,145,Turkish Airlines
FL01636,Chennai,Bogotá,2026-06-23 19:00,2026-06-24 15:02,117,LATAM Airlines
FL03569,Toronto,Rome,2026-04-15 23:00,2026-04-16 07:38,86,Air Canada
FL00829,Guangzhou,Taipei,2026-06-07 09:00,2026-06-07 10:34,37,Turkish Airlines
FL00253,Almaty,Havana,2026-05-15 02:00,2026-05-15 17:15,108,Air Canada
FL01516,Colombo,Mumbai,2026-02-14 00:00,2026-02-14 02:20,80,Emirates
FL00275,Kuwait City,Lisbon,2026-05-10 17:00,2026-05-10 23:28,120,Emirates
FL03206,Lahore,Paris,2026-05-02 19:00,2026-05-03 02:57,115,Singapore Airlines
FL01361,Yangon,Prague,2026-01-26 04:00,2026-01-26 14:11,105,British Airways
FL00328,Tbilisi,New York,2026-02-20 19:00,2026-02-21 06:11,128,Delta
FL00272,Dubai,Perth,2026-05-12 18:00,2026-05-13 05:04,36,British Airways
FL02408,Kuala Lumpur,Milan,2026-01-18 05:00,2026-01-18 17:26,42,Air France
FL04326,Beijing,Milan,2026-05-21 02:00,2026-05-21 12:10,24,Emirates
FL02834,Stockholm,Dallas,2026-04-19 23:00,2026-04-20 09:17,20,American Airlines
FL03870,Karachi,Barcelona,2026-05-21 12:00,2026-05-21 19:52,177,Turkish Airlines
FL02204,Yerevan,Bangkok,2026-02-07 16:00,2026-02-07 23:44,56,British Airways
FL01679,Jakarta,Buenos Aires,2026-06-16 08:00,2026-06-17 02:17,98,Emirates
FL03731,Chennai,Cairo,2026-04-15 03:00,2026-04-15 10:17,28,Lufthansa
FL00192,Buenos Aires,Jakarta,2026-01-26 21:00,2026-01-27 15:24,165,LATAM Airlines
FL01262,Prague,Munich,2026-03-09 22:00,2026-03-09 23:12,12,Singapore Airlines
FL01414,Havana,Xi'an,2026-05-25 05:00,2026-05-25 21:12,32,Air Canada
FL02366,Toronto,Rio de Janeiro,2026-04-26 09:00,2026-04-26 19:23,172,LATAM Airlines
FL01313,Moscow,Lagos,2026-01-23 04:00,2026-01-23 11:42,48,British Airways
FL03950,Auckland,Beijing,2026-01-24 05:00,2026-01-24 18:06,62,Singapore Airlines
FL01533,San Francisco,Kunming,2026-05-21 06:00,2026-05-21 20:03,20,United Airlines
FL02325,Chennai,Lahore,2026-05-05 09:00,2026-05-05 11:56,26,Emirates
FL04212,Helsinki,Dubai,2026-03-04 13:00,2026-03-04 18:44,159,British Airways
FL02312,Havana,Madrid,2026-06-12 20:00,2026-06-13 05:40,57,Lufthansa
FL00047,Vienna,Seoul,2026-05-26 07:00,2026-05-26 17:23,10,Korean Air
FL01827,Jakarta,Manila,2026-02-07 10:00,2026-02-07 13:37,81,Thai Airways
FL01503,Singapore,Hyderabad,2026-02-04 10:00,2026-02-04 14:38,118,Singapore Airlines
FL02431,Barcelona,Zurich,2026-04-18 13:00,2026-04-18 14:36,115,Singapore Airlines
FL01833,Seoul,Denver,2026-04-26 05:00,2026-04-26 17:25,151,Korean Air
FL03311,Mumbai,Beijing,2026-02-25 05:00,2026-02-25 11:19,2,Emirates
FL00629,Montreal,New Delhi,2026-06-24 04:00,2026-06-24 18:03,167,Singapore Airlines
FL03808,Seoul,Frankfurt,2026-06-21 22:00,2026-06-22 08:45,50,Korean Air
FL01890,Colombo,Bogotá,2026-06-23 20:00,2026-06-24 16:21,102,Emirates
FL00313,Brisbane,Kuwait City,2026-03-16 20:00,2026-03-17 12:02,123,Turkish Airlines
FL00699,Chennai,Singapore,2026-04-01 17:00,2026-04-01 21:03,146,Air India
FL00547,Baku,Riyadh,2026-03-05 03:00,2026-03-05 05:39,35,Emirates
FL02000,New Delhi,Seoul,2026-01-21 13:00,2026-01-21 19:02,37,Korean Air
FL03824,Zhengzhou,Vancouver,2026-03-14 20:00,2026-03-15 07:21,134,British Airways
FL02213,Rio de Janeiro,Paris,2026-03-29 07:00,2026-03-29 18:17,57,Turkish Airlines
FL03682,Yangon,Auckland,2026-03-16 14:00,2026-03-17 02:42,22,Lufthansa
FL00202,Lagos,Prague,2026-06-14 00:00,2026-06-14 06:06,122,KLM
FL02790,Yerevan,Abu Dhabi,2026-01-17 18:00,2026-01-17 20:56,77,Turkish Airlines
FL01224,Kaohsiung,Vienna,2026-02-27 19:00,2026-02-28 06:32,23,Japan Airlines
FL04169,Denver,Lisbon,2026-04-26 14:00,2026-04-26 23:44,52,Emirates
FL04083,Helsinki,Nairobi,2026-05-21 19:00,2026-05-22 03:24,69,Ethiopian Airlines
FL02898,Sydney,Dhaka,2026-03-18 07:00,2026-03-18 18:17,170,Lufthansa
FL01840,Los Angeles,São Paulo,2026-01-13 00:00,2026-01-13 12:01,82,American Airlines
FL00246,Chennai,Stockholm,2026-04-23 16:00,2026-04-24 01:08,40,British Airways
FL02846,Abu Dhabi,Hong Kong,2026-04-14 12:00,2026-04-14 19:44,60,British Airways
FL00667,Vienna,Zurich,2026-04-27 08:00,2026-04-27 09:35,176,Lufthansa
FL00626,Havana,Istanbul,2026-05-04 02:00,2026-05-04 14:13,70,British Airways
FL02525,Tbilisi,Perth,2026-06-21 12:00,2026-06-22 01:07,74,Singapore Airlines
FL02792,Kuala Lumpur,Rome,2026-02-26 14:00,2026-02-27 02:24,4,Turkish Airlines
FL03255,Brisbane,Vienna,2026-02-26 22:00,2026-02-27 17:19,104,British Airways
FL02162,Sydney,Zhengzhou,2026-03-08 09:00,2026-03-08 19:46,138,Turkish Airlines
FL03519,Lahore,Tokyo,2026-06-11 07:00,2026-06-11 14:42,90,Emirates
FL02138,Los Angeles,São Paulo,2026-06-05 05:00,2026-06-05 17:29,94,Singapore Airlines
FL00834,Denver,Almaty,2026-03-02 21:00,2026-03-03 10:05,179,Emirates
FL00936,Lagos,Helsinki,2026-06-13 23:00,2026-06-14 06:48,48,British Airways
FL03530,Havana,Helsinki,2026-05-08 08:00,2026-05-08 18:57,46,American Airlines
FL00641,New Delhi,Auckland,2026-01-15 00:00,2026-01-15 15:17,53,Turkish Airlines
FL01573,Xi'an,Sydney,2026-02-06 16:00,2026-02-07 03:15,129,Emirates
FL01360,Almaty,Bogotá,2026-01-27 10:00,2026-01-28 03:02,49,Lufthansa
FL00621,Budapest,Denver,2026-06-15 05:00,2026-06-15 16:06,2,British Airways
FL01125,Jakarta,Dhaka,2026-04-26 15:00,2026-04-26 20:03,31,Lufthansa
FL01940,Vienna,Brisbane,2026-01-15 17:00,2026-01-16 12:10,28,Lufthansa
FL02482,Muscat,Santiago,2026-03-23 14:00,2026-03-24 08:07,122,LATAM Airlines
FL00835,Barcelona,Madrid,2026-04-12 03:00,2026-04-12 04:00,121,Iberia
FL02323,Baku,Shenzhen,2026-04-27 04:00,2026-04-27 11:37,87,Singapore Airlines
FL02742,Yerevan,Nairobi,2026-03-21 17:00,2026-03-21 23:15,163,Emirates
FL03450,Nairobi,Rome,2026-01-02 22:00,2026-01-03 04:38,35,KLM
FL02730,Chengdu,Perth,2026-01-17 15:00,2026-01-18 00:11,106,Singapore Airlines
FL02353,Stockholm,Vancouver,2026-02-25 04:00,2026-02-25 12:58,62,Emirates
FL02677,Frankfurt,Hong Kong,2026-05-24 08:00,2026-05-24 19:03,130,Cathay Pacific
FL03490,Auckland,Rio de Janeiro,2026-05-05 14:00,2026-05-06 05:20,16,British Airways
FL03261,Athens,Paris,2026-01-16 11:00,2026-01-16 14:26,164,Lufthansa
FL03917,Dhaka,Kaohsiung,2026-05-18 20:00,2026-05-19 00:01,32,Pakistan International
FL02585,Athens,Milan,2026-03-05 00:00,2026-03-05 02:19,167,Turkish Airlines
FL00022,Doha,Yerevan,2026-03-10 20:00,2026-03-10 22:36,75,Singapore Airlines
FL00608,Jakarta,Dubai,2026-03-28 09:00,2026-03-28 17:11,125,Emirates
FL01878,Yangon,Barcelona,2026-01-23 06:00,2026-01-23 17:39,96,Lufthansa
FL01656,Copenhagen,Miami,2026-05-18 08:00,2026-05-18 17:33,112,Lufthansa
FL03932,Bangkok,Frankfurt,2026-05-29 20:00,2026-05-30 06:54,60,Lufthansa
FL02673,Bogotá,New York,2026-06-13 03:00,2026-06-13 08:10,13,British Airways
FL00080,Amsterdam,Yerevan,2026-03-02 21:00,2026-03-03 01:20,50,Turkish Airlines
FL03349,Zhengzhou,Frankfurt,2026-06-06 17:00,2026-06-07 02:56,18,Emirates
FL00657,Dublin,Tashkent,2026-06-08 03:00,2026-06-08 10:01,27,Lufthansa
FL03686,Miami,Prague,2026-01-08 05:00,2026-01-08 15:14,107,United Airlines
FL04298,Helsinki,Prague,2026-02-01 19:00,2026-02-01 21:21,106,KLM
FL04314,Riyadh,Vienna,2026-05-04 04:00,2026-05-04 08:42,137,Air France
FL02404,Barcelona,Montreal,2026-03-11 13:00,2026-03-11 20:43,106,Air Canada
FL02649,Manchester,Xi'an,2026-05-16 06:00,2026-05-16 16:33,97,British Airways
FL02925,Tbilisi,Mexico City,2026-01-01 00:00,2026-01-01 15:11,131,Singapore Airlines
FL00681,Zurich,Tokyo,2026-05-23 17:00,2026-05-24 04:31,23,Japan Airlines
FL03596,Santiago,Lagos,2026-03-22 00:00,2026-03-22 11:22,42,Lufthansa
FL02338,Tashkent,Warsaw,2026-03-06 11:00,2026-03-06 16:19,88,Iberia
FL03817,Taipei,London,2026-01-15 06:00,2026-01-15 17:52,178,Turkish Airlines
FL01885,Nairobi,Paris,2026-03-17 00:00,2026-03-17 08:13,55,British Airways
FL02740,Frankfurt,Bangkok,2026-03-08 05:00,2026-03-08 16:19,171,British Airways
FL02343,Addis Ababa,Frankfurt,2026-01-24 20:00,2026-01-25 02:50,159,Singapore Airlines
FL00606,Cairo,Zurich,2026-02-06 19:00,2026-02-06 22:56,177,KLM
FL03405,Auckland,Miami,2026-05-28 23:00,2026-05-29 14:58,124,British Airways
FL02599,Bogotá,Rome,2026-02-24 06:00,2026-02-24 17:45,122,Avianca
FL00605,Taipei,Montreal,2026-05-05 18:00,2026-05-06 08:51,9,Turkish Airlines
FL00396,Johannesburg,Taipei,2026-06-22 19:00,2026-06-23 09:12,18,British Airways
FL02859,Goa,Tashkent,2026-05-16 13:00,2026-05-16 16:50,79,British Airways
FL00317,Denver,Manila,2026-05-12 17:00,2026-05-13 07:51,61,Lufthansa
FL02756,Chengdu,Bangkok,2026-05-02 15:00,2026-05-02 17:54,141,Lufthansa
FL02355,Zurich,Miami,2026-05-13 18:00,2026-05-14 03:46,147,United Airlines
FL04088,Madrid,Kuwait City,2026-06-01 11:00,2026-06-01 16:57,90,Singapore Airlines
FL03266,Chengdu,New Delhi,2026-06-24 00:00,2026-06-24 03:18,123,British Airways
FL01989,Istanbul,Shenzhen,2026-02-24 10:00,2026-02-24 20:00,130,Lufthansa
FL01996,Buenos Aires,Helsinki,2026-04-15 11:00,2026-04-16 02:34,143,Singapore Airlines
FL01748,Chicago,Shanghai,2026-03-22 02:00,2026-03-22 16:17,2,American Airlines
FL00107,Kunming,Seoul,2026-05-25 01:00,2026-05-25 04:34,109,Lufthansa
FL03980,Athens,Baku,2026-03-10 05:00,2026-03-10 07:58,71,Air France
FL03434,Muscat,Guadalajara,2026-01-24 18:00,2026-01-25 12:06,151,Turkish Airlines
FL03325,Lahore,Kunming,2026-02-02 00:00,2026-02-02 04:18,29,Emirates
FL00949,New York,Budapest,2026-06-15 14:00,2026-06-15 22:34,128,Emirates
FL01913,Moscow,Taipei,2026-06-28 03:00,2026-06-28 12:14,108,British Airways
FL02470,Oslo,Lahore,2026-03-01 06:00,2026-03-01 12:48,20,Pakistan International
FL02475,Kolkata,Dallas,2026-02-18 05:00,2026-02-18 22:08,58,Turkish Airlines
FL02002,Seoul,Copenhagen,2026-03-09 17:00,2026-03-10 03:06,120,Lufthansa
FL04255,Hong Kong,Kaohsiung,2026-06-15 17:00,2026-06-15 18:25,99,Lufthansa
FL03296,Colombo,Hyderabad,2026-06-01 21:00,2026-06-01 22:51,7,Turkish Airlines
FL03141,Oslo,Bangkok,2026-03-08 12:00,2026-03-08 22:48,134,Singapore Airlines
FL04257,Atlanta,Zurich,2026-04-10 22:00,2026-04-11 07:40,152,Delta
FL04313,Paris,Almaty,2026-02-23 08:00,2026-02-23 15:20,174,British Airways
FL04246,Brussels,Lisbon,2026-03-22 10:00,2026-03-22 12:25,134,British Airways
FL01441,Jeddah,London,2026-04-19 11:00,2026-04-19 16:58,51,Turkish Airlines
FL00261,Manila,Dublin,2026-05-16 13:00,2026-05-17 02:51,51,Lufthansa
FL02914,Mumbai,Guadalajara,2026-06-19 19:00,2026-06-20 14:16,166,Turkish Airlines
FL02659,Dubai,Dublin,2026-05-10 01:00,2026-05-10 08:30,42,Emirates
FL04163,Casablanca,Bangkok,2026-02-24 09:00,2026-02-24 22:20,18,Thai Airways
FL00529,Paris,Budapest,2026-03-14 09:00,2026-03-14 10:57,141,Air France
FL01678,Yangon,Baku,2026-04-03 23:00,2026-04-04 05:51,135,Singapore Airlines
FL03214,Lima,San Francisco,2026-03-10 04:00,2026-03-10 13:28,142,Turkish Airlines
FL01092,Brisbane,Lagos,2026-03-31 13:00,2026-04-01 08:10,60,Turkish Airlines
FL03081,Paris,Manila,2026-04-24 18:00,2026-04-25 07:23,89,British Airways
FL00114,Santiago,Dhaka,2026-03-13 19:00,2026-03-14 16:49,70,Singapore Airlines
FL01500,Lisbon,Mumbai,2026-04-15 14:00,2026-04-15 23:48,53,Lufthansa
FL00085,Bogotá,Seoul,2026-04-27 04:00,2026-04-27 22:20,170,Singapore Airlines
FL02112,San Francisco,Nairobi,2026-02-05 18:00,2026-02-06 12:40,57,British Airways
FL01468,Santiago,Vancouver,2026-01-20 11:00,2026-01-21 00:19,75,Air Canada
FL03834,Miami,Casablanca,2026-05-21 00:00,2026-05-21 08:55,140,American Airlines
FL03419,Hyderabad,Dublin,2026-01-05 20:00,2026-01-06 05:53,155,British Airways
FL04499,New York,Milan,2026-02-16 08:00,2026-02-16 16:01,88,British Airways
FL04343,Tashkent,Kunming,2026-03-07 10:00,2026-03-07 15:04,105,Singapore Airlines
FL04395,Dubai,New York,2026-03-19 14:00,2026-03-20 03:41,1,Turkish Airlines
FL03083,Lima,Budapest,2026-04-22 00:00,2026-04-22 13:49,142,Emirates
FL02885,Madrid,Tashkent,2026-02-10 06:00,2026-02-10 13:41,129,Turkish Airlines
FL03152,Kolkata,Santiago,2026-06-02 17:00,2026-06-03 14:27,139,Lufthansa
FL03953,Chicago,New York,2026-04-15 12:00,2026-04-15 13:38,87,Delta
FL02939,Colombo,Goa,2026-02-13 06:00,2026-02-13 07:49,102,Emirates
FL02262,Prague,Melbourne,2026-06-16 06:00,2026-06-17 01:31,175,Singapore Airlines
FL01791,Istanbul,Amsterdam,2026-06-16 00:00,2026-06-16 03:16,105,Emirates
FL01984,Dhaka,Istanbul,2026-01-20 16:00,2026-01-20 23:35,130,Emirates
FL00365,Kuala Lumpur,Zurich,2026-06-25 16:00,2026-06-26 04:43,180,Air France
FL02598,Rio de Janeiro,Johannesburg,2026-05-30 16:00,2026-05-31 00:40,35,LATAM Airlines
FL01553,Chengdu,Addis Ababa,2026-04-16 23:00,2026-04-17 08:17,27,Lufthansa
FL03873,Santiago,Abu Dhabi,2026-05-14 12:00,2026-05-15 05:57,59,Turkish Airlines
FL00944,Chicago,Shenzhen,2026-04-08 23:00,2026-04-09 14:10,156,Delta
FL03697,Lahore,Yerevan,2026-06-18 19:00,2026-06-18 23:04,177,Emirates
FL03024,Vienna,Abu Dhabi,2026-06-30 02:00,2026-06-30 07:44,45,Turkish Airlines
FL04235,Madrid,Prague,2026-04-18 15:00,2026-04-18 17:31,132,Turkish Airlines
FL01063,Toronto,Melbourne,2026-06-14 03:00,2026-06-14 23:03,66,Emirates
FL04294,Los Angeles,Baku,2026-02-02 18:00,2026-02-03 08:34,32,United Airlines
FL00740,Rio de Janeiro,Paris,2026-03-06 03:00,2026-03-06 14:12,148,British Airways
FL04117,Zurich,Denver,2026-04-15 05:00,2026-04-15 15:10,179,United Airlines
FL00769,Goa,Almaty,2026-06-19 09:00,2026-06-19 13:38,55,Singapore Airlines
FL03556,Toronto,Singapore,2026-03-14 23:00,2026-03-15 17:15,130,Lufthansa
FL00350,Perth,São Paulo,2026-01-14 03:00,2026-01-14 19:32,120,Emirates
FL00156,Hong Kong,Warsaw,2026-05-18 15:00,2026-05-19 01:13,141,Singapore Airlines
FL04351,Johannesburg,Milan,2026-04-10 05:00,2026-04-10 15:11,63,Lufthansa
FL03079,Bogotá,Shanghai,2026-02-01 00:00,2026-02-01 19:09,103,Avianca
FL01446,Buenos Aires,Rome,2026-03-26 23:00,2026-03-27 12:39,102,Turkish Airlines
FL04350,Lahore,San Francisco,2026-04-09 12:00,2026-04-10 02:48,85,Emirates
FL01071,Warsaw,Casablanca,2026-06-15 06:00,2026-06-15 10:01,10,KLM
FL03767,Frankfurt,Tashkent,2026-03-04 14:00,2026-03-04 19:49,24,Lufthansa
FL01657,Kuala Lumpur,Bangkok,2026-04-01 23:00,2026-04-02 01:00,91,Lufthansa
FL00119,Baku,Riyadh,2026-03-26 11:00,2026-03-26 13:50,69,British Airways
FL03614,Cairo,Guadalajara,2026-03-29 13:00,2026-03-30 04:28,102,British Airways
FL01653,Colombo,Beijing,2026-01-26 13:00,2026-01-26 19:41,21,Lufthansa
FL01276,Denver,Amsterdam,2026-03-23 22:00,2026-03-24 07:44,36,Singapore Airlines
FL02479,Paris,Lisbon,2026-03-30 23:00,2026-03-31 01:01,110,Emirates
FL00672,Vancouver,New Delhi,2026-01-04 22:00,2026-01-05 12:00,134,Air India
FL01234,Nairobi,Vancouver,2026-02-11 08:00,2026-02-12 01:39,60,Singapore Airlines
FL03622,Mexico City,Mumbai,2026-01-02 15:00,2026-01-03 10:16,35,British Airways
FL02456,Yangon,Lima,2026-02-19 16:00,2026-02-20 14:56,133,Emirates
FL02067,Denver,Yerevan,2026-01-04 05:00,2026-01-04 18:05,31,Turkish Airlines
FL01421,New Delhi,Atlanta,2026-04-11 06:00,2026-04-11 21:35,146,Delta
FL01863,Cairo,Mexico City,2026-06-08 22:00,2026-06-09 13:20,100,Singapore Airlines
FL01307,Moscow,Chicago,2026-01-22 13:00,2026-01-22 23:17,76,American Airlines
FL02554,Nairobi,Jakarta,2026-01-23 19:00,2026-01-24 04:38,120,Turkish Airlines
FL02329,Lima,Yangon,2026-01-22 00:00,2026-01-22 22:48,124,Turkish Airlines
FL01589,Kunming,New Delhi,2026-03-21 16:00,2026-03-21 20:02,31,British Airways
FL01080,Bogotá,Chennai,2026-06-16 04:00,2026-06-16 23:44,161,Emirates
FL02302,Helsinki,Toronto,2026-04-27 19:00,2026-04-28 03:12,112,Emirates
FL00431,Helsinki,Muscat,2026-05-23 16:00,2026-05-23 22:13,6,British Airways
FL00716,Lisbon,Kuala Lumpur,2026-04-17 17:00,2026-04-18 07:17,23,Singapore Airlines
FL00161,Abu Dhabi,Warsaw,2026-01-04 23:00,2026-01-05 04:17,167,Turkish Airlines
FL02245,Toronto,Brisbane,2026-05-09 14:00,2026-05-10 08:32,27,Emirates
FL02521,Moscow,Kolkata,2026-02-09 17:00,2026-02-10 00:23,53,Singapore Airlines
FL01986,Dallas,Vancouver,2026-04-20 09:00,2026-04-20 12:40,83,American Airlines
FL04448,Shanghai,New York,2026-04-02 07:00,2026-04-02 21:41,131,Singapore Airlines
FL00857,Johannesburg,Vienna,2026-01-19 17:00,2026-01-20 03:24,49,Singapore Airlines
FL02708,Shenzhen,Nairobi,2026-02-05 02:00,2026-02-05 12:51,66,Turkish Airlines
FL02541,Atlanta,Addis Ababa,2026-04-24 12:00,2026-04-25 03:21,40,Emirates
FL04309,Almaty,Auckland,2026-04-08 19:00,2026-04-09 11:21,91,Lufthansa
FL04082,Sydney,Addis Ababa,2026-02-17 09:00,2026-02-18 00:44,79,British Airways
FL02367,Bangalore,São Paulo,2026-05-26 16:00,2026-05-27 09:29,36,Air India
FL02411,Jeddah,Milan,2026-02-21 04:00,2026-02-21 09:08,9,Lufthansa
FL03667,Beijing,Los Angeles,2026-06-08 21:00,2026-06-09 09:44,146,Turkish Airlines
FL03018,Yangon,Manchester,2026-06-30 05:00,2026-06-30 16:35,73,Turkish Airlines
FL01381,Seoul,Rio de Janeiro,2026-05-17 05:00,2026-05-18 03:16,70,Lufthansa
FL04496,Abu Dhabi,Bangkok,2026-01-11 03:00,2026-01-11 09:09,70,Lufthansa
FL03978,Munich,Abu Dhabi,2026-04-22 23:00,2026-04-23 05:10,16,Emirates
FL03330,Muscat,Frankfurt,2026-04-22 03:00,2026-04-22 09:55,128,Singapore Airlines
FL03637,Rome,Manchester,2026-05-17 00:00,2026-05-17 02:23,31,Lufthansa
FL01870,Budapest,Chengdu,2026-01-01 15:00,2026-01-02 00:21,120,Cathay Pacific
FL03671,Goa,Prague,2026-01-04 21:00,2026-01-05 05:11,32,Air India
FL02699,Rome,Moscow,2026-05-31 06:00,2026-05-31 09:22,60,Singapore Airlines
FL03582,Milan,San Francisco,2026-06-22 00:00,2026-06-22 12:13,38,United Airlines
FL00982,Jeddah,Doha,2026-01-05 06:00,2026-01-05 08:14,84,British Airways
FL01018,Barcelona,Lahore,2026-03-23 09:00,2026-03-23 17:10,173,British Airways
FL03285,São Paulo,Frankfurt,2026-01-22 03:00,2026-01-22 15:07,129,British Airways
FL04368,Atlanta,Istanbul,2026-03-12 17:00,2026-03-13 04:35,123,Delta
FL00636,Bangalore,Manila,2026-03-08 18:00,2026-03-08 23:57,30,Singapore Airlines
FL00848,Hyderabad,Baku,2026-06-15 12:00,2026-06-15 17:17,56,British Airways
FL00833,Baku,Chengdu,2026-05-14 14:00,2026-05-14 20:21,47,Emirates
FL02284,Yerevan,Tokyo,2026-01-16 19:00,2026-01-17 05:12,169,British Airways
FL03946,Almaty,Jakarta,2026-01-21 18:00,2026-01-22 01:54,142,Cathay Pacific
FL01433,Frankfurt,Dhaka,2026-06-16 21:00,2026-06-17 06:34,116,Lufthansa
FL01397,Shanghai,Rome,2026-03-11 19:00,2026-03-12 06:13,174,Iberia
FL04096,San Francisco,Guangzhou,2026-05-19 00:00,2026-05-19 13:47,150,United Airlines
FL01101,Manila,Mexico City,2026-01-19 15:00,2026-01-20 08:25,13,Singapore Airlines
FL02588,Madrid,Bangkok,2026-02-03 23:00,2026-02-04 11:58,154,Iberia
FL04097,Moscow,Kuala Lumpur,2026-01-11 07:00,2026-01-11 17:15,139,KLM
FL02906,Tashkent,Guadalajara,2026-06-23 14:00,2026-06-24 05:43,133,British Airways
FL01841,Mexico City,Madrid,2026-01-23 06:00,2026-01-23 17:27,94,Lufthansa
FL02311,Kuwait City,São Paulo,2026-06-27 16:00,2026-06-28 06:05,40,Emirates
FL03488,Tokyo,Jeddah,2026-06-16 10:00,2026-06-16 21:59,36,Japan Airlines
FL01034,Havana,Perth,2026-05-19 18:00,2026-05-20 15:36,13,British Airways
FL03627,Auckland,Kuwait City,2026-03-05 19:00,2026-03-06 13:13,82,Qantas
FL00463,Kaohsiung,Istanbul,2026-05-18 05:00,2026-05-18 15:31,50,Singapore Airlines
FL03670,Brisbane,Rio de Janeiro,2026-03-22 23:00,2026-03-23 16:17,5,Qantas
FL00341,Manila,New Delhi,2026-02-14 14:00,2026-02-14 20:32,87,Lufthansa
FL03511,Guadalajara,Budapest,2026-06-11 04:00,2026-06-11 16:54,16,Turkish Airlines
FL01790,Perth,Nairobi,2026-06-29 19:00,2026-06-30 06:25,25,Emirates
FL02321,Perth,Seoul,2026-05-14 09:00,2026-05-14 18:48,160,Lufthansa
FL99024,Tel Aviv,Istanbul,2026-03-19 08:00,2026-03-19 10:00,-30,Turkish Airlines
FL02643,New Delhi,Yangon,2026-04-14 08:00,2026-04-14 11:11,74,Turkish Airlines
FL02157,Oslo,Cairo,2026-03-30 14:00,2026-03-30 19:05,62,Lufthansa
FL00578,Istanbul,Tashkent,2026-01-01 01:00,2026-01-01 05:29,107,Turkish Airlines
FL04290,Dallas,Manchester,2026-06-20 03:00,2026-06-20 12:17,141,Emirates
FL04118,Atlanta,Jakarta,2026-03-01 00:00,2026-03-01 20:03,98,Emirates
FL00671,Athens,Milan,2026-01-29 13:00,2026-01-29 15:22,16,Singapore Airlines
FL03219,Singapore,Beijing,2026-02-17 07:00,2026-02-17 12:39,0,Emirates
FL00006,Kolkata,Copenhagen,2026-03-29 08:00,2026-03-29 16:40,86,Emirates
FL00263,Istanbul,Goa,2026-05-13 03:00,2026-05-13 09:33,41,British Airways
FL04402,Seoul,Colombo,2026-03-14 01:00,2026-03-14 08:05,60,Emirates
FL00620,Vancouver,Zurich,2026-05-12 00:00,2026-05-12 10:40,174,Emirates
FL02256,Chennai,Santiago,2026-03-07 19:00,2026-03-08 14:59,5,Turkish Airlines
FL00613,Los Angeles,Miami,2026-02-19 06:00,2026-02-19 11:18,63,Delta
FL03200,Goa,Kuwait City,2026-05-09 04:00,2026-05-09 08:03,58,British Airways
FL00535,Abu Dhabi,Buenos Aires,2026-04-18 15:00,2026-04-19 07:56,36,Lufthansa
FL04072,Budapest,Rio de Janeiro,2026-04-04 07:00,2026-04-04 19:28,0,British Airways
FL00696,Baku,Dublin,2026-03-18 22:00,2026-03-19 03:48,80,Air France
FL02382,San Francisco,Dublin,2026-02-08 14:00,2026-02-08 23:53,9,Emirates
FL01938,Lima,Moscow,2026-06-30 11:00,2026-07-01 02:09,40,LATAM Airlines
FL02046,Doha,Moscow,2026-02-28 09:00,2026-02-28 14:05,95,Iberia
FL02751,Chengdu,Tbilisi,2026-06-28 02:00,2026-06-28 09:15,58,Lufthansa
FL03334,London,Yerevan,2026-03-28 07:00,2026-03-28 11:52,179,Lufthansa
FL00185,Perth,Jakarta,2026-01-28 21:00,2026-01-29 00:59,6,Lufthansa
FL01902,Shanghai,Denver,2026-05-30 21:00,2026-05-31 10:18,13,British Airways
FL01210,Rome,Rio de Janeiro,2026-05-22 21:00,2026-05-23 08:26,120,British Airways
FL01131,Denver,Athens,2026-03-30 13:00,2026-03-31 01:14,165,Delta
FL02277,Baku,New Delhi,2026-04-17 06:00,2026-04-17 09:41,23,Lufthansa
FL00499,Lahore,Denver,2026-05-03 02:00,2026-05-03 16:37,22,Emirates
FL02561,Kaohsiung,Bangkok,2026-02-22 22:00,2026-02-23 01:14,107,Emirates
FL00924,Kunming,Doha,2026-01-23 05:00,2026-01-23 11:26,117,Emirates
FL00630,Casablanca,Santiago,2026-04-18 12:00,2026-04-19 00:13,9,Singapore Airlines
FL02529,Toronto,Hong Kong,2026-05-18 00:00,2026-05-18 15:41,159,Turkish Airlines
FL02572,Taipei,Jakarta,2026-02-23 09:00,2026-02-23 14:03,150,Japan Airlines
FL02377,Dubai,Shenzhen,2026-01-16 17:00,2026-01-17 00:14,95,Emirates
FL02510,Yerevan,Brussels,2026-01-21 11:00,2026-01-21 15:27,37,Lufthansa
FL04312,Riyadh,Mumbai,2026-01-01 05:00,2026-01-01 09:03,85,British Airways
FL01090,Barcelona,New York,2026-06-13 08:00,2026-06-13 15:52,105,British Airways
FL00181,Madrid,Santiago,2026-05-04 09:00,2026-05-04 22:25,86,Lufthansa
FL02567,Hyderabad,Atlanta,2026-05-10 03:00,2026-05-10 20:10,18,Singapore Airlines
FL00443,Chengdu,Kuwait City,2026-02-16 21:00,2026-02-17 04:06,6,Lufthansa
FL01892,Mumbai,Chengdu,2026-02-05 21:00,2026-02-06 01:47,64,Turkish Airlines
FL00727,Amsterdam,Dallas,2026-01-14 05:00,2026-01-14 15:08,142,Emirates
FL03865,Chennai,Warsaw,2026-06-21 05:00,2026-06-21 13:31,41,Lufthansa
FL03104,San Francisco,Chicago,2026-03-07 19:00,2026-03-07 23:11,9,Singapore Airlines
FL02062,Manchester,Tashkent,2026-05-26 07:00,2026-05-26 13:33,126,British Airways
FL00319,Taipei,Melbourne,2026-04-18 07:00,2026-04-18 16:40,40,British Airways
FL01874,Yangon,Prague,2026-01-04 11:00,2026-01-04 20:53,85,Lufthansa
FL00358,Prague,Johannesburg,2026-02-19 03:00,2026-02-19 13:36,117,Singapore Airlines
FL00865,Zhengzhou,Kolkata,2026-05-02 22:00,2026-05-03 01:59,95,Emirates
FL01096,London,Vancouver,2026-04-04 09:00,2026-04-04 18:19,64,Turkish Airlines
FL03376,Munich,Jakarta,2026-03-03 13:00,2026-03-04 02:19,120,British Airways
FL02487,Brisbane,Hong Kong,2026-04-13 11:00,2026-04-13 19:26,169,Cathay Pacific
FL02639,Tbilisi,Manila,2026-01-06 17:00,2026-01-07 02:59,52,Thai Airways
FL02516,Shenzhen,Tokyo,2026-06-14 09:00,2026-06-14 12:53,145,Emirates
FL01717,Guangzhou,Chicago,2026-06-04 04:00,2026-06-04 19:00,135,American Airlines
FL04322,Sydney,London,2026-06-28 16:00,2026-06-29 12:52,128,Emirates
FL00647,Paris,Chicago,2026-03-18 09:00,2026-03-18 17:25,133,Lufthansa
FL02528,Kolkata,Guangzhou,2026-05-29 11:00,2026-05-29 14:37,42,Singapore Airlines
FL03623,Bangalore,Almaty,2026-03-31 06:00,2026-03-31 10:16,179,Lufthansa
FL03207,Riyadh,Istanbul,2026-01-04 20:00,2026-01-04 23:39,171,British Airways
FL01861,Havana,London,2026-06-15 07:00,2026-06-15 16:46,56,Emirates
FL03819,London,Amsterdam,2026-01-23 08:00,2026-01-23 09:00,3,British Airways
FL01017,Helsinki,Kuwait City,2026-03-16 12:00,2026-03-16 17:15,114,Air France
FL02381,Havana,Hong Kong,2026-06-03 11:00,2026-06-04 04:56,112,Lufthansa
FL01443,Kunming,Kolkata,2026-03-26 18:00,2026-03-26 20:26,85,Lufthansa
FL01177,Denver,Kolkata,2026-02-06 22:00,2026-02-07 13:38,32,British Airways
FL02045,Vancouver,London,2026-05-13 06:00,2026-05-13 15:26,50,British Airways
FL01973,Casablanca,Dhaka,2026-05-27 12:00,2026-05-27 23:10,70,Ethiopian Airlines
FL04380,Muscat,Shenzhen,2026-03-11 23:00,2026-03-12 06:19,20,British Airways
FL00475,Tokyo,Nairobi,2026-02-27 17:00,2026-02-28 06:42,117,Japan Airlines
FL01417,Doha,Melbourne,2026-03-06 21:00,2026-03-07 11:44,116,Emirates
FL03418,New York,Toronto,2026-02-25 22:00,2026-02-25 23:40,36,Turkish Airlines
FL03513,Lahore,Karachi,2026-04-09 12:00,2026-04-09 14:01,72,Lufthansa
FL02269,Addis Ababa,Miami,2026-01-26 00:00,2026-01-26 15:13,10,Turkish Airlines
FL01472,Sydney,Hyderabad,2026-06-04 04:00,2026-06-04 16:15,139,British Airways
FL00566,Atlanta,Karachi,2026-06-07 06:00,2026-06-07 21:58,87,Turkish Airlines
FL00139,Kunming,Chicago,2026-04-21 23:00,2026-04-22 14:10,64,Delta
FL04317,Jakarta,Lahore,2026-05-04 09:00,2026-05-04 16:02,50,Turkish Airlines
FL01315,Vancouver,Buenos Aires,2026-04-22 20:00,2026-04-23 10:11,137,Turkish Airlines
FL02054,Baku,Dubai,2026-03-19 08:00,2026-03-19 10:40,25,British Airways
FL03011,Dallas,Bogotá,2026-02-03 20:00,2026-02-04 01:32,29,British Airways
FL03757,Shanghai,Dubai,2026-01-05 17:00,2026-01-06 01:13,63,British Airways
FL01201,São Paulo,Perth,2026-02-04 00:00,2026-02-04 16:18,13,Qantas
FL03145,Zurich,Istanbul,2026-03-01 06:00,2026-03-01 08:39,104,Emirates
FL04403,Bangalore,Toronto,2026-03-26 01:00,2026-03-26 17:11,169,Singapore Airlines
FL00828,San Francisco,Casablanca,2026-04-01 10:00,2026-04-01 22:05,124,Lufthansa
FL00756,Mexico City,Milan,2026-03-01 02:00,2026-03-01 13:56,59,Emirates
FL02497,Budapest,Paris,2026-01-05 14:00,2026-01-05 15:59,63,Turkish Airlines
FL03451,Jeddah,Prague,2026-04-12 09:00,2026-04-12 13:59,170,KLM
FL03278,Hyderabad,Lima,2026-03-18 17:00,2026-03-19 14:00,140,LATAM Airlines
FL01517,Taipei,Toronto,2026-04-28 07:00,2026-04-28 21:30,71,Air Canada
FL00033,Chennai,Brisbane,2026-01-16 07:00,2026-01-16 17:56,8,Air India
FL01258,Kunming,Lahore,2026-04-16 10:00,2026-04-16 13:58,34,British Airways
FL02100,Brussels,Seoul,2026-01-15 14:00,2026-01-16 00:56,15,British Airways
FL03871,Colombo,Shenzhen,2026-02-02 06:00,2026-02-02 11:38,110,Lufthansa
FL03073,Baku,Hong Kong,2026-01-07 04:00,2026-01-07 12:20,13,British Airways
FL03822,Chicago,Tbilisi,2026-01-27 20:00,2026-01-28 08:05,39,American Airlines
FL04184,Copenhagen,Tokyo,2026-05-31 23:00,2026-06-01 09:57,80,British Airways
FL01994,New Delhi,Johannesburg,2026-02-19 18:00,2026-02-20 03:53,62,British Airways
FL02812,Rome,Toronto,2026-04-16 10:00,2026-04-16 18:39,128,Lufthansa
FL01759,Casablanca,Kuala Lumpur,2026-01-18 08:00,2026-01-18 22:20,90,Cathay Pacific
FL01334,Johannesburg,Hong Kong,2026-06-26 16:00,2026-06-27 05:15,26,Lufthansa
FL04002,Kaohsiung,Bangkok,2026-02-05 03:00,2026-02-05 06:27,15,British Airways
FL04398,Xi'an,Toronto,2026-04-22 15:00,2026-04-23 05:09,94,Singapore Airlines
FL02038,Los Angeles,Lagos,2026-03-10 16:00,2026-03-11 07:01,104,Delta
FL03182,Hyderabad,Milan,2026-05-24 04:00,2026-05-24 12:43,20,Turkish Airlines
FL02652,Hong Kong,Lagos,2026-02-06 13:00,2026-02-07 03:21,47,Cathay Pacific
FL00946,Manchester,Kuwait City,2026-04-12 23:00,2026-04-13 04:58,99,Lufthansa
FL01476,Manchester,Kunming,2026-05-22 14:00,2026-05-23 01:04,118,British Airways
FL03898,Istanbul,Chennai,2026-06-04 07:00,2026-06-04 14:42,57,Turkish Airlines
FL02955,Kolkata,Chengdu,2026-05-20 23:00,2026-05-21 01:48,103,Air India
FL02102,Guadalajara,New Delhi,2026-02-13 18:00,2026-02-14 11:55,93,AeroMexico
FL03050,Taipei,Vancouver,2026-01-21 18:00,2026-01-22 06:10,146,British Airways
FL01047,Manila,Lahore,2026-06-30 12:00,2026-06-30 18:35,37,Singapore Airlines
FL02328,Tashkent,Cairo,2026-03-06 20:00,2026-03-07 00:52,107,Lufthansa
FL01327,Denver,Lagos,2026-04-10 13:00,2026-04-11 02:52,172,American Airlines
FL04371,Stockholm,Moscow,2026-02-17 10:00,2026-02-17 12:10,36,Turkish Airlines
FL01317,Madrid,Hong Kong,2026-06-29 14:00,2026-06-30 03:19,120,Emirates
FL03367,Almaty,Melbourne,2026-04-15 04:00,2026-04-15 18:01,79,Qantas
FL02172,Lima,Zurich,2026-01-09 21:00,2026-01-10 10:26,20,Lufthansa
FL04052,Brussels,Moscow,2026-01-19 14:00,2026-01-19 17:35,145,KLM
FL00871,Stockholm,Muscat,2026-03-17 17:00,2026-03-17 23:45,48,Turkish Airlines
FL00919,New York,Kolkata,2026-06-28 21:00,2026-06-29 12:15,149,Air India
FL00964,Istanbul,Copenhagen,2026-02-15 05:00,2026-02-15 08:04,156,Lufthansa
FL02577,Lima,Riyadh,2026-01-24 02:00,2026-01-24 18:51,161,Emirates
FL02900,Shenzhen,Tashkent,2026-02-01 01:00,2026-02-01 06:45,94,Lufthansa
FL04069,Muscat,Rome,2026-04-20 13:00,2026-04-20 19:13,26,Singapore Airlines
FL03449,Dhaka,Milan,2026-04-07 08:00,2026-04-07 17:50,144,KLM
FL00874,Santiago,Riyadh,2026-04-04 14:00,2026-04-05 06:40,163,Singapore Airlines
FL03974,Milan,Madrid,2026-02-26 08:00,2026-02-26 09:51,85,Turkish Airlines
FL02101,Frankfurt,Riyadh,2026-03-13 06:00,2026-03-13 11:47,4,British Airways
FL01903,Manchester,New York,2026-05-24 23:00,2026-05-25 06:17,34,Turkish Airlines
FL01613,Lahore,Miami,2026-01-02 17:00,2026-01-03 08:59,80,Emirates
FL00918,Barcelona,Riyadh,2026-05-14 08:00,2026-05-14 13:55,159,Lufthansa
FL01970,Doha,Prague,2026-04-19 18:00,2026-04-19 23:45,132,Singapore Airlines
FL02108,Singapore,Amsterdam,2026-02-16 23:00,2026-02-17 11:40,81,KLM
FL02507,Kunming,Shenzhen,2026-01-31 09:00,2026-01-31 11:08,49,Singapore Airlines
FL01029,Taipei,Colombo,2026-02-27 05:00,2026-02-27 11:14,1,Air India
FL03473,Athens,Mumbai,2026-03-19 16:00,2026-03-19 22:34,73,Air India
FL03915,Tbilisi,Bogotá,2026-02-19 05:00,2026-02-19 19:35,63,Avianca
FL04209,Lagos,Santiago,2026-01-18 16:00,2026-01-19 03:13,120,LATAM Airlines
FL00209,Copenhagen,New Delhi,2026-06-20 08:00,2026-06-20 15:24,39,Air India
FL04465,Mexico City,Denver,2026-04-01 01:00,2026-04-01 04:43,31,British Airways
FL99012,Toronto,Montreal,2026-03-09 07:00,2026-03-09 08:30,-20,Air Canada
FL00165,São Paulo,Tbilisi,2026-01-24 13:00,2026-01-25 03:53,162,Lufthansa
FL00644,Tashkent,Jakarta,2026-01-04 10:00,2026-01-04 18:27,135,Cathay Pacific
FL01708,Denver,Lima,2026-01-22 08:00,2026-01-22 15:55,160,Delta
FL02409,Havana,Goa,2026-06-27 12:00,2026-06-28 06:08,73,British Airways
FL02036,Singapore,Miami,2026-04-29 10:00,2026-04-30 06:41,88,United Airlines
FL02590,Chennai,Abu Dhabi,2026-06-27 11:00,2026-06-27 15:12,27,Singapore Airlines
FL01163,Zhengzhou,Athens,2026-05-25 13:00,2026-05-25 22:59,160,Lufthansa
FL01028,Copenhagen,Brisbane,2026-02-16 14:00,2026-02-17 08:56,141,Singapore Airlines
FL01225,Frankfurt,Kunming,2026-03-28 08:00,2026-03-28 17:56,135,Singapore Airlines
FL01568,Kolkata,Yerevan,2026-03-05 11:00,2026-03-05 16:56,175,Air India
FL04421,Bangkok,Buenos Aires,2026-02-06 17:00,2026-02-07 13:13,44,Singapore Airlines
FL02434,Sydney,Almaty,2026-06-18 19:00,2026-06-19 08:56,118,Lufthansa
FL03471,Frankfurt,Lima,2026-02-10 03:00,2026-02-10 16:35,146,British Airways
FL02423,Muscat,Shanghai,2026-04-10 18:00,2026-04-11 01:41,57,Emirates
FL03604,Dhaka,Copenhagen,2026-03-02 00:00,2026-03-02 08:41,114,Singapore Airlines
FL01689,Jeddah,Taipei,2026-04-13 19:00,2026-04-14 05:09,47,Emirates
FL02242,Shanghai,Brussels,2026-04-01 20:00,2026-04-02 07:28,116,Air France
FL02587,São Paulo,Goa,2026-04-24 22:00,2026-04-25 15:06,29,Emirates
FL01544,Zurich,Tokyo,2026-02-01 12:00,2026-02-02 00:13,41,Turkish Airlines
FL01198,Cairo,Goa,2026-05-29 18:00,2026-05-29 23:53,164,Singapore Airlines
FL00631,Chennai,Kaohsiung,2026-02-18 10:00,2026-02-18 15:56,56,Air India
FL01669,Seoul,Bangkok,2026-04-13 01:00,2026-04-13 05:46,49,Turkish Airlines
FL00503,Havana,Stockholm,2026-02-25 02:00,2026-02-25 12:46,35,Emirates
FL02526,Los Angeles,Guadalajara,2026-06-28 13:00,2026-06-28 16:08,10,British Airways
FL00123,Casablanca,São Paulo,2026-04-03 05:00,2026-04-03 14:20,136,Turkish Airlines
FL04155,Oslo,Milan,2026-03-03 06:00,2026-03-03 08:18,36,Lufthansa
FL04084,Oslo,Los Angeles,2026-04-24 23:00,2026-04-25 10:03,106,Turkish Airlines
FL01510,Taipei,Kolkata,2026-03-20 14:00,2026-03-20 18:12,1,Emirates
FL02720,Bangkok,Bangalore,2026-04-19 21:00,2026-04-20 00:25,145,Air India
FL01752,Tokyo,Lagos,2026-02-11 04:00,2026-02-11 20:37,20,Lufthansa
FL02465,Dubai,Bangkok,2026-01-28 07:00,2026-01-28 13:04,95,Emirates
FL04303,Colombo,Brisbane,2026-01-05 03:00,2026-01-05 13:53,115,Lufthansa
FL03751,Moscow,Shenzhen,2026-06-10 04:00,2026-06-10 13:13,83,Turkish Airlines
FL00076,Manila,Havana,2026-02-14 19:00,2026-02-15 13:28,103,United Airlines
FL02486,Tbilisi,Taipei,2026-04-18 00:00,2026-04-18 09:14,81,Japan Airlines
FL01765,Almaty,Bogotá,2026-06-29 17:00,2026-06-30 09:39,26,LATAM Airlines
FL00028,Rome,Paris,2026-05-17 04:00,2026-05-17 05:38,121,Singapore Airlines
FL02349,Santiago,New York,2026-03-29 17:00,2026-03-30 03:12,34,American Airlines
FL03215,Chengdu,Helsinki,2026-02-11 16:00,2026-02-12 00:04,145,Cathay Pacific
FL02111,Baku,Yerevan,2026-02-03 09:00,2026-02-03 10:00,180,British Airways
FL02276,Kuala Lumpur,Yerevan,2026-02-23 03:00,2026-02-23 12:17,154,Turkish Airlines
FL02584,Kunming,Bangalore,2026-04-20 03:00,2026-04-20 07:14,19,Turkish Airlines
FL01293,Vienna,Lima,2026-02-15 07:00,2026-02-15 21:14,102,Emirates
FL04216,Rio de Janeiro,Zhengzhou,2026-01-04 18:00,2026-01-05 15:20,163,Emirates
FL02015,Madrid,Seoul,2026-03-15 08:00,2026-03-15 20:20,57,Turkish Airlines
FL03957,Bangkok,Madrid,2026-03-18 14:00,2026-03-19 02:18,151,Turkish Airlines
FL03008,San Francisco,Dublin,2026-02-02 09:00,2026-02-02 19:35,30,Emirates
FL01929,Perth,Kaohsiung,2026-05-23 06:00,2026-05-23 13:32,125,Singapore Airlines
FL04471,Oslo,Frankfurt,2026-04-07 04:00,2026-04-07 05:43,87,Singapore Airlines
FL02868,Havana,Perth,2026-01-15 09:00,2026-01-16 06:32,55,Turkish Airlines
FL03801,Zhengzhou,Shanghai,2026-06-13 06:00,2026-06-13 07:30,9,Japan Airlines
FL02977,Vienna,Vancouver,2026-02-17 21:00,2026-02-18 07:44,60,British Airways
FL02280,Yangon,Addis Ababa,2026-01-17 13:00,2026-01-17 21:19,166,British Airways
FL00370,Helsinki,Doha,2026-06-30 11:00,2026-06-30 16:28,144,British Airways
FL01954,Miami,Casablanca,2026-01-12 10:00,2026-01-12 18:40,167,British Airways
FL03621,Oslo,Mumbai,2026-02-13 03:00,2026-02-13 11:40,59,Lufthansa
FL01008,Istanbul,Zurich,2026-01-28 10:00,2026-01-28 12:42,18,British Airways
FL01497,Kolkata,Muscat,2026-01-25 12:00,2026-01-25 16:23,11,Turkish Airlines
FL01732,Jakarta,London,2026-06-29 03:00,2026-06-29 17:32,18,Singapore Airlines
FL01367,Lahore,Toronto,2026-04-27 15:00,2026-04-28 04:30,40,Singapore Airlines
FL01001,Chengdu,Perth,2026-06-26 22:00,2026-06-27 06:53,91,British Airways
FL03374,Muscat,Havana,2026-03-10 15:00,2026-03-11 07:09,116,United Airlines
FL01079,New York,Milan,2026-06-17 00:00,2026-06-17 08:08,158,Delta
FL01190,Yerevan,Yangon,2026-06-30 09:00,2026-06-30 16:13,10,Emirates
FL02608,Chennai,New York,2026-06-14 01:00,2026-06-14 17:22,100,Singapore Airlines
FL03634,Colombo,New York,2026-03-18 14:00,2026-03-19 07:26,75,Emirates
FL01463,Buenos Aires,Vienna,2026-02-25 09:00,2026-02-25 23:30,96,Singapore Airlines
FL04293,Chengdu,Lima,2026-05-24 06:00,2026-05-25 03:53,115,LATAM Airlines
FL03534,Guangzhou,Zurich,2026-03-31 17:00,2026-04-01 04:04,154,British Airways
FL02229,Bangalore,Dublin,2026-05-04 16:00,2026-05-05 02:23,165,British Airways
FL00138,Kolkata,Vienna,2026-03-11 16:00,2026-03-12 00:41,112,Emirates
FL01138,Miami,San Francisco,2026-06-27 21:00,2026-06-28 02:43,41,British Airways
FL02824,Doha,Rio de Janeiro,2026-05-26 06:00,2026-05-26 20:31,108,Turkish Airlines
FL00133,Lahore,Kunming,2026-05-01 09:00,2026-05-01 12:39,73,Lufthansa
FL03969,Lahore,Barcelona,2026-03-06 19:00,2026-03-07 02:58,159,Emirates
FL00244,Mumbai,Shenzhen,2026-05-02 16:00,2026-05-02 21:22,15,Singapore Airlines
FL02540,Shenzhen,Istanbul,2026-01-01 00:00,2026-01-01 10:05,2,British Airways
FL04066,Rio de Janeiro,Taipei,2026-03-18 05:00,2026-03-19 03:28,170,Lufthansa
FL03479,Sydney,Karachi,2026-05-30 10:00,2026-05-30 23:40,120,Emirates
FL03713,Johannesburg,Manila,2026-03-03 17:00,2026-03-04 06:39,15,Lufthansa
FL03960,Singapore,Lahore,2026-04-18 01:00,2026-04-18 06:58,111,Turkish Airlines
FL03868,Brussels,Oslo,2026-03-06 04:00,2026-03-06 05:34,167,KLM
FL01221,Lahore,Guadalajara,2026-02-22 10:00,2026-02-23 03:21,170,British Airways
FL03273,Santiago,Karachi,2026-01-12 04:00,2026-01-12 23:09,143,Singapore Airlines
FL02186,Lisbon,Guangzhou,2026-06-03 18:00,2026-06-04 07:35,5,Singapore Airlines
FL01824,Helsinki,Madrid,2026-01-09 16:00,2026-01-09 19:54,104,British Airways
FL01263,Melbourne,Copenhagen,2026-06-03 08:00,2026-06-04 03:08,94,Turkish Airlines
FL02883,Nairobi,Istanbul,2026-05-19 09:00,2026-05-19 15:04,101,Lufthansa
FL01453,Madrid,Doha,2026-06-09 13:00,2026-06-09 20:10,16,Emirates
FL01914,Los Angeles,Casablanca,2026-04-28 03:00,2026-04-28 14:59,2,Singapore Airlines
FL01726,Doha,São Paulo,2026-04-09 02:00,2026-04-09 16:38,107,Singapore Airlines
FL01967,Xi'an,Yerevan,2026-03-28 08:00,2026-03-28 15:27,151,British Airways
FL00093,Manila,Rome,2026-01-02 11:00,2026-01-02 23:44,99,Thai Airways
FL00616,Rome,Xi'an,2026-04-25 05:00,2026-04-25 15:24,121,Japan Airlines
FL01087,Chicago,New York,2026-01-26 20:00,2026-01-26 22:06,40,Delta
FL03722,Helsinki,Kolkata,2026-06-17 05:00,2026-06-17 12:48,38,Emirates
FL02151,Warsaw,Oslo,2026-01-13 14:00,2026-01-13 15:43,31,Lufthansa
FL01947,Athens,Lagos,2026-02-28 00:00,2026-02-28 05:43,6,Air France
FL01720,Jakarta,Santiago,2026-01-20 00:00,2026-01-20 19:15,38,Lufthansa
FL01908,Vienna,Rome,2026-02-17 07:00,2026-02-17 08:47,139,Singapore Airlines
FL01595,Kolkata,Sydney,2026-06-29 17:00,2026-06-30 04:17,33,British Airways
FL02594,Rio de Janeiro,Munich,2026-04-25 21:00,2026-04-26 09:18,95,Singapore Airlines
FL02993,Kaohsiung,Dallas,2026-01-29 15:00,2026-01-30 06:37,42,Delta
FL02899,Almaty,Abu Dhabi,2026-02-04 13:00,2026-02-04 16:43,59,British Airways
FL02880,Seoul,Tashkent,2026-04-17 00:00,2026-04-17 06:36,174,Turkish Airlines
FL02888,Manchester,Kuwait City,2026-04-15 23:00,2026-04-16 04:58,93,Emirates
FL03566,Montreal,Muscat,2026-06-06 01:00,2026-06-06 14:09,101,Lufthansa
FL00780,Nairobi,Xi'an,2026-05-20 13:00,2026-05-20 23:22,1,Emirates
FL01451,Frankfurt,Dubai,2026-06-23 04:00,2026-06-23 10:13,28,British Airways
FL00567,Mumbai,Shanghai,2026-01-06 04:00,2026-01-06 10:38,36,Emirates
FL01370,Lagos,Casablanca,2026-05-05 00:00,2026-05-05 04:35,36,Ethiopian Airlines
FL02058,Hyderabad,Istanbul,2026-04-26 07:00,2026-04-26 14:03,6,Singapore Airlines
FL03142,Xi'an,Kaohsiung,2026-01-18 13:00,2026-01-18 15:18,16,Cathay Pacific
FL00981,Prague,Zurich,2026-01-15 16:00,2026-01-15 17:04,173,Iberia
FL01175,Dhaka,Addis Ababa,2026-06-26 11:00,2026-06-26 18:04,113,Ethiopian Airlines
FL01117,Taipei,Kolkata,2026-03-27 16:00,2026-03-27 20:12,109,British Airways
FL01534,Goa,Prague,2026-03-21 05:00,2026-03-21 13:29,62,Singapore Airlines
FL02031,Tokyo,Copenhagen,2026-06-26 08:00,2026-06-26 18:57,161,Japan Airlines
FL01086,Madrid,Chennai,2026-04-05 17:00,2026-04-06 03:25,62,Iberia
FL03900,Kaohsiung,Seoul,2026-04-10 07:00,2026-04-10 09:34,12,British Airways
FL02001,Milan,Perth,2026-02-20 05:00,2026-02-20 22:04,3,Turkish Airlines
FL02087,Buenos Aires,Muscat,2026-04-11 12:00,2026-04-12 05:07,180,British Airways
FL00169,Guangzhou,Melbourne,2026-04-08 19:00,2026-04-09 04:38,127,Lufthansa
FL02775,Toronto,Melbourne,2026-06-20 12:00,2026-06-21 07:30,135,British Airways
FL01821,Moscow,Istanbul,2026-05-30 18:00,2026-05-30 20:32,52,Singapore Airlines
FL04147,Zhengzhou,London,2026-03-23 23:00,2026-03-24 09:36,146,Emirates
FL01004,Budapest,São Paulo,2026-02-27 04:00,2026-02-27 16:57,157,LATAM Airlines
FL01590,Chennai,Kaohsiung,2026-05-03 20:00,2026-05-04 02:00,126,British Airways
FL00557,Manila,Goa,2026-04-02 15:00,2026-04-02 21:36,124,British Airways
FL01694,Johannesburg,London,2026-06-14 07:00,2026-06-14 18:40,53,Lufthansa
FL00709,Perth,Hyderabad,2026-06-15 11:00,2026-06-15 19:47,139,Qantas
FL01754,Hyderabad,Kuala Lumpur,2026-05-09 16:00,2026-05-09 20:32,155,Air India
FL01891,Santiago,Addis Ababa,2026-06-02 09:00,2026-06-02 23:55,111,Ethiopian Airlines
FL03829,Hyderabad,São Paulo,2026-04-30 03:00,2026-04-30 20:44,27,British Airways
FL02591,Budapest,Tokyo,2026-03-13 13:00,2026-03-14 00:19,108,Emirates
FL04006,Budapest,Sydney,2026-05-29 18:00,2026-05-30 12:56,130,Lufthansa
FL01235,Buenos Aires,Singapore,2026-02-08 06:00,2026-02-09 00:57,79,British Airways
FL02743,Dallas,Kuala Lumpur,2026-02-01 00:00,2026-02-01 19:18,16,Singapore Airlines
FL03791,Manila,Tashkent,2026-01-12 09:00,2026-01-12 16:32,36,British Airways
FL02757,Yerevan,Karachi,2026-01-31 19:00,2026-01-31 23:02,163,British Airways
FL03134,Xi'an,Brussels,2026-06-29 20:00,2026-06-30 05:52,156,Iberia
FL00196,Chengdu,Toronto,2026-03-01 10:00,2026-03-02 00:39,152,Emirates
FL03295,Yerevan,Stockholm,2026-06-30 06:00,2026-06-30 10:13,118,Emirates
FL03056,Amsterdam,Shenzhen,2026-01-30 04:00,2026-01-30 15:24,162,Turkish Airlines
FL03463,Montreal,Oslo,2026-03-05 09:00,2026-03-05 16:27,67,British Airways
FL01802,Brisbane,Kaohsiung,2026-04-11 20:00,2026-04-12 04:40,141,Turkish Airlines
FL01519,Kunming,Milan,2026-01-27 22:00,2026-01-28 08:28,145,British Airways
FL03009,Lahore,Copenhagen,2026-03-27 00:00,2026-03-27 06:43,1,Emirates
FL03421,Hyderabad,Rio de Janeiro,2026-06-25 20:00,2026-06-26 13:16,45,Lufthansa
FL00617,Riyadh,Dhaka,2026-03-30 05:00,2026-03-30 11:03,66,Lufthansa
FL00295,Almaty,Miami,2026-05-08 16:00,2026-05-09 06:38,143,Emirates
FL00430,Stockholm,Yangon,2026-03-11 03:00,2026-03-11 12:26,47,Iberia
FL03962,Beijing,Zhengzhou,2026-03-25 07:00,2026-03-25 08:22,51,Singapore Airlines
FL04254,Los Angeles,Perth,2026-03-27 23:00,2026-03-28 16:57,139,Emirates
FL01547,Athens,Tokyo,2026-04-03 20:00,2026-04-04 07:58,7,Lufthansa
FL02293,Denver,Bangalore,2026-06-18 17:00,2026-06-19 10:07,157,Emirates
FL04092,Rio de Janeiro,Yangon,2026-03-05 19:00,2026-03-06 14:15,101,Emirates
FL02281,São Paulo,Chennai,2026-01-22 20:00,2026-01-23 13:32,99,British Airways
FL02634,Almaty,Shenzhen,2026-03-11 15:00,2026-03-11 20:08,63,Japan Airlines
FL01153,Amsterdam,Mexico City,2026-04-24 23:00,2026-04-25 10:49,113,British Airways
FL04019,Lisbon,Atlanta,2026-04-09 20:00,2026-04-10 04:16,164,Singapore Airlines
FL01040,Denver,Melbourne,2026-03-13 08:00,2026-03-14 01:31,3,Emirates
FL04304,Dallas,Bangalore,2026-02-08 20:00,2026-02-09 13:57,103,Emirates
FL03524,San Francisco,Taipei,2026-06-23 10:00,2026-06-23 22:59,66,United Airlines
FL00796,Munich,Abu Dhabi,2026-01-04 23:00,2026-01-05 05:10,23,Lufthansa
FL00212,Bangalore,Guadalajara,2026-02-01 13:00,2026-02-02 08:38,170,Air India
FL00601,Taipei,Muscat,2026-04-12 17:00,2026-04-13 00:55,70,Lufthansa
FL01700,Riyadh,Barcelona,2026-04-24 07:00,2026-04-24 12:45,52,Iberia
FL01342,Tbilisi,Yerevan,2026-05-16 13:00,2026-05-16 14:02,35,Singapore Airlines
FL04076,New Delhi,Mexico City,2026-01-19 21:00,2026-01-20 14:38,169,AeroMexico
FL00886,Toronto,Abu Dhabi,2026-01-25 03:00,2026-01-25 16:52,136,Singapore Airlines
FL00200,Baku,Paris,2026-05-02 14:00,2026-05-02 19:18,131,Singapore Airlines
FL01945,Shenzhen,Guangzhou,2026-05-22 15:00,2026-05-22 16:04,69,Emirates
FL01541,Bangalore,Bangkok,2026-05-01 06:00,2026-05-01 09:17,48,Emirates
FL02148,Jakarta,Athens,2026-03-27 17:00,2026-03-28 05:29,28,British Airways
FL01435,Paris,Kunming,2026-02-19 18:00,2026-02-20 04:30,130,British Airways
FL01883,Singapore,Beijing,2026-05-08 21:00,2026-05-09 02:38,174,Turkish Airlines
FL02006,Karachi,Kunming,2026-06-05 19:00,2026-06-05 23:33,11,Emirates
FL00604,Muscat,Frankfurt,2026-03-15 17:00,2026-03-16 00:00,105,British Airways
FL01511,Manila,Munich,2026-03-05 11:00,2026-03-05 23:53,51,Emirates
FL04177,Madrid,Oslo,2026-04-27 13:00,2026-04-27 16:11,145,Emirates
FL02371,Kunming,San Francisco,2026-02-16 00:00,2026-02-16 14:22,126,Emirates
FL00007,Amsterdam,Taipei,2026-01-25 11:00,2026-01-25 22:59,154,British Airways
FL03539,Zurich,San Francisco,2026-06-09 23:00,2026-06-10 10:30,46,Delta
FL04333,Mumbai,Bangkok,2026-02-13 09:00,2026-02-13 13:22,24,British Airways
FL01366,Hyderabad,Warsaw,2026-02-03 22:00,2026-02-04 06:03,135,Emirates
FL02287,Los Angeles,Lisbon,2026-02-22 09:00,2026-02-22 20:18,95,Singapore Airlines
FL03456,Taipei,Johannesburg,2026-05-25 13:00,2026-05-26 03:13,118,Ethiopian Airlines
FL04161,Buenos Aires,Lahore,2026-02-16 00:00,2026-02-16 19:06,64,Singapore Airlines
FL00326,Dallas,Moscow,2026-05-10 14:00,2026-05-11 01:41,71,Emirates
FL04028,Manchester,Lisbon,2026-06-18 18:00,2026-06-18 20:58,144,Turkish Airlines
FL03127,Copenhagen,Muscat,2026-05-10 04:00,2026-05-10 10:38,100,Lufthansa
FL00078,Prague,Stockholm,2026-04-24 21:00,2026-04-24 22:41,121,Turkish Airlines
FL00905,Hong Kong,London,2026-06-22 23:00,2026-06-23 11:19,114,Singapore Airlines
FL01437,Bangkok,Chicago,2026-01-16 04:00,2026-01-16 20:40,111,Lufthansa
FL02098,Budapest,Tbilisi,2026-06-15 17:00,2026-06-15 20:21,9,Iberia
FL01324,Milan,Brisbane,2026-06-15 11:00,2026-06-16 06:44,111,Emirates
FL00803,Santiago,Paris,2026-04-08 20:00,2026-04-09 10:34,56,Singapore Airlines
FL03269,Muscat,Manchester,2026-04-30 13:00,2026-04-30 20:44,146,Turkish Airlines
FL00213,Copenhagen,Tashkent,2026-01-14 09:00,2026-01-14 14:47,90,British Airways
FL04414,Santiago,Taipei,2026-01-03 15:00,2026-01-04 13:03,10,Emirates
FL02975,Hyderabad,Hong Kong,2026-02-03 10:00,2026-02-03 15:02,50,British Airways
FL01178,Denver,Guangzhou,2026-04-19 22:00,2026-04-20 12:53,28,Emirates
FL02236,Istanbul,Lahore,2026-03-18 19:00,2026-03-19 00:19,172,Turkish Airlines
FL01022,Buenos Aires,Stockholm,2026-06-29 18:00,2026-06-30 09:22,81,Lufthansa
FL02645,Auckland,Chennai,2026-01-17 14:00,2026-01-18 04:03,5,Singapore Airlines
FL04365,Mexico City,Havana,2026-05-09 02:00,2026-05-09 04:24,131,Lufthansa
FL02107,Karachi,Budapest,2026-05-26 22:00,2026-05-27 04:02,118,Emirates
FL01233,Oslo,Zurich,2026-03-23 02:00,2026-03-23 04:24,105,Singapore Airlines
FL01542,Beijing,Dublin,2026-04-06 15:00,2026-04-07 01:16,106,Iberia
FL02981,Baku,Karachi,2026-04-06 08:00,2026-04-06 11:12,134,Pakistan International
FL03284,Istanbul,Chicago,2026-05-07 20:00,2026-05-08 07:06,7,Emirates
FL02010,Manila,Mumbai,2026-04-23 05:00,2026-04-23 11:40,150,British Airways
FL01326,Chengdu,Lahore,2026-03-28 19:00,2026-03-28 23:11,168,Pakistan International
FL02847,Hong Kong,Cairo,2026-05-11 07:00,2026-05-11 17:31,94,Lufthansa
FL03641,Kuwait City,Budapest,2026-02-20 00:00,2026-02-20 04:12,142,KLM
FL01354,Santiago,Buenos Aires,2026-03-19 23:00,2026-03-20 00:54,129,Emirates
FL00533,Kuwait City,Dhaka,2026-06-12 22:00,2026-06-13 03:53,85,Emirates
FL00137,Baku,Muscat,2026-03-15 14:00,2026-03-15 16:43,176,British Airways
FL03460,Abu Dhabi,Kuala Lumpur,2026-04-29 13:00,2026-04-29 20:19,109,British Airways
FL00510,New Delhi,Denver,2026-04-10 18:00,2026-04-11 09:09,139,Turkish Airlines
FL01826,Mumbai,Oslo,2026-02-17 11:00,2026-02-17 19:13,55,Air India
FL03147,Dublin,Frankfurt,2026-04-13 10:00,2026-04-13 12:06,179,Emirates
FL03744,Amsterdam,San Francisco,2026-04-21 17:00,2026-04-22 04:14,179,Singapore Airlines
FL02200,Madrid,Jakarta,2026-04-16 21:00,2026-04-17 11:48,62,Singapore Airlines
FL01932,Barcelona,Tokyo,2026-02-05 00:00,2026-02-05 12:48,104,Iberia
FL04320,Bangkok,Kolkata,2026-01-03 09:00,2026-01-03 11:11,82,British Airways
FL03887,Tokyo,Manila,2026-02-14 03:00,2026-02-14 07:24,148,Emirates
FL00729,Oslo,New Delhi,2026-01-05 12:00,2026-01-05 19:46,136,Emirates
FL04018,Almaty,Dallas,2026-04-30 23:00,2026-05-01 13:12,106,Lufthansa
FL99011,Sydney,Melbourne,,2026-03-08 10:00,0,Qantas
FL00187,Kolkata,Lagos,2026-06-16 13:00,2026-06-17 00:11,11,Emirates
FL01274,Lagos,Vienna,2026-06-21 11:00,2026-06-21 16:58,143,Emirates
FL01406,Vancouver,Montreal,2026-01-20 17:00,2026-01-20 21:36,171,Singapore Airlines
FL01985,Buenos Aires,Barcelona,2026-03-25 18:00,2026-03-26 06:51,174,British Airways
FL00940,Miami,Moscow,2026-05-06 15:00,2026-05-07 02:10,49,British Airways
FL04053,San Francisco,Munich,2026-03-30 12:00,2026-03-30 23:48,151,Turkish Airlines
FL03804,Addis Ababa,Tashkent,2026-04-18 23:00,2026-04-19 05:18,140,Turkish Airlines
FL03395,Denver,Zhengzhou,2026-04-21 12:00,2026-04-22 01:31,104,British Airways
FL04447,Mexico City,Copenhagen,2026-06-19 17:00,2026-06-20 04:29,150,AeroMexico
FL03298,Guadalajara,Melbourne,2026-02-25 09:00,2026-02-26 01:26,3,Turkish Airlines
FL02759,Lagos,Guadalajara,2026-02-05 22:00,2026-02-06 11:55,97,Turkish Airlines
FL00077,Atlanta,Addis Ababa,2026-03-15 06:00,2026-03-15 21:08,148,American Airlines
FL01343,Zurich,Brussels,2026-04-28 16:00,2026-04-28 17:24,92,Emirates
FL02119,Prague,Santiago,2026-01-09 03:00,2026-01-09 18:18,161,Turkish Airlines
FL03776,Lahore,Lisbon,2026-02-08 04:00,2026-02-08 13:24,131,Pakistan International
FL01508,Toronto,Goa,2026-01-09 21:00,2026-01-10 12:50,113,Air Canada
FL02832,Bangalore,Jeddah,2026-02-04 05:00,2026-02-04 10:12,125,Turkish Airlines
FL04431,Istanbul,Brisbane,2026-03-15 22:00,2026-03-16 16:20,62,British Airways
FL00838,São Paulo,Lima,2026-03-14 14:00,2026-03-14 18:48,33,Singapore Airlines
FL00741,Bangalore,Yangon,2026-02-02 21:00,2026-02-03 00:07,25,British Airways
FL02271,Barcelona,Munich,2026-03-19 05:00,2026-03-19 06:51,69,Turkish Airlines
FL04215,Mexico City,Los Angeles,2026-06-05 08:00,2026-06-05 11:45,54,Singapore Airlines
FL03652,Chennai,Karachi,2026-02-11 03:00,2026-02-11 06:00,138,Singapore Airlines
FL03598,Tokyo,Madrid,2026-04-13 04:00,2026-04-13 17:38,10,Singapore Airlines
FL00393,Chennai,New York,2026-04-29 01:00,2026-04-29 17:31,106,Air India
FL03590,Moscow,Milan,2026-01-06 17:00,2026-01-06 19:57,152,Lufthansa
FL01731,Kolkata,Hyderabad,2026-02-06 12:00,2026-02-06 14:13,178,Singapore Airlines
FL04081,Chengdu,Munich,2026-05-13 15:00,2026-05-14 00:25,117,Emirates
FL03542,Goa,Istanbul,2026-02-27 20:00,2026-02-28 02:45,10,Emirates
FL00314,Havana,Vienna,2026-03-18 14:00,2026-03-19 00:36,15,British Airways
FL01388,Taipei,Frankfurt,2026-03-23 04:00,2026-03-23 15:34,82,British Airways
FL00001,Perth,Singapore,2026-01-07 23:00,2026-01-08 04:03,57,Turkish Airlines
FL01335,London,Helsinki,2026-04-28 03:00,2026-04-28 06:09,156,Lufthansa
FL03777,Kunming,Nairobi,2026-01-01 04:00,2026-01-01 13:59,100,Turkish Airlines
FL03202,Perth,Baku,2026-01-27 16:00,2026-01-28 04:40,101,Singapore Airlines
FL01469,Lisbon,Manchester,2026-05-20 20:00,2026-05-20 22:18,70,Turkish Airlines
FL03558,Yerevan,Zurich,2026-05-31 19:00,2026-05-31 23:10,156,Singapore Airlines
FL03239,Budapest,Doha,2026-06-24 21:00,2026-06-25 02:08,157,British Airways
FL01380,Kaohsiung,Yerevan,2026-01-14 18:00,2026-01-15 03:10,121,Emirates
FL00421,Barcelona,Kunming,2026-02-06 22:00,2026-02-07 09:29,19,British Airways
FL02702,Kuwait City,Copenhagen,2026-05-07 02:00,2026-05-07 07:42,178,Turkish Airlines
FL01068,Mexico City,Atlanta,2026-04-09 22:00,2026-04-10 01:23,123,Emirates
FL03323,Rio de Janeiro,San Francisco,2026-01-03 22:00,2026-01-04 10:52,94,Singapore Airlines
FL00881,Auckland,Taipei,2026-06-18 15:00,2026-06-19 02:06,179,Singapore Airlines
FL00108,Jakarta,Paris,2026-05-10 20:00,2026-05-11 10:05,107,Air France
FL02996,Warsaw,Istanbul,2026-03-25 10:00,2026-03-25 11:59,55,Turkish Airlines
FL00337,Havana,Bogotá,2026-01-09 18:00,2026-01-09 21:34,28,Turkish Airlines
FL01804,Chengdu,Hong Kong,2026-01-08 19:00,2026-01-08 21:22,20,Singapore Airlines
FL01069,Muscat,Doha,2026-04-02 10:00,2026-04-02 11:35,102,Emirates
FL03138,Colombo,Chengdu,2026-03-04 20:00,2026-03-05 00:48,138,Lufthansa
FL00211,Almaty,Jakarta,2026-02-03 17:00,2026-02-04 00:39,143,Singapore Airlines
FL04182,Chengdu,Chennai,2026-05-27 21:00,2026-05-28 01:17,147,Lufthansa
FL00092,Barcelona,Copenhagen,2026-04-10 18:00,2026-04-10 21:02,5,Iberia
FL01875,Montreal,Kunming,2026-05-04 03:00,2026-05-04 17:45,132,Air Canada
FL02684,Chicago,London,2026-03-19 00:00,2026-03-19 08:25,49,United Airlines
FL03470,Denver,Shenzhen,2026-05-03 23:00,2026-05-04 14:04,147,Singapore Airlines
FL00068,Dhaka,Vancouver,2026-05-11 12:00,2026-05-12 01:58,137,British Airways
FL01872,Tbilisi,New York,2026-01-25 03:00,2026-01-25 14:02,85,Lufthansa
FL03358,Shanghai,Addis Ababa,2026-05-29 09:00,2026-05-29 20:13,65,British Airways
FL02208,Perth,São Paulo,2026-01-08 06:00,2026-01-08 22:39,37,Singapore Airlines
FL01844,Johannesburg,Chennai,2026-02-13 04:00,2026-02-13 13:02,30,Turkish Airlines
FL01761,Vancouver,Bangkok,2026-02-01 18:00,2026-02-02 08:30,93,Air Canada
FL02904,Chennai,Kaohsiung,2026-06-09 20:00,2026-06-10 01:42,159,Lufthansa
FL02115,Helsinki,Perth,2026-06-25 05:00,2026-06-25 20:41,149,Singapore Airlines
FL02765,Cairo,New Delhi,2026-05-21 17:00,2026-05-21 23:06,20,Air India
FL01647,Colombo,London,2026-04-19 15:00,2026-04-20 01:47,95,Emirates
FL02962,Vancouver,San Francisco,2026-01-19 18:00,2026-01-19 19:52,145,United Airlines
FL03342,Kaohsiung,Shenzhen,2026-02-20 22:00,2026-02-20 23:02,32,Emirates
FL00870,Colombo,Tashkent,2026-02-04 08:00,2026-02-04 13:32,124,Lufthansa
FL01866,Miami,Dublin,2026-06-29 19:00,2026-06-30 03:28,78,British Airways
FL02415,Barcelona,Tashkent,2026-03-23 01:00,2026-03-23 08:06,39,British Airways
FL03756,Beijing,Yangon,2026-03-26 00:00,2026-03-26 04:43,55,Emirates
FL04362,Copenhagen,Bogotá,2026-06-21 18:00,2026-06-22 05:17,25,Avianca
FL02436,Budapest,Istanbul,2026-05-19 20:00,2026-05-19 21:47,159,Singapore Airlines
FL01394,Guangzhou,Auckland,2026-05-09 06:00,2026-05-09 17:46,36,Lufthansa
FL03966,Frankfurt,Moscow,2026-03-31 08:00,2026-03-31 11:18,73,Emirates
FL03478,Tashkent,Prague,2026-03-27 12:00,2026-03-27 17:56,135,KLM
FL00825,Brisbane,Frankfurt,2026-04-26 23:00,2026-04-27 18:26,92,British Airways
FL02322,Budapest,São Paulo,2026-06-19 14:00,2026-06-20 02:31,31,Singapore Airlines
FL03792,Brussels,Mexico City,2026-06-12 09:00,2026-06-12 20:25,6,Emirates
FL00511,Yerevan,Budapest,2026-01-19 00:00,2026-01-19 03:14,3,Singapore Airlines
FL03428,Mexico City,Moscow,2026-02-14 12:00,2026-02-15 01:19,130,British Airways
FL03140,Doha,Vienna,2026-05-17 22:00,2026-05-18 03:17,157,Emirates
FL03945,Denver,Rio de Janeiro,2026-05-30 05:00,2026-05-30 16:37,55,Singapore Airlines
FL01345,Karachi,New Delhi,2026-04-13 05:00,2026-04-13 06:49,100,Air India
FL04248,Prague,Manchester,2026-01-17 11:00,2026-01-17 13:05,82,Singapore Airlines
FL02871,Hyderabad,Kunming,2026-04-27 16:00,2026-04-27 19:45,31,Lufthansa
FL04190,Kolkata,Dallas,2026-02-16 21:00,2026-02-17 13:50,178,Turkish Airlines
FL02999,Hong Kong,Chennai,2026-06-14 03:00,2026-06-14 07:49,22,Emirates
FL00859,Almaty,Tokyo,2026-02-20 14:00,2026-02-20 21:04,24,Japan Airlines
FL01339,Seoul,Barcelona,2026-04-23 13:00,2026-04-24 01:06,1,Turkish Airlines
FL01161,Nairobi,Copenhagen,2026-02-15 15:00,2026-02-15 23:49,165,Air France
FL01729,Shanghai,Colombo,2026-04-03 04:00,2026-04-03 10:28,36,Lufthansa
FL01749,Tbilisi,Nairobi,2026-04-12 16:00,2026-04-12 22:05,100,Lufthansa
FL03132,Bangalore,Tashkent,2026-04-07 11:00,2026-04-07 15:07,117,Lufthansa
FL03022,Amsterdam,Abu Dhabi,2026-03-04 13:00,2026-03-04 19:33,40,Turkish Airlines
FL01965,Stockholm,Chicago,2026-02-27 06:00,2026-02-27 14:36,168,United Airlines
,,,,,,
FL03048,Rio de Janeiro,Dublin,2026-04-02 05:00,2026-04-02 16:14,136,British Airways
FL02949,Madrid,Sydney,2026-01-20 00:00,2026-01-20 21:39,163,Emirates
FL04009,Prague,Amsterdam,2026-04-28 23:00,2026-04-29 00:45,1,KLM
FL00669,Istanbul,Copenhagen,2026-06-01 15:00,2026-06-01 18:10,173,Singapore Airlines
FL01423,Madrid,Karachi,2026-03-21 02:00,2026-03-21 10:33,24,Emirates
FL00089,Dallas,Goa,2026-03-15 07:00,2026-03-16 00:34,81,Air India
FL03633,Addis Ababa,Johannesburg,2026-05-01 07:00,2026-05-01 12:36,163,Turkish Airlines
FL00837,Santiago,Brisbane,2026-02-09 02:00,2026-02-09 16:38,99,LATAM Airlines
FL02902,Muscat,Chengdu,2026-01-17 09:00,2026-01-17 14:49,46,Emirates
FL01843,London,Addis Ababa,2026-01-20 08:00,2026-01-20 15:27,156,Singapore Airlines
FL04025,Manchester,Auckland,2026-01-17 14:00,2026-01-18 11:45,38,Lufthansa
FL01408,San Francisco,Chennai,2026-01-03 03:00,2026-01-03 19:58,49,Lufthansa
FL02737,Montreal,Riyadh,2026-03-15 03:00,2026-03-15 15:49,99,Lufthansa
FL02272,Toronto,Yangon,2026-01-07 04:00,2026-01-07 20:30,112,Emirates
FL00548,Beijing,Paris,2026-02-26 04:00,2026-02-26 14:01,102,British Airways
FL02385,Warsaw,Rio de Janeiro,2026-05-21 12:00,2026-05-22 01:03,29,Lufthansa
FL00724,Atlanta,Perth,2026-01-17 06:00,2026-01-18 04:02,54,American Airlines
FL03492,Hong Kong,Buenos Aires,2026-05-18 11:00,2026-05-19 09:39,41,Cathay Pacific
FL01021,Atlanta,Hyderabad,2026-05-24 11:00,2026-05-25 03:53,72,Delta
FL01165,Santiago,Kuala Lumpur,2026-05-29 01:00,2026-05-29 20:47,118,Lufthansa
FL03472,Denver,Shanghai,2026-06-26 05:00,2026-06-26 18:01,122,Delta
FL04450,Moscow,Casablanca,2026-03-10 09:00,2026-03-10 14:35,127,Turkish Airlines
FL03538,São Paulo,Stockholm,2026-03-04 14:00,2026-03-05 03:35,39,Lufthansa
FL01781,Milan,New Delhi,2026-01-30 21:00,2026-01-31 04:47,133,Air India
FL02080,Kuwait City,Vancouver,2026-06-18 06:00,2026-06-18 19:32,39,Emirates
FL02551,Goa,Athens,2026-02-21 08:00,2026-02-21 14:42,69,Turkish Airlines
FL01043,Karachi,Guangzhou,2026-02-07 19:00,2026-02-08 01:26,39,Pakistan International
FL01787,Colombo,Yangon,2026-05-19 13:00,2026-05-19 16:04,85,Emirates
FL02811,Buenos Aires,Chicago,2026-05-02 22:00,2026-05-03 09:06,42,Delta
FL03943,Kuwait City,Madrid,2026-03-24 22:00,2026-03-25 04:13,122,Turkish Airlines
FL00420,Cairo,Riyadh,2026-05-25 21:00,2026-05-25 23:10,80,Emirates
FL03157,Kolkata,Zhengzhou,2026-04-12 22:00,2026-04-13 02:00,112,British Airways
FL02934,Goa,Vienna,2026-04-16 21:00,2026-04-17 04:47,35,British Airways
FL00855,Beijing,Lisbon,2026-02-25 10:00,2026-02-25 21:55,127,Singapore Airlines
FL03246,Warsaw,Milan,2026-04-27 09:00,2026-04-27 11:07,171,Turkish Airlines
FL00976,Beijing,Auckland,2026-02-21 22:00,2026-02-22 10:43,17,Singapore Airlines
FL03922,Kuala Lumpur,Paris,2026-01-04 12:00,2026-01-05 00:40,68,Lufthansa
FL03315,Mexico City,New Delhi,2026-03-26 03:00,2026-03-26 20:33,8,AeroMexico
FL02120,Budapest,Bangkok,2026-04-30 18:00,2026-05-01 04:12,144,Singapore Airlines
FL03383,Buenos Aires,Manila,2026-05-31 03:00,2026-06-01 00:20,98,Emirates
FL00826,Jeddah,Muscat,2026-03-07 11:00,2026-03-07 13:35,31,British Airways
FL00784,Cairo,Lahore,2026-04-12 06:00,2026-04-12 11:21,142,Pakistan International
FL01680,Istanbul,Bangkok,2026-06-11 23:00,2026-06-12 08:32,10,Thai Airways
FL01107,São Paulo,Amsterdam,2026-04-16 16:00,2026-04-17 04:07,55,Singapore Airlines
FL02553,Muscat,Oslo,2026-05-24 22:00,2026-05-25 05:01,59,Emirates
FL02099,Los Angeles,Melbourne,2026-02-09 22:00,2026-02-10 13:48,33,Emirates
FL03970,Cairo,Oslo,2026-01-18 15:00,2026-01-18 19:48,87,British Airways
FL03913,Bangalore,Goa,2026-06-24 01:00,2026-06-24 02:00,103,Lufthansa
FL03155,Manchester,Istanbul,2026-02-27 10:00,2026-02-27 13:51,100,Singapore Airlines
FL00010,Sydney,Hyderabad,2026-01-18 01:00,2026-01-18 12:59,74,Emirates
FL01205,Montreal,Milan,2026-05-06 16:00,2026-05-06 23:38,87,Lufthansa
FL02967,Lisbon,Casablanca,2026-06-15 04:00,2026-06-15 05:11,155,Iberia
FL04064,Barcelona,Abu Dhabi,2026-05-28 15:00,2026-05-28 21:34,162,Iberia
FL00520,Manchester,Tashkent,2026-03-08 05:00,2026-03-08 11:47,68,Emirates
FL02874,Zurich,Tokyo,2026-01-20 02:00,2026-01-20 14:13,156,Japan Airlines
FL03940,Frankfurt,Yangon,2026-06-08 01:00,2026-06-08 11:15,119,Lufthansa
FL00067,Los Angeles,Rio de Janeiro,2026-02-19 12:00,2026-02-20 00:25,17,British Airways
FL00786,Chennai,Moscow,2026-02-05 21:00,2026-02-06 04:24,58,Singapore Airlines
FL02220,Lahore,Goa,2026-04-27 05:00,2026-04-27 07:23,155,British Airways
FL04114,Guadalajara,Havana,2026-02-05 20:00,2026-02-05 23:28,20,Singapore Airlines
FL02502,Tbilisi,New York,2026-06-09 10:00,2026-06-09 20:52,125,Lufthansa
FL04330,Santiago,San Francisco,2026-06-30 23:00,2026-07-01 10:36,103,Delta
FL02330,Zhengzhou,Milan,2026-02-26 18:00,2026-02-27 04:25,68,Cathay Pacific
FL03196,Madrid,Los Angeles,2026-02-19 17:00,2026-02-20 04:41,175,Turkish Airlines
FL01572,Copenhagen,Athens,2026-06-18 22:00,2026-06-19 01:26,98,Singapore Airlines
FL02201,Barcelona,Johannesburg,2026-01-25 10:00,2026-01-25 20:06,18,Singapore Airlines
FL04208,Manila,Colombo,2026-03-07 10:00,2026-03-07 15:41,44,Singapore Airlines
FL02536,Brisbane,São Paulo,2026-05-26 08:00,2026-05-27 00:51,6,LATAM Airlines
FL01422,Almaty,Mexico City,2026-06-26 13:00,2026-06-27 05:17,63,Turkish Airlines
FL03769,Lahore,Santiago,2026-03-26 16:00,2026-03-27 12:04,146,Lufthansa
FL00688,Lima,Melbourne,2026-02-20 06:00,2026-02-20 21:35,100,Turkish Airlines
FL03197,Dallas,Athens,2026-04-01 22:00,2026-04-02 10:05,138,Delta
FL04479,Rio de Janeiro,Helsinki,2026-05-08 13:00,2026-05-09 03:00,109,LATAM Airlines
FL02389,Vancouver,Mumbai,2026-05-15 18:00,2026-05-16 09:06,136,Lufthansa
FL02667,Barcelona,Dallas,2026-06-03 11:00,2026-06-03 21:41,29,Iberia
FL02840,Lisbon,Vancouver,2026-03-16 09:00,2026-03-16 19:11,21,Lufthansa
FL01566,Colombo,Bangalore,2026-01-26 00:00,2026-01-26 01:25,178,Singapore Airlines
FL02704,Guadalajara,Lahore,2026-06-29 11:00,2026-06-30 04:28,22,Emirates
FL03743,Istanbul,Zhengzhou,2026-06-20 03:00,2026-06-20 11:57,137,Lufthansa
FL00715,Colombo,Dallas,2026-03-23 16:00,2026-03-24 10:42,47,Emirates
FL00145,Montreal,Vienna,2026-05-21 01:00,2026-05-21 09:11,80,British Airways
FL00719,Singapore,Guadalajara,2026-03-30 14:00,2026-03-31 09:27,164,AeroMexico
FL04102,Goa,Brussels,2026-02-03 06:00,2026-02-03 14:48,48,Lufthansa
FL03611,Tokyo,Los Angeles,2026-01-29 20:00,2026-01-30 07:10,109,American Airlines
FL01095,Singapore,Kuala Lumpur,2026-06-25 15:00,2026-06-25 16:00,40,Emirates
FL99018,Bogotá,Lima,2026-03-13 09:00,2026-03-13 11:00,0,Avianca
FL02738,Goa,Bangalore,2026-02-15 17:00,2026-02-15 18:18,3,Air India
FL02537,Beijing,Mexico City,2026-02-16 10:00,2026-02-17 01:02,99,Lufthansa
FL00818,Yangon,Miami,2026-05-08 13:00,2026-05-09 07:21,179,American Airlines
FL03117,Dublin,Xi'an,2026-05-10 18:00,2026-05-11 04:29,37,Cathay Pacific
FL00290,Yangon,Manchester,2026-06-23 05:00,2026-06-23 16:36,36,Lufthansa
FL00312,Vancouver,Barcelona,2026-05-27 13:00,2026-05-27 23:51,7,Singapore Airlines
FL01580,Kunming,Paris,2026-06-14 10:00,2026-06-14 20:41,97,Lufthansa
FL00734,Casablanca,Auckland,2026-02-06 09:00,2026-02-07 08:45,165,British Airways
FL02084,Atlanta,Buenos Aires,2026-02-25 02:00,2026-02-25 12:26,157,LATAM Airlines
FL00229,Colombo,Dallas,2026-04-12 23:00,2026-04-13 17:34,4,Lufthansa
FL00383,Warsaw,Dhaka,2026-02-09 08:00,2026-02-09 16:05,28,Emirates
FL03759,Atlanta,Beijing,2026-05-13 16:00,2026-05-14 06:15,145,Emirates
FL01230,Toronto,Rio de Janeiro,2026-04-30 08:00,2026-04-30 18:41,136,Air Canada
FL00550,Dubai,Dallas,2026-02-20 20:00,2026-02-21 11:46,32,Emirates
FL01275,Zhengzhou,San Francisco,2026-03-08 05:00,2026-03-08 17:31,86,Lufthansa
FL01311,Beijing,San Francisco,2026-06-17 15:00,2026-06-18 02:45,103,Lufthansa
FL00160,Denver,Dublin,2026-06-01 10:00,2026-06-01 19:11,112,Emirates
FL03417,Santiago,Zurich,2026-05-03 06:00,2026-05-03 20:33,67,Turkish Airlines
FL02428,Nairobi,Auckland,2026-02-14 12:00,2026-02-15 05:23,41,British Airways
FL02439,Taipei,Kaohsiung,2026-06-20 05:00,2026-06-20 06:00,174,Turkish Airlines
FL02209,Beijing,Johannesburg,2026-04-04 23:00,2026-04-05 13:24,132,Japan Airlines
FL02714,New York,Istanbul,2026-04-25 04:00,2026-04-25 13:48,18,Singapore Airlines
FL01440,Manchester,Kunming,2026-06-18 21:00,2026-06-19 07:37,60,Lufthansa
FL04269,Doha,Barcelona,2026-01-27 02:00,2026-01-27 08:12,78,Singapore Airlines
FL01266,Baku,Milan,2026-04-08 04:00,2026-04-08 08:32,52,Air France
FL00423,Bangalore,Moscow,2026-02-05 22:00,2026-02-06 05:41,128,Air India
FL01168,Sydney,Perth,2026-02-16 03:00,2026-02-16 07:33,42,Lufthansa
FL03344,Mexico City,Denver,2026-02-03 22:00,2026-02-04 01:19,91,Turkish Airlines
FL03430,Yangon,Moscow,2026-01-17 10:00,2026-01-17 18:28,121,Emirates
FL03044,Bangkok,Jakarta,2026-04-12 23:00,2026-04-13 02:32,13,Thai Airways
FL01707,Frankfurt,Taipei,2026-04-09 00:00,2026-04-09 11:21,3,Emirates
FL01378,Chennai,Los Angeles,2026-05-27 20:00,2026-05-28 13:49,79,Air India
FL00267,New York,Bangkok,2026-01-10 09:00,2026-01-11 02:20,120,Turkish Airlines
FL02619,Manchester,San Francisco,2026-01-31 23:00,2026-02-01 09:39,74,Turkish Airlines
FL03771,Paris,Jakarta,2026-02-22 10:00,2026-02-23 00:24,71,Air France
FL00484,Frankfurt,New York,2026-04-16 01:00,2026-04-16 09:16,167,Turkish Airlines
FL00373,Amsterdam,Manchester,2026-04-25 01:00,2026-04-25 02:09,131,Singapore Airlines
FL03687,Zurich,Atlanta,2026-03-29 07:00,2026-03-29 16:19,133,Emirates
FL01685,Paris,Rome,2026-04-18 16:00,2026-04-18 18:14,128,Emirates
FL04433,Vancouver,Santiago,2026-03-15 15:00,2026-03-16 04:04,116,LATAM Airlines
FL01261,Dubai,Los Angeles,2026-05-23 20:00,2026-05-24 12:28,58,Emirates
FL00030,Tbilisi,Tashkent,2026-06-26 06:00,2026-06-26 09:09,102,British Airways
FL01507,Rio de Janeiro,Beijing,2026-06-23 08:00,2026-06-24 04:44,91,Turkish Airlines
FL01003,Denver,Amsterdam,2026-06-28 14:00,2026-06-28 23:24,79,United Airlines
FL01145,Karachi,Kolkata,2026-01-29 23:00,2026-01-30 02:10,10,Turkish Airlines
FL00645,Dubai,Havana,2026-01-02 20:00,2026-01-03 12:04,57,British Airways
FL00127,Rome,Dallas,2026-05-28 20:00,2026-05-29 07:22,38,Turkish Airlines
FL00637,London,Auckland,2026-05-30 18:00,2026-05-31 16:33,18,Singapore Airlines
FL01109,Mumbai,Stockholm,2026-05-29 07:00,2026-05-29 15:16,151,Turkish Airlines
FL02672,Hyderabad,Prague,2026-04-06 06:00,2026-04-06 14:29,106,Emirates
FL01215,Dhaka,Yangon,2026-04-16 11:00,2026-04-16 12:26,62,Turkish Airlines
FL02923,Kuwait City,Hong Kong,2026-03-03 18:00,2026-03-04 02:34,79,Singapore Airlines
FL01100,São Paulo,Singapore,2026-03-25 07:00,2026-03-26 02:08,105,Turkish Airlines
FL03847,Copenhagen,Xi'an,2026-01-20 00:00,2026-01-20 09:02,58,Emirates
FL01270,Mumbai,Kolkata,2026-04-12 21:00,2026-04-12 23:22,98,Air India
FL03703,Addis Ababa,Barcelona,2026-06-01 16:00,2026-06-01 22:48,16,Iberia
FL02230,Santiago,Kuwait City,2026-03-05 10:00,2026-03-06 03:14,143,Singapore Airlines
FL02476,Moscow,Auckland,2026-06-01 09:00,2026-06-02 04:46,129,Air France
FL00060,Hong Kong,Riyadh,2026-01-10 11:00,2026-01-10 19:39,37,British Airways
FL03187,Chengdu,Almaty,2026-04-09 17:00,2026-04-09 20:32,141,Korean Air
FL03290,Bangkok,Sydney,2026-04-23 10:00,2026-04-23 19:40,144,British Airways
FL01778,Kolkata,Oslo,2026-04-01 22:00,2026-04-02 07:04,2,Lufthansa
FL03959,Prague,Milan,2026-06-18 01:00,2026-06-18 02:14,71,KLM
FL03379,Dubai,Kuwait City,2026-06-28 00:00,2026-06-28 01:41,158,British Airways
FL01007,Prague,Madrid,2026-03-14 11:00,2026-03-14 13:45,32,Iberia
FL01687,Muscat,Shanghai,2026-06-27 06:00,2026-06-27 14:09,101,Lufthansa
FL04115,Tbilisi,Paris,2026-03-16 12:00,2026-03-16 16:46,158,Singapore Airlines
FL00941,Tokyo,Brussels,2026-01-04 08:00,2026-01-04 20:05,56,Lufthansa
FL02152,Warsaw,Yangon,2026-01-13 19:00,2026-01-14 04:37,64,Iberia
FL03680,Muscat,Bogotá,2026-02-23 11:00,2026-02-24 03:52,158,Emirates
FL01108,Budapest,Prague,2026-03-13 00:00,2026-03-13 01:21,63,Air France
FL00700,Chennai,Brussels,2026-06-22 23:00,2026-06-23 09:12,136,British Airways
FL02615,Muscat,Sydney,2026-03-31 09:00,2026-03-31 23:09,85,Lufthansa
FL03388,Auckland,Lahore,2026-02-01 15:00,2026-02-02 07:07,91,Turkish Airlines
FL03446,Xi'an,Amsterdam,2026-06-11 12:00,2026-06-11 21:46,48,Emirates
FL02892,Amsterdam,Los Angeles,2026-04-09 04:00,2026-04-09 15:18,18,American Airlines
FL03770,Addis Ababa,Hong Kong,2026-01-05 06:00,2026-01-05 16:15,170,Emirates
FL01204,Dallas,Rio de Janeiro,2026-05-14 15:00,2026-05-15 01:45,51,British Airways
FL00928,Jeddah,Cairo,2026-02-27 04:00,2026-02-27 05:56,100,Lufthansa
FL02933,Kunming,Nairobi,2026-04-11 05:00,2026-04-11 14:19,114,Turkish Airlines
FL00496,Kolkata,Yerevan,2026-03-01 13:00,2026-03-01 19:05,180,Emirates
FL03589,Copenhagen,Kunming,2026-03-19 02:00,2026-03-19 11:56,146,Japan Airlines
FL01959,London,Colombo,2026-04-16 22:00,2026-04-17 09:12,124,British Airways
FL03248,Kuwait City,Havana,2026-06-15 17:00,2026-06-16 07:39,23,United Airlines
FL01855,Baku,Singapore,2026-03-03 00:00,2026-03-03 09:05,47,British Airways
FL01757,Hong Kong,Kaohsiung,2026-06-10 15:00,2026-06-10 16:06,3,Cathay Pacific
FL00787,Kolkata,Kuala Lumpur,2026-01-26 06:00,2026-01-26 09:43,86,Lufthansa
FL01928,Los Angeles,Miami,2026-03-24 03:00,2026-03-24 08:12,96,Turkish Airlines
FL00884,Jeddah,Tbilisi,2026-04-17 11:00,2026-04-17 14:32,14,Lufthansa
FL04331,London,Sydney,2026-02-19 01:00,2026-02-19 21:24,128,Singapore Airlines
FL00273,Copenhagen,Atlanta,2026-06-07 11:00,2026-06-07 20:07,106,Turkish Airlines
FL02817,Casablanca,Prague,2026-01-16 21:00,2026-01-17 00:37,158,Turkish Airlines
FL02082,Manchester,Kunming,2026-06-15 12:00,2026-06-15 22:46,151,Lufthansa
FL02707,Istanbul,Cairo,2026-06-01 09:00,2026-06-01 11:11,134,Emirates
FL03831,Hong Kong,Denver,2026-02-21 21:00,2026-02-22 11:50,150,American Airlines
FL03685,Chicago,Rio de Janeiro,2026-02-04 16:00,2026-02-05 02:58,120,United Airlines
FL01347,Hyderabad,Montreal,2026-05-14 09:00,2026-05-15 00:16,174,Air Canada
FL03355,Brussels,Milan,2026-01-04 16:00,2026-01-04 17:04,103,Iberia
FL01981,Vancouver,Tokyo,2026-02-17 21:00,2026-02-18 06:31,112,Japan Airlines
FL03337,Montreal,Frankfurt,2026-05-12 04:00,2026-05-12 11:15,122,Turkish Airlines
FL03444,Budapest,Montreal,2026-05-20 13:00,2026-05-20 21:21,163,Turkish Airlines
FL02810,Seoul,Amsterdam,2026-03-06 19:00,2026-03-07 05:42,161,Lufthansa
FL02480,Guadalajara,Goa,2026-04-25 00:00,2026-04-25 19:49,172,Emirates
FL02504,Hyderabad,New York,2026-04-04 01:00,2026-04-04 16:51,57,Delta
FL03378,Barcelona,Nairobi,2026-02-02 02:00,2026-02-02 09:19,73,British Airways
FL04156,Toronto,Lahore,2026-02-04 06:00,2026-02-04 19:54,103,British Airways
FL01137,Colombo,Nairobi,2026-04-27 05:00,2026-04-27 11:25,41,Singapore Airlines
FL03280,Vienna,Bangkok,2026-05-19 01:00,2026-05-19 11:26,13,Singapore Airlines
FL01904,Guadalajara,Perth,2026-02-09 09:00,2026-02-10 04:27,1,Qantas
FL02206,Perth,Addis Ababa,2026-05-02 22:00,2026-05-03 09:34,75,Turkish Airlines
FL02373,Zurich,Manila,2026-06-28 15:00,2026-06-29 03:37,87,British Airways
FL01485,Amsterdam,San Francisco,2026-01-27 21:00,2026-01-28 08:00,8,United Airlines
FL01253,Hyderabad,Copenhagen,2026-01-26 05:00,2026-01-26 13:54,129,Emirates
FL03675,Kaohsiung,Shanghai,2026-06-26 16:00,2026-06-26 17:37,136,Cathay Pacific
FL99020,Riyadh,Jeddah,2026-03-15 08:00,2026-03-15 09:00,5,AAAAAAAAAAAAAAAAAAAAAAAAAAAAAAAAAAAAAAAAAAAAAAAAAAAAAAAAAAAAAAAAAAAAAAAAAAAAAAAAAAAAAAAAAAAAAAAAAAAAAAAAAAAAAAAAAAAAAAAAAAAAAAAAAAAAAAAAAAAAAAAAAAAAAAAAAAAAAAAAAAAAAAAAAAAAAAAAAAAAAAAAAAAAAAAAAAAAAAAA
FL00189,Taipei,Prague,2026-04-05 21:00,2026-04-06 08:33,178,KLM
FL01384,Oslo,Miami,2026-04-17 00:00,2026-04-17 09:51,81,United Airlines
FL04008,Jeddah,Hong Kong,2026-04-18 22:00,2026-04-19 07:27,52,Cathay Pacific
FL01639,New Delhi,Amsterdam,2026-06-12 02:00,2026-06-12 09:47,61,Emirates
FL04366,Munich,Kolkata,2026-04-29 02:00,2026-04-29 10:43,5,Singapore Airlines
FL01927,Tokyo,Tbilisi,2026-01-19 14:00,2026-01-20 00:01,155,Lufthansa
FL04249,Xi'an,Shanghai,2026-05-23 18:00,2026-05-23 19:58,130,Japan Airlines
FL03175,Xi'an,Dhaka,2026-02-28 01:00,2026-02-28 03:45,172,Korean Air
FL03727,Los Angeles,Budapest,2026-02-25 19:00,2026-02-26 07:23,48,Delta
FL00216,Copenhagen,Muscat,2026-06-09 19:00,2026-06-10 01:47,142,Emirates
FL00892,Oslo,Tashkent,2026-03-24 19:00,2026-03-25 00:37,139,Air France
FL04168,Bogotá,Toronto,2026-06-22 04:00,2026-06-22 09:31,110,LATAM Airlines
FL01286,Kaohsiung,Miami,2026-04-17 02:00,2026-04-17 19:08,127,Emirates
FL03577,Tbilisi,Brisbane,2026-04-05 18:00,2026-04-06 10:10,162,Lufthansa
FL00958,Munich,Atlanta,2026-06-09 08:00,2026-06-09 17:19,127,Lufthansa
FL01304,Chicago,Manchester,2026-01-28 16:00,2026-01-28 23:47,24,Lufthansa
FL04228,Stockholm,Guadalajara,2026-04-28 15:00,2026-04-29 02:48,111,Singapore Airlines
FL02273,Manila,Los Angeles,2026-04-24 23:00,2026-04-25 13:42,53,United Airlines
FL00852,Melbourne,Helsinki,2026-03-11 22:00,2026-03-12 16:34,48,British Airways
FL00401,Yangon,Manchester,2026-05-08 14:00,2026-05-09 00:58,120,British Airways
FL01058,Lima,Lagos,2026-04-30 21:00,2026-05-01 08:41,163,British Airways
FL03339,Brisbane,São Paulo,2026-02-04 21:00,2026-02-05 14:24,15,LATAM Airlines
FL01070,Brisbane,Vancouver,2026-01-24 11:00,2026-01-25 01:35,87,Emirates
FL03265,Muscat,Bangkok,2026-02-21 01:00,2026-02-21 06:40,18,Singapore Airlines
FL02341,Mumbai,Baku,2026-04-13 11:00,2026-04-13 15:37,44,Singapore Airlines
FL00956,Montreal,Hong Kong,2026-02-11 04:00,2026-02-11 19:01,13,British Airways
FL03761,Amsterdam,Moscow,2026-05-26 23:00,2026-05-27 02:14,60,Turkish Airlines
FL02221,Riyadh,Cairo,2026-01-24 23:00,2026-01-25 01:17,16,Turkish Airlines
FL02948,Doha,Istanbul,2026-02-06 14:00,2026-02-06 18:02,127,Lufthansa
FL00153,Budapest,Bogotá,2026-04-27 17:00,2026-04-28 04:58,48,British Airways
FL01663,Havana,Buenos Aires,2026-01-14 21:00,2026-01-15 05:59,109,Singapore Airlines
FL03719,San Francisco,Copenhagen,2026-01-26 03:00,2026-01-26 14:00,159,Delta
FL00747,Riyadh,Istanbul,2026-02-14 20:00,2026-02-14 23:35,71,Turkish Airlines
FL00436,Brussels,Lagos,2026-05-04 02:00,2026-05-04 08:19,63,Ethiopian Airlines
FL00736,Doha,Jeddah,2026-01-22 09:00,2026-01-22 10:58,88,Turkish Airlines
FL02583,Rome,San Francisco,2026-04-26 09:00,2026-04-26 21:43,10,Singapore Airlines
FL02022,Amsterdam,New York,2026-03-13 23:00,2026-03-14 06:37,90,Emirates
FL01041,Xi'an,San Francisco,2026-06-01 23:00,2026-06-02 11:37,114,American Airlines
FL03892,Guangzhou,Zurich,2026-02-19 14:00,2026-02-20 01:40,10,Singapore Airlines
FL04210,Atlanta,Hong Kong,2026-02-21 06:00,2026-02-21 22:31,136,American Airlines
FL03728,Vancouver,Helsinki,2026-02-13 05:00,2026-02-13 14:08,52,Lufthansa
FL04296,Copenhagen,Auckland,2026-03-31 23:00,2026-04-01 19:55,165,Iberia
FL02689,Santiago,Zhengzhou,2026-05-23 17:00,2026-05-24 16:56,84,Lufthansa
FL00286,Xi'an,Miami,2026-05-20 09:00,2026-05-21 01:04,20,American Airlines
FL01116,Miami,Manila,2026-06-10 14:00,2026-06-11 08:23,0,Emirates
FL01794,Manila,Singapore,2026-02-20 15:00,2026-02-20 18:45,89,Singapore Airlines
FL00434,Kaohsiung,Manchester,2026-02-13 21:00,2026-02-14 09:13,35,British Airways
FL01401,Barcelona,Melbourne,2026-05-10 10:00,2026-05-11 06:41,87,Iberia
FL03074,Seoul,Jakarta,2026-06-07 05:00,2026-06-07 11:48,142,Singapore Airlines
FL00596,Kaohsiung,Buenos Aires,2026-05-02 09:00,2026-05-03 07:14,8,Singapore Airlines
FL03487,Lisbon,Baku,2026-06-27 21:00,2026-06-28 03:42,101,Emirates
FL03303,Dhaka,Yerevan,2026-03-04 11:00,2026-03-04 17:13,87,Turkish Airlines
FL02641,Stockholm,Shenzhen,2026-02-22 11:00,2026-02-22 20:58,19,Japan Airlines
FL01141,New York,Manila,2026-04-25 17:00,2026-04-26 10:05,136,Singapore Airlines
FL01974,Johannesburg,Rio de Janeiro,2026-03-06 20:00,2026-03-07 05:16,155,Emirates
FL00628,Sydney,Hong Kong,2026-05-13 07:00,2026-05-13 16:37,153,British Airways
FL00507,Barcelona,Abu Dhabi,2026-06-05 16:00,2026-06-05 22:28,100,British Airways
FL02246,Bogotá,Kuala Lumpur,2026-03-25 23:00,2026-03-26 22:02,151,Avianca
FL02401,Buenos Aires,Rio de Janeiro,2026-03-26 05:00,2026-03-26 08:20,58,LATAM Airlines
FL03223,Jakarta,Moscow,2026-01-24 09:00,2026-01-24 20:15,60,KLM
FL03988,Manchester,Jakarta,2026-05-13 23:00,2026-05-14 13:35,8,Emirates
FL01725,Taipei,Copenhagen,2026-05-21 15:00,2026-05-22 02:01,126,KLM
FL01400,Kolkata,Seoul,2026-02-05 23:00,2026-02-06 04:20,71,Singapore Airlines
FL03128,Rio de Janeiro,Perth,2026-01-13 08:00,2026-01-14 00:12,90,Turkish Airlines
FL03087,Tashkent,Rio de Janeiro,2026-04-04 14:00,2026-04-05 06:12,151,Emirates
FL04406,Addis Ababa,Dallas,2026-01-01 04:00,2026-01-01 20:30,72,Ethiopian Airlines
FL02114,Amsterdam,Milan,2026-04-01 18:00,2026-04-01 19:27,164,KLM
FL01522,Rio de Janeiro,Athens,2026-01-18 10:00,2026-01-18 21:42,149,British Airways
FL01212,Manila,Melbourne,2026-06-23 11:00,2026-06-23 19:15,72,British Airways
FL01464,Kuala Lumpur,Manila,2026-03-07 17:00,2026-03-07 20:14,21,Turkish Airlines
FL02464,Helsinki,Guadalajara,2026-01-22 21:00,2026-01-23 09:34,130,Emirates
FL00670,Miami,Melbourne,2026-04-08 11:00,2026-04-09 06:03,175,Turkish Airlines
FL01951,Colombo,Sydney,2026-03-29 13:00,2026-03-30 00:14,60,Turkish Airlines
FL04341,Mexico City,Zhengzhou,2026-01-26 06:00,2026-01-26 21:48,44,British Airways
FL04286,Taipei,Athens,2026-03-07 12:00,2026-03-07 22:52,31,Singapore Airlines
FL03754,New Delhi,Cairo,2026-04-21 05:00,2026-04-21 10:32,2,Turkish Airlines
FL02969,Nairobi,Colombo,2026-04-26 20:00,2026-04-27 02:22,117,Emirates
FL00186,Jeddah,Mumbai,2026-06-06 07:00,2026-06-06 11:52,162,Singapore Airlines
FL00151,Amsterdam,São Paulo,2026-01-30 14:00,2026-01-31 02:27,165,Lufthansa
FL02370,Paris,Doha,2026-04-16 23:00,2026-04-17 05:13,49,Turkish Airlines
FL03514,Lima,Dublin,2026-02-07 07:00,2026-02-07 19:12,160,Turkish Airlines
FL99017,São Paulo,Buenos Aires,2026-03-12 08:00,2026-03-12 11:00,0,LATAM Airlines
FL02159,Xi'an,Tashkent,2026-06-13 03:00,2026-06-13 07:40,20,Korean Air
FL02515,Los Angeles,Perth,2026-04-22 20:00,2026-04-23 14:08,45,Lufthansa
FL01926,Taipei,Yerevan,2026-04-18 02:00,2026-04-18 10:43,64,Cathay Pacific
FL03650,Los Angeles,Kolkata,2026-01-10 03:00,2026-01-10 18:42,152,Air India
FL00992,Kunming,Amsterdam,2026-03-27 14:00,2026-03-28 00:44,26,KLM
FL00494,Kuala Lumpur,Nairobi,2026-01-24 20:00,2026-01-25 05:00,21,Thai Airways
FL03432,Montreal,Paris,2026-04-05 02:00,2026-04-05 09:04,68,Emirates
FL00797,Nairobi,Tashkent,2026-05-24 18:00,2026-05-25 01:16,70,Turkish Airlines
FL00909,Yerevan,Bangkok,2026-05-04 17:00,2026-05-05 00:40,101,Lufthansa
FL01594,Budapest,Dhaka,2026-04-11 12:00,2026-04-11 20:10,72,Pakistan International
FL02866,Manchester,San Francisco,2026-03-12 10:00,2026-03-12 20:39,34,Lufthansa
FL00704,Tbilisi,Kuwait City,2026-01-09 11:00,2026-01-09 13:31,26,Lufthansa
FL04261,Lagos,Shenzhen,2026-04-27 01:00,2026-04-27 15:18,80,Emirates
FL03001,Jeddah,Shanghai,2026-06-04 23:00,2026-06-05 09:25,122,Emirates
FL04272,Mumbai,Perth,2026-04-11 17:00,2026-04-12 02:17,9,Lufthansa
FL01745,Buenos Aires,Casablanca,2026-02-11 17:00,2026-02-12 04:13,54,Singapore Airlines
FL04040,Bogotá,Melbourne,2026-04-07 20:00,2026-04-08 14:01,0,LATAM Airlines
FL02047,Zurich,Toronto,2026-05-22 23:00,2026-05-23 07:04,3,Emirates
FL00054,Beijing,Guadalajara,2026-05-22 09:00,2026-05-23 00:11,26,Turkish Airlines
FL02782,Singapore,Zhengzhou,2026-01-01 20:00,2026-01-02 00:54,28,Emirates
FL03067,Manila,Denver,2026-01-05 18:00,2026-01-06 08:55,93,American Airlines
FL03016,Milan,Kolkata,2026-02-26 13:00,2026-02-26 22:21,163,Singapore Airlines
FL00683,Warsaw,Karachi,2026-04-04 01:00,2026-04-04 07:38,116,British Airways
FL02173,Rome,Muscat,2026-03-30 02:00,2026-03-30 07:55,135,Iberia
FL01606,Guangzhou,Denver,2026-05-06 20:00,2026-05-07 10:48,130,British Airways
FL03089,Dublin,Chicago,2026-04-15 14:00,2026-04-15 21:15,13,Lufthansa
FL03121,Colombo,Abu Dhabi,2026-05-12 23:00,2026-05-13 03:49,146,Singapore Airlines
FL03745,Tashkent,Xi'an,2026-05-18 13:00,2026-05-18 17:34,142,Japan Airlines
FL02417,Moscow,Manila,2026-02-09 09:00,2026-02-09 19:22,57,British Airways
FL03676,Lisbon,Goa,2026-02-01 01:00,2026-02-01 11:16,15,Turkish Airlines
FL03181,Beijing,Singapore,2026-05-02 18:00,2026-05-02 23:55,101,Singapore Airlines
FL04469,Mexico City,Milan,2026-06-04 15:00,2026-06-05 02:48,15,Emirates
FL00364,Yangon,Kolkata,2026-03-02 01:00,2026-03-02 02:57,119,British Airways
FL00291,Guadalajara,Stockholm,2026-01-09 04:00,2026-01-09 15:38,165,British Airways
FL03628,Guadalajara,Mumbai,2026-05-22 10:00,2026-05-23 04:43,149,Lufthansa
FL02901,Lahore,Kolkata,2026-01-05 19:00,2026-01-05 21:52,129,British Airways
FL01999,Zhengzhou,Guadalajara,2026-02-05 19:00,2026-02-06 10:26,73,British Airways
FL04283,São Paulo,Buenos Aires,2026-02-14 09:00,2026-02-14 11:20,95,Emirates
FL01682,Kuwait City,Brisbane,2026-03-29 09:00,2026-03-30 00:52,51,Lufthansa
FL02494,Beijing,New Delhi,2026-06-11 05:00,2026-06-11 09:59,79,Air India
FL03555,Lahore,Paris,2026-01-12 09:00,2026-01-12 16:36,64,Pakistan International
FL02445,Melbourne,New Delhi,2026-05-30 14:00,2026-05-31 02:35,180,Turkish Airlines
FL01715,Taipei,Lahore,2026-01-29 15:00,2026-01-29 20:47,28,Turkish Airlines
FL00424,Dhaka,London,2026-01-26 13:00,2026-01-26 22:51,19,British Airways
FL01698,Tashkent,Cairo,2026-02-15 08:00,2026-02-15 13:13,137,Lufthansa
FL00730,Auckland,Tashkent,2026-06-08 02:00,2026-06-08 19:01,149,Emirates
FL01838,Jeddah,New Delhi,2026-05-07 19:00,2026-05-07 23:50,76,Air India
FL03690,Perth,Barcelona,2026-03-27 17:00,2026-03-28 10:34,162,British Airways
FL01502,Manila,Karachi,2026-04-13 06:00,2026-04-13 13:16,2,British Airways
FL01889,Munich,Stockholm,2026-05-30 02:00,2026-05-30 04:01,8,Singapore Airlines
FL02443,Dubai,Beijing,2026-01-14 10:00,2026-01-14 17:45,80,British Airways
FL03597,Perth,Dublin,2026-04-11 00:00,2026-04-11 18:01,43,Emirates
FL02726,Toronto,New York,2026-03-27 21:00,2026-03-27 22:26,129,Singapore Airlines
FL00820,Havana,São Paulo,2026-01-26 23:00,2026-01-27 07:03,60,Singapore Airlines
FL01671,Zurich,Doha,2026-03-20 22:00,2026-03-21 04:00,59,Air France
FL99025,Dublin,Manchester,2026-03-20 07:00,2026-03-20 08:00,5,British Airways
FL00997,Riyadh,New Delhi,2026-03-11 04:00,2026-03-11 08:31,72,Lufthansa
FL01665,Yerevan,Copenhagen,2026-03-05 19:00,2026-03-05 22:45,130,Turkish Airlines
FL01284,Amsterdam,Toronto,2026-03-14 05:00,2026-03-14 12:55,130,Air Canada
FL03308,Lahore,Havana,2026-02-02 22:00,2026-02-03 14:45,55,Lufthansa
FL00866,Bogotá,Kuala Lumpur,2026-05-08 02:00,2026-05-09 01:11,86,Lufthansa
FL02018,Kunming,Chicago,2026-05-19 17:00,2026-05-20 08:31,1,Lufthansa
FL00316,New Delhi,Goa,2026-03-23 23:00,2026-03-24 01:45,88,Singapore Airlines
FL03855,São Paulo,Kunming,2026-04-06 18:00,2026-04-07 14:31,25,LATAM Airlines
FL00039,Helsinki,Bangkok,2026-04-19 05:00,2026-04-19 14:45,63,Emirates
FL00418,Auckland,Bangalore,2026-05-25 03:00,2026-05-25 17:27,10,Turkish Airlines
FL02190,Hyderabad,Munich,2026-03-24 04:00,2026-03-24 12:33,7,Turkish Airlines
FL02539,Jeddah,Xi'an,2026-03-15 21:00,2026-03-16 05:56,63,Cathay Pacific
FL03707,Melbourne,Singapore,2026-03-31 06:00,2026-03-31 13:44,163,Singapore Airlines
FL00389,Zurich,Lagos,2026-03-12 01:00,2026-03-12 07:02,151,Turkish Airlines
FL04140,Denver,Barcelona,2026-04-01 02:00,2026-04-01 12:21,93,Delta
FL01458,Barcelona,Almaty,2026-01-21 15:00,2026-01-21 22:50,157,Emirates
FL03909,Tokyo,Chengdu,2026-02-27 05:00,2026-02-27 09:53,89,Turkish Airlines
FL04201,London,Riyadh,2026-01-16 18:00,2026-01-17 00:43,106,Emirates
FL04413,Taipei,Zurich,2026-02-04 20:00,2026-02-05 07:43,93,Emirates
FL02238,Montreal,Kuala Lumpur,2026-03-25 16:00,2026-03-26 10:12,167,Lufthansa
FL01144,Budapest,Casablanca,2026-05-27 21:00,2026-05-28 00:34,144,Ethiopian Airlines
FL02802,Muscat,Kaohsiung,2026-04-02 03:00,2026-04-02 10:56,159,British Airways
FL04253,Havana,Istanbul,2026-02-16 03:00,2026-02-16 15:39,170,Lufthansa
FL02009,Hong Kong,Atlanta,2026-06-01 18:00,2026-06-02 10:24,166,United Airlines
FL02843,New Delhi,Taipei,2026-05-01 01:00,2026-05-01 06:46,119,Emirates
FL00553,Colombo,Toronto,2026-02-17 08:00,2026-02-18 00:55,38,Emirates
FL00661,Singapore,Zhengzhou,2026-06-21 15:00,2026-06-21 19:51,23,Lufthansa
FL01294,Dubai,Toronto,2026-02-11 12:00,2026-02-12 01:52,72,Air Canada
FL03968,Manchester,Yangon,2026-05-03 13:00,2026-05-04 00:34,8,Singapore Airlines
FL02930,Warsaw,Zurich,2026-02-15 20:00,2026-02-15 21:51,149,Lufthansa
FL02558,Zurich,Yangon,2026-04-21 02:00,2026-04-21 12:38,35,Singapore Airlines
FL01839,Warsaw,Lisbon,2026-06-14 03:00,2026-06-14 07:07,158,British Airways
FL03092,Singapore,Hyderabad,2026-02-20 00:00,2026-02-20 04:09,111,Turkish Airlines
FL02383,Addis Ababa,Casablanca,2026-01-28 11:00,2026-01-28 18:11,151,Ethiopian Airlines
FL01167,Colombo,London,2026-03-16 09:00,2026-03-16 19:53,19,Lufthansa
FL04245,Helsinki,Chengdu,2026-03-24 22:00,2026-03-25 06:05,160,Korean Air
FL02748,Karachi,Kuala Lumpur,2026-05-14 22:00,2026-05-15 03:52,122,Lufthansa
FL04087,Lahore,Jeddah,2026-04-02 02:00,2026-04-02 06:54,61,Lufthansa
FL02688,Guangzhou,Guadalajara,2026-04-28 10:00,2026-04-29 02:51,95,Singapore Airlines
FL04393,Guangzhou,Bangalore,2026-05-04 03:00,2026-05-04 08:29,22,Singapore Airlines
FL03923,Amsterdam,Kaohsiung,2026-02-22 14:00,2026-02-23 01:49,25,KLM
FL03245,Bangkok,Dallas,2026-04-29 11:00,2026-04-30 04:33,80,Emirates
FL01836,Chicago,Dhaka,2026-06-15 00:00,2026-06-15 15:14,24,United Airlines
FL01371,Brussels,London,2026-03-20 09:00,2026-03-20 10:00,125,Emirates
FL03732,Madrid,Jeddah,2026-01-18 15:00,2026-01-18 21:11,116,British Airways
FL00219,Montreal,Vienna,2026-01-18 04:00,2026-01-18 12:24,7,Emirates
FL02671,New York,Dubai,2026-02-28 14:00,2026-03-01 03:22,102,Lufthansa
FL04145,Addis Ababa,Helsinki,2026-05-26 08:00,2026-05-26 15:08,96,British Airways
FL02390,Moscow,Yerevan,2026-05-20 20:00,2026-05-20 22:33,82,Turkish Airlines
FL02982,Warsaw,Kunming,2026-04-11 06:00,2026-04-11 14:56,156,Air France
FL02905,Manila,Rio de Janeiro,2026-03-17 17:00,2026-03-18 15:02,153,Lufthansa
FL04307,Bangkok,Taipei,2026-01-14 03:00,2026-01-14 06:35,63,Singapore Airlines
FL00359,Hyderabad,Miami,2026-01-04 23:00,2026-01-05 16:48,75,British Airways
FL00084,Copenhagen,Mexico City,2026-02-15 22:00,2026-02-16 09:49,12,AeroMexico
FL03318,Hong Kong,Singapore,2026-01-23 12:00,2026-01-23 15:33,56,Cathay Pacific
FL02125,Vienna,Athens,2026-03-04 08:00,2026-03-04 10:17,153,Iberia
FL00509,Perth,Kunming,2026-01-19 16:00,2026-01-20 00:33,3,British Airways
FL01966,Doha,London,2026-06-19 09:00,2026-06-19 15:26,89,Emirates
FL02974,Taipei,Riyadh,2026-02-08 19:00,2026-02-09 04:23,111,Lufthansa
FL04401,Manila,Seoul,2026-05-28 09:00,2026-05-28 12:26,164,Turkish Airlines
FL02104,Paris,Munich,2026-05-09 04:00,2026-05-09 05:35,21,Turkish Airlines
FL00526,Riyadh,Goa,2026-06-17 13:00,2026-06-17 16:58,63,Singapore Airlines
FL03907,Muscat,Madrid,2026-06-02 01:00,2026-06-02 08:25,19,British Airways
FL01851,Dublin,New Delhi,2026-03-21 22:00,2026-03-22 06:54,39,Lufthansa
FL02226,Muscat,Beijing,2026-05-29 13:00,2026-05-29 20:35,28,Lufthansa
FL00336,Madrid,Doha,2026-06-11 23:00,2026-06-12 05:59,97,Turkish Airlines
FL03377,Moscow,Taipei,2026-06-02 16:00,2026-06-03 01:10,16,Iberia
FL02372,Bangalore,Amsterdam,2026-01-25 12:00,2026-01-25 21:43,175,Singapore Airlines
FL04264,Buenos Aires,Baku,2026-01-26 05:00,2026-01-26 22:11,168,Turkish Airlines
FL04001,Vienna,Los Angeles,2026-03-22 20:00,2026-03-23 08:05,5,Singapore Airlines
FL00205,Perth,Zhengzhou,2026-05-21 22:00,2026-05-22 07:11,152,Lufthansa
FL03336,Zhengzhou,Athens,2026-02-14 16:00,2026-02-15 01:33,79,Emirates
FL03668,Istanbul,Helsinki,2026-04-30 18:00,2026-04-30 20:47,80,Turkish Airlines
FL03101,Lima,Tokyo,2026-01-06 23:00,2026-01-07 17:57,149,Turkish Airlines
FL01148,Zhengzhou,Abu Dhabi,2026-02-26 08:00,2026-02-26 15:10,21,Lufthansa
FL00914,Shenzhen,Stockholm,2026-06-09 04:00,2026-06-09 14:11,59,Turkish Airlines
FL03979,Atlanta,Xi'an,2026-03-28 07:00,2026-03-28 22:07,86,American Airlines
FL03701,Johannesburg,Munich,2026-01-06 20:00,2026-01-07 06:54,141,Lufthansa
FL01571,São Paulo,Shenzhen,2026-05-05 12:00,2026-05-06 09:58,20,LATAM Airlines
FL00237,Yerevan,Vancouver,2026-01-20 05:00,2026-01-20 17:44,160,Singapore Airlines
FL01977,Colombo,Rome,2026-06-13 17:00,2026-06-14 02:23,14,Air India
FL00687,Madrid,Lisbon,2026-02-05 22:00,2026-02-05 23:24,104,Emirates
FL02638,Hyderabad,Stockholm,2026-04-24 04:00,2026-04-24 12:42,98,Lufthansa
FL04252,Havana,Athens,2026-04-13 02:00,2026-04-13 13:52,151,American Airlines
FL00466,Warsaw,Brisbane,2026-02-14 21:00,2026-02-15 15:40,76,Lufthansa
FL02433,Goa,Abu Dhabi,2026-02-22 07:00,2026-02-22 10:02,48,Lufthansa
FL00594,Guangzhou,Guadalajara,2026-03-30 17:00,2026-03-31 09:42,150,Turkish Airlines
FL03658,Almaty,Singapore,2026-06-01 01:00,2026-06-01 07:42,18,Singapore Airlines
FL02362,Paris,San Francisco,2026-01-06 17:00,2026-01-07 04:07,166,Delta
FL03613,Lima,Denver,2026-06-03 19:00,2026-06-04 03:31,100,United Airlines
FL03354,Kuala Lumpur,Hong Kong,2026-05-26 02:00,2026-05-26 05:50,51,Emirates
FL03373,Jakarta,Tashkent,2026-03-10 11:00,2026-03-10 19:32,99,Thai Airways
FL03617,New Delhi,Oslo,2026-02-15 05:00,2026-02-15 12:58,46,Emirates
FL00934,Muscat,Kuala Lumpur,2026-03-23 02:00,2026-03-23 08:47,30,Cathay Pacific
FL03755,Paris,San Francisco,2026-02-21 23:00,2026-02-22 10:20,175,Turkish Airlines
FL03229,Baku,Chengdu,2026-04-08 14:00,2026-04-08 20:40,84,Emirates
FL04132,Lahore,Nairobi,2026-03-26 07:00,2026-03-26 13:57,31,Singapore Airlines
FL03287,Havana,Taipei,2026-01-14 21:00,2026-01-15 14:21,43,Lufthansa
FL02218,Doha,Guangzhou,2026-01-15 14:00,2026-01-15 21:57,63,British Airways
FL01140,Miami,Toronto,2026-05-24 22:00,2026-05-25 00:36,81,American Airlines
FL00116,Jeddah,Buenos Aires,2026-06-26 15:00,2026-06-27 05:53,125,British Airways
FL00013,Xi'an,Auckland,2026-02-13 17:00,2026-02-14 06:07,41,Japan Airlines
FL00948,Nairobi,Budapest,2026-02-12 13:00,2026-02-12 20:09,13,Lufthansa
FL02289,Almaty,New York,2026-04-15 01:00,2026-04-15 13:41,153,Turkish Airlines
FL02258,London,Doha,2026-01-16 16:00,2026-01-16 22:41,144,Singapore Airlines
FL03036,New Delhi,Muscat,2026-03-20 08:00,2026-03-20 10:51,125,Air India
FL00887,Sydney,Munich,2026-05-15 21:00,2026-05-16 16:37,160,Turkish Airlines
FL00090,Guangzhou,New York,2026-02-08 07:00,2026-02-08 22:39,39,British Airways
FL01979,Miami,Johannesburg,2026-03-12 08:00,2026-03-13 00:09,32,British Airways
FL04363,Tashkent,Doha,2026-02-07 09:00,2026-02-07 12:30,151,Turkish Airlines
FL02430,Chennai,Kuwait City,2026-02-28 12:00,2026-02-28 16:47,160,British Airways
FL03702,Seoul,Istanbul,2026-04-09 08:00,2026-04-09 18:09,8,Turkish Airlines
FL02940,Prague,Riyadh,2026-01-21 14:00,2026-01-21 18:53,42,British Airways
FL04048,Prague,Shenzhen,2026-06-09 16:00,2026-06-10 02:50,149,Cathay Pacific
FL04016,Johannesburg,São Paulo,2026-05-24 16:00,2026-05-25 01:33,71,Lufthansa
,Johannesburg,Nairobi,2026-03-14 07:00,2026-03-14 10:00,30,Ethiopian Airlines
FL01591,Chennai,Manila,2026-01-16 10:00,2026-01-16 15:33,53,Air India
FL01026,Dubai,Hong Kong,2026-05-05 21:00,2026-05-06 04:32,34,Emirates
FL00112,Cairo,Warsaw,2026-03-04 14:00,2026-03-04 17:43,171,KLM
FL01963,Cairo,Kunming,2026-04-09 09:00,2026-04-09 18:03,21,Emirates
FL03883,New York,Rome,2026-01-27 03:00,2026-01-27 11:53,118,American Airlines
FL03275,Toronto,Almaty,2026-04-03 14:00,2026-04-04 02:16,61,British Airways
FL00849,Guangzhou,Oslo,2026-06-10 07:00,2026-06-10 17:31,156,Lufthansa
FL01727,Kaohsiung,Kolkata,2026-02-26 22:00,2026-02-27 02:09,92,Emirates
FL02179,Almaty,Vienna,2026-05-21 13:00,2026-05-21 18:55,55,KLM
FL04198,Johannesburg,Vienna,2026-01-07 21:00,2026-01-08 07:18,109,Ethiopian Airlines
FL02462,Yangon,Manchester,2026-04-19 13:00,2026-04-20 00:25,33,British Airways
FL00462,Atlanta,Hyderabad,2026-02-24 06:00,2026-02-24 23:00,180,Emirates
FL00929,Bangkok,Amsterdam,2026-04-08 16:00,2026-04-09 03:48,156,Lufthansa
FL02095,Lisbon,Beijing,2026-06-05 08:00,2026-06-05 19:38,70,Lufthansa
FL01211,Jeddah,Kuala Lumpur,2026-05-10 01:00,2026-05-10 09:51,126,Singapore Airlines
FL00761,Lima,Taipei,2026-02-27 16:00,2026-02-28 13:15,88,British Airways
FL03262,Tbilisi,Shanghai,2026-01-24 03:00,2026-01-24 11:37,0,Turkish Airlines
FL00419,Toronto,Kolkata,2026-05-26 15:00,2026-05-27 06:12,19,Air Canada
FL04399,Manila,Casablanca,2026-04-20 06:00,2026-04-20 21:17,61,Cathay Pacific
FL02565,Moscow,Mexico City,2026-05-28 11:00,2026-05-29 00:23,176,Emirates
FL00714,London,Perth,2026-06-07 21:00,2026-06-08 14:32,146,Lufthansa
FL01222,Madrid,Melbourne,2026-03-18 11:00,2026-03-19 08:18,51,Singapore Airlines
FL00397,Yerevan,Chengdu,2026-06-21 17:00,2026-06-21 23:46,53,Korean Air
FL04250,Madrid,Zurich,2026-05-21 06:00,2026-05-21 08:05,140,Iberia
FL01873,Rome,Baku,2026-03-31 17:00,2026-03-31 21:08,124,Singapore Airlines
FL02980,Los Angeles,Havana,2026-02-01 05:00,2026-02-01 09:48,138,Turkish Airlines
FL00453,Helsinki,Jakarta,2026-04-11 14:00,2026-04-12 02:45,150,KLM
FL02786,Sydney,Guadalajara,2026-06-19 07:00,2026-06-19 22:30,70,Singapore Airlines
FL03510,Yangon,Auckland,2026-05-19 07:00,2026-05-19 19:36,112,British Airways
FL00004,Los Angeles,Muscat,2026-02-20 22:00,2026-02-21 14:44,139,United Airlines
FL04411,Dhaka,Rio de Janeiro,2026-04-13 06:00,2026-04-14 00:31,129,LATAM Airlines
FL00839,Madrid,Los Angeles,2026-01-09 21:00,2026-01-10 08:33,83,United Airlines
FL03249,Bangkok,Stockholm,2026-03-10 05:00,2026-03-10 15:07,154,Singapore Airlines
FL03032,Kaohsiung,Muscat,2026-06-07 06:00,2026-06-07 14:12,43,Cathay Pacific
FL00721,Taipei,Lima,2026-05-19 23:00,2026-05-20 20:10,132,LATAM Airlines
FL01562,Beijing,Paris,2026-03-10 00:00,2026-03-10 10:22,10,Emirates
FL03554,Oslo,New York,2026-02-15 02:00,2026-02-15 09:21,4,Singapore Airlines
FL01218,Warsaw,Rio de Janeiro,2026-04-19 18:00,2026-04-20 06:51,107,LATAM Airlines
FL01237,Kuala Lumpur,Cairo,2026-02-04 00:00,2026-02-04 09:48,71,Turkish Airlines
FL02998,Buenos Aires,Oslo,2026-04-25 10:00,2026-04-26 00:45,158,LATAM Airlines
FL03527,Lisbon,Abu Dhabi,2026-05-08 16:00,2026-05-08 23:54,84,Emirates
FL02733,Lima,Vienna,2026-03-09 00:00,2026-03-09 13:54,10,Turkish Airlines
FL01183,Baku,Cairo,2026-05-29 11:00,2026-05-29 13:54,128,Lufthansa
FL03526,Casablanca,Lagos,2026-03-19 14:00,2026-03-19 18:39,4,British Airways
FL02816,Chicago,Almaty,2026-02-15 06:00,2026-02-15 19:06,50,Turkish Airlines
FL00891,Colombo,New Delhi,2026-05-21 10:00,2026-05-21 13:42,105,Air India
FL00573,Kaohsiung,Moscow,2026-05-26 01:00,2026-05-26 10:13,81,Japan Airlines
FL04193,Paris,Manchester,2026-05-09 16:00,2026-05-09 17:02,32,Turkish Airlines
FL00191,Zurich,Cairo,2026-01-09 22:00,2026-01-10 01:45,113,Ethiopian Airlines
FL01174,Brussels,Prague,2026-01-20 03:00,2026-01-20 04:41,4,Lufthansa
FL01958,Bogotá,Doha,2026-03-10 10:00,2026-03-11 02:23,128,Emirates
FL02150,Chennai,Chengdu,2026-03-08 06:00,2026-03-08 10:18,157,Air India
FL02231,Addis Ababa,Perth,2026-04-23 03:00,2026-04-23 14:58,46,Singapore Airlines
FL04067,Bangkok,Lagos,2026-01-03 10:00,2026-01-03 23:13,166,Turkish Airlines
FL04135,Moscow,Zurich,2026-02-10 05:00,2026-02-10 08:15,175,Iberia
FL02890,Lahore,Frankfurt,2026-01-30 23:00,2026-01-31 06:03,4,Emirates
FL00850,Johannesburg,Casablanca,2026-06-16 23:00,2026-06-17 08:37,68,Singapore Airlines
FL03496,Kaohsiung,Istanbul,2026-02-25 06:00,2026-02-25 16:54,58,Emirates
FL02876,Riyadh,Tashkent,2026-05-15 00:00,2026-05-15 03:30,47,Turkish Airlines
FL04476,Prague,Budapest,2026-05-17 02:00,2026-05-17 03:01,96,Singapore Airlines
FL00104,Xi'an,Shenzhen,2026-01-30 05:00,2026-01-30 07:37,27,Emirates
FL03533,New Delhi,Madrid,2026-02-10 11:00,2026-02-10 20:12,4,Singapore Airlines
FL03277,Oslo,Tokyo,2026-04-20 14:00,2026-04-21 00:15,140,Turkish Airlines
FL01805,Manila,Los Angeles,2026-02-03 14:00,2026-02-04 04:32,91,Turkish Airlines
FL01564,Budapest,Yerevan,2026-03-28 19:00,2026-03-28 22:06,94,Iberia
FL01646,Yerevan,Abu Dhabi,2026-02-27 05:00,2026-02-27 07:39,34,Lufthansa
FL00551,Bangalore,Seoul,2026-01-11 14:00,2026-01-11 20:46,146,Singapore Airlines
FL00437,Kunming,Melbourne,2026-02-20 14:00,2026-02-21 00:01,77,Emirates
FL03174,Kolkata,Casablanca,2026-01-14 03:00,2026-01-14 14:20,85,Lufthansa
FL04291,Auckland,Nairobi,2026-01-26 07:00,2026-01-27 00:14,76,Qantas
FL03109,Rome,Athens,2026-05-27 08:00,2026-05-27 09:42,44,Iberia
FL03227,Guadalajara,Frankfurt,2026-01-09 00:00,2026-01-09 11:50,4,Singapore Airlines
FL01744,Istanbul,Singapore,2026-01-20 11:00,2026-01-20 21:54,85,Emirates
FL00580,Kaohsiung,Montreal,2026-06-25 07:00,2026-06-25 21:51,18,Emirates
FL01701,Brisbane,Yerevan,2026-04-12 04:00,2026-04-12 20:24,111,British Airways
FL02050,Tokyo,Cairo,2026-02-01 12:00,2026-02-01 23:59,33,Lufthansa
FL02053,Moscow,Sydney,2026-06-05 09:00,2026-06-06 02:54,108,Lufthansa
FL04164,Chengdu,Abu Dhabi,2026-02-08 19:00,2026-02-09 00:59,172,Singapore Airlines
FL02819,Hong Kong,Kolkata,2026-01-17 05:00,2026-01-17 08:40,1,Cathay Pacific
FL00477,Kuwait City,Yangon,2026-05-19 01:00,2026-05-19 07:47,112,Singapore Airlines
FL04275,Casablanca,Santiago,2026-04-16 15:00,2026-04-17 03:21,75,Emirates
FL01828,Beijing,Goa,2026-03-26 06:00,2026-03-26 12:25,82,Turkish Airlines
FL01799,Shenzhen,Vancouver,2026-04-11 01:00,2026-04-11 13:54,147,Singapore Airlines
FL03802,Istanbul,Manchester,2026-03-19 16:00,2026-03-19 19:48,77,Turkish Airlines
FL00321,Milan,Addis Ababa,2026-05-08 00:00,2026-05-08 06:10,100,Ethiopian Airlines
FL03635,Prague,Seoul,2026-04-02 18:00,2026-04-03 04:09,146,Singapore Airlines
FL01753,Amsterdam,Goa,2026-03-01 06:00,2026-03-01 15:22,167,Turkish Airlines
FL01858,Dublin,Bangalore,2026-01-14 14:00,2026-01-15 00:22,25,Emirates
FL00763,São Paulo,Dallas,2026-05-12 20:00,2026-05-13 06:09,38,LATAM Airlines
FL02458,Santiago,Warsaw,2026-04-21 10:00,2026-04-22 01:33,168,British Airways
FL00471,Bangkok,Sydney,2026-03-22 14:00,2026-03-22 23:33,91,Emirates
FL04159,Miami,Johannesburg,2026-02-12 14:00,2026-02-13 05:51,60,Turkish Airlines
FL01387,Shanghai,Melbourne,2026-03-25 05:00,2026-03-25 14:42,14,British Airways
FL03185,Dallas,Hong Kong,2026-01-29 05:00,2026-01-29 20:38,135,British Airways
FL01620,Tokyo,Munich,2026-02-06 09:00,2026-02-06 20:54,55,Turkish Airlines
FL02527,Chengdu,Tokyo,2026-02-23 07:00,2026-02-23 11:38,1,British Airways
FL00581,Casablanca,Dubai,2026-03-23 08:00,2026-03-23 16:07,18,British Airways
FL01936,Muscat,Guangzhou,2026-02-02 16:00,2026-02-02 23:01,30,Lufthansa
FL02481,New Delhi,Kunming,2026-04-03 22:00,2026-04-04 01:48,173,Emirates
FL01722,Singapore,Zhengzhou,2026-04-20 23:00,2026-04-21 03:57,23,British Airways
FL04493,Shenzhen,Barcelona,2026-02-02 15:00,2026-02-03 03:36,137,Lufthansa
FL03309,Sydney,Kaohsiung,2026-03-15 09:00,2026-03-15 18:00,95,Turkish Airlines
FL03166,Los Angeles,Xi'an,2026-06-17 20:00,2026-06-18 09:34,34,Singapore Airlines
FL03869,Havana,Barcelona,2026-02-06 15:00,2026-02-07 01:15,180,Turkish Airlines
FL04289,Copenhagen,Paris,2026-04-24 00:00,2026-04-24 01:41,41,Turkish Airlines
FL03368,Guangzhou,Rio de Janeiro,2026-06-03 18:00,2026-06-04 15:29,67,Turkish Airlines
FL02549,Los Angeles,Chicago,2026-05-08 13:00,2026-05-08 17:10,105,Turkish Airlines
FL00330,Warsaw,Hong Kong,2026-06-05 16:00,2026-06-06 02:04,156,Turkish Airlines
FL02393,Shenzhen,Taipei,2026-03-20 15:00,2026-03-20 16:56,73,Emirates
FL03149,Shenzhen,Frankfurt,2026-04-20 10:00,2026-04-20 21:27,49,British Airways
FL03049,Shanghai,Yerevan,2026-01-11 06:00,2026-01-11 14:19,77,British Airways
FL01521,Guadalajara,Kolkata,2026-02-04 10:00,2026-02-05 04:05,176,British Airways
FL02168,Paris,Melbourne,2026-03-15 23:00,2026-03-16 19:29,117,Singapore Airlines
FL00027,Buenos Aires,Shanghai,2026-03-03 18:00,2026-03-04 18:01,21,Lufthansa
FL03884,Vancouver,Rome,2026-04-20 19:00,2026-04-21 05:55,125,Emirates
FL03805,Singapore,Kuala Lumpur,2026-01-23 10:00,2026-01-23 11:11,110,British Airways
FL00739,London,Yerevan,2026-05-21 14:00,2026-05-21 19:00,18,British Airways
FL00427,Oslo,Miami,2026-06-24 18:00,2026-06-25 03:42,21,Singapore Airlines
FL03114,Istanbul,Amsterdam,2026-04-16 01:00,2026-04-16 04:26,169,Lufthansa
FL02485,Mumbai,Zurich,2026-04-29 14:00,2026-04-29 22:16,36,Air India
FL02184,Havana,Frankfurt,2026-04-09 18:00,2026-04-10 04:18,107,Singapore Airlines
FL02750,Dublin,Vienna,2026-02-24 05:00,2026-02-24 07:23,163,Lufthansa
FL02680,Zhengzhou,Seoul,2026-04-23 15:00,2026-04-23 16:57,131,Emirates
FL00113,Karachi,Los Angeles,2026-05-07 10:00,2026-05-08 02:12,54,Singapore Airlines
FL01496,Bogotá,San Francisco,2026-06-08 23:00,2026-06-09 06:44,98,LATAM Airlines
FL02297,Bangalore,Hyderabad,2026-04-29 21:00,2026-04-29 22:13,132,Lufthansa
FL01102,New York,Mexico City,2026-06-06 14:00,2026-06-06 18:20,95,Turkish Airlines
FL00989,Sydney,Dhaka,2026-05-04 23:00,2026-05-05 10:35,79,British Airways
FL03729,Manila,Kaohsiung,2026-01-11 23:00,2026-01-12 00:41,19,Korean Air
FL03679,Guangzhou,Mexico City,2026-06-26 11:00,2026-06-27 04:13,153,Singapore Airlines
FL01871,Chicago,Dubai,2026-05-26 21:00,2026-05-27 11:41,58,Turkish Airlines
FL04222,Kaohsiung,Lima,2026-06-23 00:00,2026-06-23 21:53,149,Lufthansa
FL04263,Sydney,Dhaka,2026-04-01 22:00,2026-04-02 09:16,124,Singapore Airlines
FL00207,Vancouver,Montreal,2026-05-22 23:00,2026-05-23 04:13,110,Singapore Airlines
FL04381,Mexico City,Buenos Aires,2026-03-11 08:00,2026-03-11 17:06,170,British Airways
FL02863,Casablanca,Sydney,2026-01-06 21:00,2026-01-07 18:33,96,British Airways
FL01053,Beijing,Dallas,2026-01-04 13:00,2026-01-05 02:29,26,Lufthansa
FL00331,Kuala Lumpur,Vienna,2026-06-07 23:00,2026-06-08 10:57,151,Singapore Airlines
FL00531,Prague,Jakarta,2026-06-01 15:00,2026-06-02 04:35,50,KLM
FL01449,Los Angeles,Barcelona,2026-02-20 09:00,2026-02-20 20:45,67,Turkish Airlines
FL03381,Mumbai,Manila,2026-05-28 12:00,2026-05-28 18:35,114,Turkish Airlines
FL00176,Nairobi,São Paulo,2026-06-05 11:00,2026-06-05 22:19,48,Singapore Airlines
FL03643,Lahore,Addis Ababa,2026-04-15 10:00,2026-04-15 16:06,54,British Airways
FL00755,Muscat,Rio de Janeiro,2026-02-07 23:00,2026-02-08 14:02,91,Emirates
FL01975,Seoul,New Delhi,2026-05-26 21:00,2026-05-27 02:57,67,Air India
FL01755,Manchester,Karachi,2026-04-25 04:00,2026-04-25 12:06,92,Singapore Airlines
FL01992,Muscat,Lisbon,2026-05-28 20:00,2026-05-29 04:17,107,British Airways
FL02655,Copenhagen,Madrid,2026-03-02 00:00,2026-03-02 03:16,50,Iberia
FL01255,Lahore,Los Angeles,2026-01-14 20:00,2026-01-15 11:34,161,United Airlines
FL02894,Colombo,London,2026-04-21 16:00,2026-04-22 02:54,111,Lufthansa
FL02427,Athens,Hong Kong,2026-04-27 17:00,2026-04-28 03:54,57,Cathay Pacific
FL02091,Vancouver,Dhaka,2026-02-15 00:00,2026-02-15 14:07,119,Air Canada
FL01909,Shenzhen,Lahore,2026-04-23 21:00,2026-04-24 02:25,110,Turkish Airlines
FL04470,Shanghai,Vancouver,2026-01-06 05:00,2026-01-06 16:23,165,British Airways
FL03930,Shanghai,Munich,2026-02-12 22:00,2026-02-13 08:39,90,Turkish Airlines
FL03543,Johannesburg,Zhengzhou,2026-05-17 07:00,2026-05-17 21:00,40,Cathay Pacific
FL01006,Warsaw,Milan,2026-01-08 02:00,2026-01-08 03:57,89,Lufthansa
FL03820,Lagos,Athens,2026-01-30 07:00,2026-01-30 12:06,176,Ethiopian Airlines
FL02873,Milan,Toronto,2026-02-04 12:00,2026-02-04 20:30,57,Emirates
FL03014,Frankfurt,Casablanca,2026-03-19 09:00,2026-03-19 12:34,134,Lufthansa
FL04012,Amsterdam,Havana,2026-03-02 10:00,2026-03-02 19:40,163,KLM
FL02787,London,Santiago,2026-01-01 13:00,2026-01-02 03:18,15,Emirates
FL99001,London,Dubai,2026-03-01 08:00,2026-03-01 14:00,-5,Emirates
FL03199,Hyderabad,Perth,2026-02-19 01:00,2026-02-19 09:30,58,British Airways
FL02316,Addis Ababa,Barcelona,2026-06-06 19:00,2026-06-07 01:57,15,Lufthansa
FL02202,Chennai,Rome,2026-03-04 08:00,2026-03-04 17:00,176,Singapore Airlines
FL03015,Taipei,Moscow,2026-05-31 19:00,2026-06-01 04:38,125,British Airways
FL00038,Shanghai,Zurich,2026-03-28 03:00,2026-03-28 14:03,48,KLM
FL01702,New York,Rome,2026-01-24 15:00,2026-01-24 23:27,47,Turkish Airlines
FL00911,Bogotá,Dallas,2026-03-10 13:00,2026-03-10 18:07,147,Emirates
FL01684,Lima,Muscat,2026-03-30 11:00,2026-03-31 05:24,30,British Airways
FL02610,Addis Ababa,Athens,2026-05-11 15:00,2026-05-11 19:42,176,Ethiopian Airlines
FL00498,Havana,Stockholm,2026-01-03 00:00,2026-01-03 10:37,30,American Airlines
FL04386,Los Angeles,Shanghai,2026-03-21 20:00,2026-03-22 09:10,41,Delta
FL04186,Brussels,Stockholm,2026-03-17 06:00,2026-03-17 07:51,56,Singapore Airlines
FL02753,Tokyo,Warsaw,2026-02-18 00:00,2026-02-18 10:47,4,Lufthansa
FL00315,Stockholm,Brussels,2026-05-04 14:00,2026-05-04 15:55,155,Turkish Airlines
FL02807,Hyderabad,Bangkok,2026-02-26 23:00,2026-02-27 02:15,94,Emirates
FL00807,Colombo,Toronto,2026-05-27 08:00,2026-05-28 00:51,174,Turkish Airlines
FL02254,Almaty,New Delhi,2026-04-03 14:00,2026-04-03 16:44,54,Turkish Airlines
FL04131,Chicago,Mumbai,2026-03-15 23:00,2026-03-16 14:53,154,Singapore Airlines
FL03251,Tashkent,Yangon,2026-03-10 04:00,2026-03-10 08:43,141,British Airways
FL00967,Copenhagen,Jeddah,2026-01-17 09:00,2026-01-17 14:44,31,Singapore Airlines
FL03159,Karachi,Kunming,2026-03-08 10:00,2026-03-08 15:04,12,Emirates
FL04137,Zurich,Manila,2026-01-04 07:00,2026-01-04 20:14,104,Cathay Pacific
FL03502,Almaty,Zhengzhou,2026-05-23 08:00,2026-05-23 12:44,43,British Airways
FL03548,Mumbai,Santiago,2026-05-23 17:00,2026-05-24 12:12,79,LATAM Airlines
FL03453,Amsterdam,Copenhagen,2026-02-21 12:00,2026-02-21 13:39,109,Lufthansa
FL03225,Dublin,Yerevan,2026-01-13 15:00,2026-01-13 20:11,140,Turkish Airlines
FL00404,Casablanca,Hong Kong,2026-02-20 10:00,2026-02-20 23:40,145,Cathay Pacific
FL00012,Jakarta,Colombo,2026-02-23 21:00,2026-02-24 01:21,174,Cathay Pacific
FL00610,Tashkent,Brussels,2026-06-04 20:00,2026-06-05 02:08,113,Air France
FL03811,Lisbon,San Francisco,2026-01-17 16:00,2026-01-18 03:22,150,United Airlines
FL04050,Bangkok,Tbilisi,2026-01-13 08:00,2026-01-13 15:39,134,Singapore Airlines
FL02235,São Paulo,Toronto,2026-03-20 16:00,2026-03-21 02:07,135,British Airways
FL03350,Vancouver,Kuala Lumpur,2026-06-03 02:00,2026-06-03 17:38,175,Air Canada
FL00247,Jakarta,Nairobi,2026-04-10 13:00,2026-04-10 22:56,173,Emirates
FL01538,Dubai,Taipei,2026-04-20 02:00,2026-04-20 10:31,76,Lufthansa
FL01151,Yangon,Vienna,2026-02-07 22:00,2026-02-08 08:07,94,Iberia
FL03859,Copenhagen,Budapest,2026-04-30 04:00,2026-04-30 05:28,16,Lufthansa
FL03459,Chengdu,Prague,2026-01-03 05:00,2026-01-03 14:16,28,British Airways
FL04130,Milan,Casablanca,2026-06-19 10:00,2026-06-19 12:44,69,Turkish Airlines
FL01285,Johannesburg,Kaohsiung,2026-06-19 18:00,2026-06-20 07:41,1,Lufthansa
FL04458,Karachi,Havana,2026-06-03 09:00,2026-06-04 01:42,56,Emirates
FL00294,Moscow,New Delhi,2026-06-16 08:00,2026-06-16 13:34,29,Emirates
FL00707,Taipei,Copenhagen,2026-06-25 10:00,2026-06-25 21:20,13,Emirates
FL01829,Jeddah,Paris,2026-04-09 09:00,2026-04-09 14:54,134,Turkish Airlines
FL00542,Prague,New Delhi,2026-04-15 03:00,2026-04-15 10:22,53,Singapore Airlines
FL03803,Denver,Bogotá,2026-03-22 08:00,2026-03-22 14:41,78,Delta
FL02251,Hong Kong,Kunming,2026-03-18 18:00,2026-03-18 19:45,22,British Airways
FL00998,Bogotá,Madrid,2026-01-19 09:00,2026-01-19 19:09,86,Lufthansa
FL03360,Addis Ababa,Shenzhen,2026-02-18 22:00,2026-02-19 07:56,106,British Airways
FL00183,Jeddah,Yangon,2026-01-24 12:00,2026-01-24 19:17,137,Emirates
FL00395,Guangzhou,Warsaw,2026-04-05 02:00,2026-04-05 12:12,48,Emirates
FL02069,Brisbane,Abu Dhabi,2026-05-05 04:00,2026-05-05 18:56,140,Singapore Airlines
FL02219,Lima,Baku,2026-02-16 22:00,2026-02-17 15:24,62,Turkish Airlines
FL03233,Atlanta,Warsaw,2026-05-19 10:00,2026-05-19 19:47,157,Singapore Airlines
FL04071,Tokyo,Montreal,2026-04-05 12:00,2026-04-06 00:52,1,Emirates
FL00599,Chicago,Oslo,2026-01-21 21:00,2026-01-22 05:13,160,Turkish Airlines
FL03562,Atlanta,Colombo,2026-02-20 23:00,2026-02-21 17:14,86,British Airways
FL02913,San Francisco,Tbilisi,2026-02-25 09:00,2026-02-25 22:44,58,British Airways
FL04237,Chengdu,Toronto,2026-06-18 20:00,2026-06-19 10:45,22,British Airways
FL00282,Lima,Tokyo,2026-06-15 06:00,2026-06-16 00:40,12,Lufthansa
FL02562,Lisbon,Riyadh,2026-01-11 16:00,2026-01-11 22:41,1,Singapore Airlines
FL01219,Dubai,Chennai,2026-05-01 18:00,2026-05-01 21:43,81,Singapore Airlines
FL01426,Bangalore,Abu Dhabi,2026-03-02 02:00,2026-03-02 06:02,158,Singapore Airlines
FL03071,Cairo,Sydney,2026-04-19 11:00,2026-04-20 04:36,138,British Airways
FL01882,Shenzhen,Seoul,2026-04-21 14:00,2026-04-21 17:04,88,British Airways
FL04468,Istanbul,Zhengzhou,2026-03-03 20:00,2026-03-04 04:54,95,Lufthansa
FL02806,Zurich,Kuwait City,2026-01-19 03:00,2026-01-19 08:23,140,Lufthansa
FL04149,Baku,Lagos,2026-04-14 18:00,2026-04-15 01:25,84,Singapore Airlines
FL01119,Melbourne,Bangalore,2026-01-15 16:00,2026-01-16 03:31,172,British Airways
FL04311,Santiago,Amsterdam,2026-03-18 19:00,2026-03-19 09:24,55,Lufthansa
FL02945,Madrid,Chengdu,2026-03-24 01:00,2026-03-24 12:07,101,British Airways
FL03605,Beijing,Shanghai,2026-01-01 06:00,2026-01-01 07:34,88,Japan Airlines
FL03858,Hong Kong,Lagos,2026-03-16 13:00,2026-03-17 03:43,94,Turkish Airlines
FL01115,Zhengzhou,Los Angeles,2026-04-27 14:00,2026-04-28 03:22,180,United Airlines
FL00195,Bangalore,Bogotá,2026-02-02 18:00,2026-02-03 13:36,141,Avianca
FL02657,Seoul,Budapest,2026-05-22 11:00,2026-05-22 21:21,39,Korean Air
FL00974,Seoul,Los Angeles,2026-04-30 20:00,2026-05-01 08:10,53,Korean Air
FL00194,Montreal,Toronto,2026-06-14 20:00,2026-06-14 21:17,5,Emirates
FL04316,Lima,Jakarta,2026-03-12 12:00,2026-03-13 09:55,178,Emirates
FL01854,Havana,Addis Ababa,2026-05-28 20:00,2026-05-29 11:16,118,Emirates
FL01638,Hyderabad,São Paulo,2026-03-20 20:00,2026-03-21 13:40,78,British Airways
FL02061,Rome,Kunming,2026-03-05 02:00,2026-03-05 12:02,157,Korean Air
FL01296,Addis Ababa,Lahore,2026-06-04 04:00,2026-06-04 09:45,24,Lufthansa
FL03661,Helsinki,Guangzhou,2026-04-29 00:00,2026-04-29 09:58,148,KLM
FL00697,Munich,Toronto,2026-06-09 22:00,2026-06-10 06:16,88,Air Canada
FL00227,Mumbai,Seoul,2026-01-02 15:00,2026-01-02 22:20,44,Turkish Airlines
FL03054,Athens,Cairo,2026-06-17 23:00,2026-06-18 00:56,14,Air France
FL04203,New Delhi,Almaty,2026-04-26 21:00,2026-04-26 23:33,71,British Airways
FL04259,Chengdu,Jeddah,2026-02-06 12:00,2026-02-06 20:15,59,British Airways
FL04224,Madrid,Goa,2026-06-07 08:00,2026-06-07 17:41,166,Air India
FL04032,Abu Dhabi,Bangkok,2026-01-05 07:00,2026-01-05 13:33,116,Emirates
FL03856,Yangon,Santiago,2026-02-09 12:00,2026-02-10 09:47,163,Emirates
FL02274,London,Warsaw,2026-04-23 12:00,2026-04-23 14:07,97,Lufthansa
FL02025,New Delhi,Tokyo,2026-04-21 03:00,2026-04-21 10:50,133,British Airways
FL02296,Shenzhen,Istanbul,2026-03-05 07:00,2026-03-05 16:49,168,British Airways
FL01000,Taipei,London,2026-01-23 13:00,2026-01-24 01:03,180,Lufthansa
FL02133,Jeddah,Jakarta,2026-01-02 15:00,2026-01-03 00:44,25,British Airways
FL01546,Kolkata,Shanghai,2026-06-16 12:00,2026-06-16 16:58,63,Turkish Airlines
FL02647,Copenhagen,Amsterdam,2026-04-22 08:00,2026-04-22 09:15,68,British Airways
FL00537,Kolkata,Jakarta,2026-04-28 23:00,2026-04-29 03:44,24,Lufthansa
FL00025,Hong Kong,Manila,2026-02-11 17:00,2026-02-11 19:18,135,Emirates
FL00728,Kaohsiung,São Paulo,2026-03-08 13:00,2026-03-09 11:29,161,British Airways
FL00043,Warsaw,Nairobi,2026-04-19 22:00,2026-04-20 06:10,142,Ethiopian Airlines
FL03484,Kuala Lumpur,Guadalajara,2026-02-04 01:00,2026-02-04 21:01,49,British Airways
FL01302,Guangzhou,Rome,2026-03-18 04:00,2026-03-18 15:45,175,Air France
FL01123,Tbilisi,Zhengzhou,2026-06-29 06:00,2026-06-29 13:46,57,Korean Air
FL03532,Brussels,São Paulo,2026-03-10 05:00,2026-03-10 16:56,127,British Airways
FL00232,Warsaw,Kolkata,2026-04-03 02:00,2026-04-03 10:14,27,Turkish Airlines
FL00805,Beijing,Chennai,2026-03-09 07:00,2026-03-09 12:56,102,Air India
FL01529,Bogotá,Barcelona,2026-05-19 01:00,2026-05-19 11:56,170,Avianca
FL03301,Dallas,Riyadh,2026-03-18 20:00,2026-03-19 11:26,24,British Airways
FL03458,Kolkata,Manila,2026-02-27 10:00,2026-02-27 14:34,177,British Airways
FL03849,Kolkata,Casablanca,2026-04-14 22:00,2026-04-15 09:38,59,Air India
FL03034,Buenos Aires,Jeddah,2026-05-21 04:00,2026-05-21 18:35,42,LATAM Airlines
FL02437,London,Barcelona,2026-02-25 10:00,2026-02-25 12:00,40,Lufthansa
FL01419,Zurich,Cairo,2026-02-01 21:00,2026-02-02 00:52,126,Iberia
FL01197,Munich,Xi'an,2026-04-14 03:00,2026-04-14 12:28,108,Singapore Airlines
FL02636,Cairo,Istanbul,2026-01-01 07:00,2026-01-01 09:14,111,Lufthansa
FL04436,Tbilisi,Dhaka,2026-05-08 17:00,2026-05-08 23:10,6,Lufthansa
FL00005,Mexico City,Warsaw,2026-05-31 08:00,2026-05-31 20:49,1,Turkish Airlines
FL01997,Dallas,Jakarta,2026-06-17 15:00,2026-06-18 10:42,114,United Airlines
FL03575,Abu Dhabi,Athens,2026-03-25 22:00,2026-03-26 02:47,179,Emirates
FL02796,Vienna,Dubai,2026-01-17 18:00,2026-01-17 23:56,27,Turkish Airlines
FL03876,Budapest,Munich,2026-05-28 13:00,2026-05-28 14:28,83,Lufthansa
FL02314,Vienna,Casablanca,2026-04-10 16:00,2026-04-10 20:01,121,Ethiopian Airlines
FL00561,Johannesburg,Kuwait City,2026-01-15 07:00,2026-01-15 15:20,99,British Airways
FL01471,Munich,Havana,2026-03-26 08:00,2026-03-26 18:22,174,British Airways
FL00111,Prague,Oslo,2026-06-01 08:00,2026-06-01 09:49,62,British Airways
FL03954,Zhengzhou,Yangon,2026-04-21 06:00,2026-04-21 09:29,122,Pakistan International
FL04357,Kaohsiung,Riyadh,2026-03-28 23:00,2026-03-29 08:08,74,British Airways
FL01783,Tokyo,Mexico City,2026-02-18 13:00,2026-02-19 03:04,42,Japan Airlines
FL01887,Montreal,Atlanta,2026-01-13 08:00,2026-01-13 10:14,72,Air Canada
FL02783,Zurich,Istanbul,2026-03-29 06:00,2026-03-29 08:37,37,Emirates
FL00893,Manila,Jeddah,2026-03-07 11:00,2026-03-07 22:04,114,British Airways
FL01814,Dhaka,Rome,2026-06-07 19:00,2026-06-08 04:16,40,Lufthansa
FL01320,Milan,Baku,2026-05-29 19:00,2026-05-29 23:45,74,Emirates
FL00310,Chengdu,Zhengzhou,2026-02-09 05:00,2026-02-09 06:56,154,Korean Air
FL03420,Lima,Hong Kong,2026-03-30 17:00,2026-03-31 15:36,144,Cathay Pacific
FL03763,Doha,Zhengzhou,2026-04-28 23:00,2026-04-29 06:50,11,Japan Airlines
FL03163,São Paulo,Xi'an,2026-05-18 17:00,2026-05-19 14:14,53,British Airways
FL02253,Lahore,Dubai,2026-02-05 02:00,2026-02-05 05:14,179,Lufthansa
FL02432,Taipei,Budapest,2026-04-04 10:00,2026-04-04 20:52,102,British Airways
FL04422,Hong Kong,Casablanca,2026-01-04 17:00,2026-01-05 06:42,83,Cathay Pacific
FL00642,Kaohsiung,Kuala Lumpur,2026-05-06 02:00,2026-05-06 05:51,111,Korean Air
FL00638,Sydney,Dublin,2026-01-31 21:00,2026-02-01 17:47,76,Singapore Airlines
FL03224,Casablanca,Mumbai,2026-06-16 07:00,2026-06-16 17:08,21,Lufthansa
FL03506,London,Manila,2026-01-15 14:00,2026-01-16 03:31,105,British Airways
FL02004,Denver,Manchester,2026-05-16 12:00,2026-05-16 21:29,90,British Airways
FL02063,Zurich,Addis Ababa,2026-03-28 04:00,2026-03-28 10:19,176,Ethiopian Airlines
FL03636,Munich,Johannesburg,2026-03-16 19:00,2026-03-17 05:20,85,Turkish Airlines
FL00220,Baku,Abu Dhabi,2026-02-25 12:00,2026-02-25 14:43,87,Turkish Airlines
FL03046,Xi'an,Lahore,2026-04-30 16:00,2026-04-30 20:23,145,Pakistan International
FL04288,Brisbane,Rome,2026-03-10 23:00,2026-03-11 18:55,156,Emirates
FL02517,Dublin,Shanghai,2026-02-03 15:00,2026-02-04 02:18,17,British Airways
FL02808,Tokyo,Santiago,2026-01-03 18:00,2026-01-04 14:48,71,Japan Airlines
FL03653,Zurich,Rio de Janeiro,2026-05-14 09:00,2026-05-14 20:57,43,Lufthansa
FL01751,Lisbon,Hong Kong,2026-01-07 18:00,2026-01-08 07:47,122,Singapore Airlines
FL00457,New Delhi,Paris,2026-03-18 01:00,2026-03-18 09:34,29,Emirates
FL03816,Atlanta,Bogotá,2026-05-08 04:00,2026-05-08 08:18,164,United Airlines
FL00663,Santiago,Budapest,2026-01-13 03:00,2026-01-13 18:45,10,LATAM Airlines
FL00876,Melbourne,Buenos Aires,2026-03-24 23:00,2026-03-25 12:56,137,Qantas
FL01852,Istanbul,Bangkok,2026-02-26 11:00,2026-02-26 20:22,115,Thai Airways
FL00264,Helsinki,Manchester,2026-02-07 13:00,2026-02-07 15:26,56,Singapore Airlines
FL01392,Zurich,Auckland,2026-03-01 00:00,2026-03-01 22:05,150,Qantas
FL01597,Kaohsiung,Bangkok,2026-04-24 22:00,2026-04-25 01:18,37,Turkish Airlines
FL00519,Bangkok,Chennai,2026-01-03 05:00,2026-01-03 08:14,88,Thai Airways
FL02478,Vancouver,Lahore,2026-03-06 09:00,2026-03-06 22:36,16,Emirates
FL01916,Bangkok,Budapest,2026-04-28 08:00,2026-04-28 17:58,40,British Airways
FL02758,Bogotá,New Delhi,2026-05-18 13:00,2026-05-19 07:21,27,Emirates
FL04440,Riyadh,Mumbai,2026-03-30 15:00,2026-03-30 19:05,151,Lufthansa
FL03300,Toronto,Oslo,2026-01-12 16:00,2026-01-12 23:42,72,Emirates
FL02799,Dubai,Bangalore,2026-06-26 17:00,2026-06-26 20:44,87,Emirates
FL00603,Brussels,Hong Kong,2026-02-07 18:00,2026-02-08 05:42,25,Emirates
FL03550,Muscat,Lisbon,2026-05-08 14:00,2026-05-08 22:21,122,Air France
FL03599,Vienna,Casablanca,2026-05-22 19:00,2026-05-22 22:58,4,Lufthansa
FL01314,Dubai,Chennai,2026-02-18 00:00,2026-02-18 03:51,166,Turkish Airlines
FL00440,Lahore,Munich,2026-05-03 10:00,2026-05-03 16:50,101,British Airways
FL03645,Istanbul,Yangon,2026-04-19 21:00,2026-04-20 05:43,74,British Airways
FL02778,Xi'an,Milan,2026-01-01 03:00,2026-01-01 13:00,48,Air France
FL00487,Helsinki,Dallas,2026-06-12 02:00,2026-06-12 12:25,71,American Airlines
FL03120,Vienna,Santiago,2026-03-19 17:00,2026-03-20 08:04,30,British Airways
FL01982,New Delhi,Chicago,2026-05-22 22:00,2026-05-23 12:33,66,Singapore Airlines
FL04452,New York,Santiago,2026-02-14 06:00,2026-02-14 16:10,1,Delta
FL02722,Rome,Bangalore,2026-02-07 01:00,2026-02-07 10:09,61,Lufthansa
FL00643,Vienna,Oslo,2026-05-03 12:00,2026-05-03 13:53,136,Air France
FL02676,Colombo,Bangalore,2026-02-19 09:00,2026-02-19 10:46,42,Emirates
FL03773,Nairobi,Chengdu,2026-06-30 08:00,2026-06-30 18:11,110,Ethiopian Airlines
FL00157,Manila,Prague,2026-03-24 06:00,2026-03-24 18:39,61,Lufthansa
FL00347,Dhaka,Helsinki,2026-06-17 08:00,2026-06-17 16:18,54,Air France
FL00922,Montreal,Rio de Janeiro,2026-04-03 03:00,2026-04-03 12:54,166,British Airways
FL01526,Hong Kong,Taipei,2026-02-22 20:00,2026-02-22 21:13,153,British Airways
FL02520,Paris,Lisbon,2026-04-13 17:00,2026-04-13 19:01,106,Lufthansa
FL03220,Paris,Kolkata,2026-05-14 12:00,2026-05-14 21:49,97,Emirates
FL01019,Oslo,Goa,2026-03-30 02:00,2026-03-30 10:57,156,Lufthansa
FL01226,Copenhagen,Barcelona,2026-03-30 02:00,2026-03-30 04:49,77,Iberia
FL02650,London,Buenos Aires,2026-01-24 22:00,2026-01-25 12:02,23,Singapore Airlines
FL03996,Budapest,Zhengzhou,2026-06-14 08:00,2026-06-14 17:44,157,Emirates
FL02897,Buenos Aires,Addis Ababa,2026-05-22 00:00,2026-05-22 14:04,114,Lufthansa
FL02136,Denver,Mumbai,2026-02-04 12:00,2026-02-05 04:39,72,United Airlines
FL00349,Almaty,Chengdu,2026-03-03 07:00,2026-03-03 10:32,135,British Airways
FL00795,Amsterdam,Nairobi,2026-04-13 11:00,2026-04-13 19:36,103,KLM
FL01060,Kuala Lumpur,Dallas,2026-03-12 01:00,2026-03-12 19:52,85,Delta
FL03404,Chennai,Hong Kong,2026-05-13 12:00,2026-05-13 16:45,6,Singapore Airlines
FL01169,Mumbai,New Delhi,2026-06-25 09:00,2026-06-25 10:47,178,Air India
FL04382,Athens,Rio de Janeiro,2026-02-22 21:00,2026-02-23 08:54,25,LATAM Airlines
FL00100,Guangzhou,Athens,2026-01-05 23:00,2026-01-06 09:31,89,Turkish Airlines
FL04185,Beijing,Casablanca,2026-06-02 22:00,2026-06-03 10:39,53,Turkish Airlines
FL04192,Lagos,San Francisco,2026-06-13 05:00,2026-06-13 20:16,118,Lufthansa
FL01357,Warsaw,Karachi,2026-03-02 23:00,2026-03-03 05:45,144,Lufthansa
FL03666,Shenzhen,Rome,2026-05-18 02:00,2026-05-18 13:20,86,Japan Airlines
FL00452,Dublin,Tbilisi,2026-05-13 17:00,2026-05-13 22:20,147,Air France
FL03630,Vienna,Singapore,2026-05-09 10:00,2026-05-09 22:01,157,Emirates
FL02498,Mumbai,Kolkata,2026-03-01 10:00,2026-03-01 12:41,121,British Airways
FL03836,Rio de Janeiro,Casablanca,2026-02-19 04:00,2026-02-19 12:59,101,Turkish Airlines
FL03338,Atlanta,Shanghai,2026-02-15 17:00,2026-02-16 07:53,75,Turkish Airlines
FL01912,Casablanca,Guadalajara,2026-01-26 18:00,2026-01-27 05:31,170,British Airways
FL01551,Chengdu,Guangzhou,2026-05-13 06:00,2026-05-13 08:20,42,Japan Airlines
FL01809,Istanbul,Hong Kong,2026-03-14 08:00,2026-03-14 18:20,23,Emirates
FL01520,Lima,Frankfurt,2026-06-03 10:00,2026-06-03 23:36,178,British Airways
FL03143,Lagos,Dallas,2026-02-24 03:00,2026-02-24 16:07,63,American Airlines
FL01482,Hong Kong,Karachi,2026-05-26 20:00,2026-05-27 02:26,155,Pakistan International
FL01931,Sydney,Amsterdam,2026-05-30 00:00,2026-05-30 20:19,171,Emirates
FL00543,Addis Ababa,Budapest,2026-03-09 03:00,2026-03-09 08:47,175,British Airways
FL01046,Madrid,Budapest,2026-04-13 15:00,2026-04-13 17:47,136,Turkish Airlines
FL01009,Doha,Prague,2026-04-13 18:00,2026-04-13 23:31,158,Air France
FL00439,Bangalore,Stockholm,2026-06-16 19:00,2026-06-17 03:40,82,Lufthansa
FL00973,Milan,Miami,2026-06-06 07:00,2026-06-06 17:05,49,Delta
FL03967,Baku,Munich,2026-04-28 05:00,2026-04-28 09:16,168,Singapore Airlines
FL00720,Melbourne,Bogotá,2026-01-11 21:00,2026-01-12 15:07,97,Turkish Airlines
FL02265,Dubai,Zurich,2026-05-28 09:00,2026-05-28 14:51,99,Emirates
FL00593,Johannesburg,Kaohsiung,2026-01-16 04:00,2026-01-16 18:05,170,Cathay Pacific
FL02784,Jakarta,Mumbai,2026-04-16 12:00,2026-04-16 18:12,174,British Airways
FL00190,Brussels,Kunming,2026-02-09 13:00,2026-02-09 23:39,125,Japan Airlines
FL01501,Chicago,Budapest,2026-01-07 02:00,2026-01-07 11:52,172,Lufthansa
FL01220,Kaohsiung,Taipei,2026-03-24 18:00,2026-03-24 19:00,125,Cathay Pacific
FL03999,Budapest,Yerevan,2026-02-22 18:00,2026-02-22 21:06,77,Turkish Airlines
FL00993,Montreal,Tbilisi,2026-03-21 00:00,2026-03-21 10:46,79,Air Canada
FL02490,Lagos,Jeddah,2026-03-13 07:00,2026-03-13 12:19,155,Lufthansa
FL03717,Barcelona,Miami,2026-02-15 11:00,2026-02-15 20:11,126,Singapore Airlines
FL00595,Riyadh,Shanghai,2026-04-10 16:00,2026-04-11 01:06,137,Lufthansa
FL00235,Dublin,Sydney,2026-03-31 11:00,2026-04-01 08:02,165,Turkish Airlines
FL04165,Bangalore,Mumbai,2026-01-22 10:00,2026-01-22 11:51,176,British Airways
FL02664,Riyadh,Kuwait City,2026-04-14 16:00,2026-04-14 17:10,165,Lufthansa
FL01196,Chengdu,Istanbul,2026-02-13 02:00,2026-02-13 10:21,50,British Airways
FL04419,Bangkok,Kuwait City,2026-02-06 00:00,2026-02-06 07:17,43,Turkish Airlines
FL00371,Shanghai,Jeddah,2026-05-10 06:00,2026-05-10 16:13,38,Turkish Airlines
FL03292,Guangzhou,Mumbai,2026-01-29 10:00,2026-01-29 15:21,46,British Airways
FL02057,Manila,Dubai,2026-05-08 23:00,2026-05-09 07:40,95,Lufthansa
FL03677,Lagos,Toronto,2026-04-29 06:00,2026-04-29 17:03,87,Air Canada
FL03390,Jeddah,Cairo,2026-03-23 05:00,2026-03-23 06:50,168,British Airways
FL02174,Lagos,Casablanca,2026-03-22 14:00,2026-03-22 18:30,7,Turkish Airlines
FL02278,Yangon,Rome,2026-03-07 16:00,2026-03-08 02:03,116,Emirates
FL02176,Yerevan,Dubai,2026-03-14 17:00,2026-03-14 20:05,60,Singapore Airlines
FL04416,Dublin,Vancouver,2026-04-18 05:00,2026-04-18 13:52,179,Lufthansa
FL00939,Athens,Bangkok,2026-05-09 19:00,2026-05-10 04:55,166,British Airways
FL03426,Buenos Aires,Atlanta,2026-05-05 21:00,2026-05-06 06:59,143,British Airways
FL00882,London,Jakarta,2026-02-26 19:00,2026-02-27 09:34,3,Turkish Airlines
FL03116,Guangzhou,Bogotá,2026-04-05 21:00,2026-04-06 17:31,157,British Airways
FL00710,Xi'an,Munich,2026-02-19 09:00,2026-02-19 18:37,174,Emirates
FL04335,Dallas,Santiago,2026-03-23 23:00,2026-03-24 08:56,36,Delta
FL03389,New York,Seoul,2026-01-21 11:00,2026-01-22 00:50,114,Emirates
FL00933,Lahore,Hyderabad,2026-05-15 04:00,2026-05-15 06:30,37,Lufthansa
FL03706,Beijing,Santiago,2026-01-25 07:00,2026-01-26 06:10,154,Emirates
FL03520,Chengdu,Brisbane,2026-06-08 08:00,2026-06-08 18:31,45,Lufthansa
FL02964,Buenos Aires,Stockholm,2026-06-09 19:00,2026-06-10 10:28,139,Emirates
FL03660,Bangkok,Addis Ababa,2026-05-16 17:00,2026-05-17 01:20,155,Lufthansa
FL02774,Johannesburg,Zhengzhou,2026-02-18 15:00,2026-02-19 04:53,15,Japan Airlines
FL00513,Brussels,Oslo,2026-06-29 12:00,2026-06-29 13:37,137,Turkish Airlines
FL00586,Montreal,Nairobi,2026-03-18 07:00,2026-03-18 21:05,100,Lufthansa
FL02212,Madrid,Doha,2026-05-04 05:00,2026-05-04 11:53,97,Emirates
FL03976,Colombo,Casablanca,2026-05-18 11:00,2026-05-18 22:47,96,British Airways
FL02522,Kuala Lumpur,Singapore,2026-03-08 07:00,2026-03-08 08:00,165,Lufthansa
FL02954,Los Angeles,Dhaka,2026-02-28 18:00,2026-03-01 09:59,5,Lufthansa
FL01352,Kuwait City,Nairobi,2026-02-24 02:00,2026-02-24 06:51,79,Ethiopian Airlines
FL02918,Chengdu,Colombo,2026-05-20 21:00,2026-05-21 01:36,169,Pakistan International
FL00134,Nairobi,Chennai,2026-04-27 02:00,2026-04-27 08:40,67,Air India
FL01375,Rio de Janeiro,Helsinki,2026-02-08 23:00,2026-02-09 12:31,159,Lufthansa
FL01273,Kunming,Hyderabad,2026-01-12 00:00,2026-01-12 03:35,158,Singapore Airlines
FL04441,Addis Ababa,Chennai,2026-01-06 17:00,2026-01-06 23:09,47,Ethiopian Airlines
FL02024,Warsaw,Perth,2026-05-12 21:00,2026-05-13 13:12,180,Qantas
FL03051,Singapore,Prague,2026-01-18 11:00,2026-01-18 23:29,41,Turkish Airlines
FL01786,Seoul,Chennai,2026-05-08 20:00,2026-05-09 03:15,105,Singapore Airlines
FL00303,Shenzhen,Amsterdam,2026-01-17 09:00,2026-01-17 20:25,122,KLM
FL01377,Chicago,Guadalajara,2026-04-24 23:00,2026-04-25 02:44,22,Turkish Airlines
FL02449,Montreal,New York,2026-04-24 03:00,2026-04-24 04:26,34,United Airlines
FL02534,Baku,Barcelona,2026-02-21 18:00,2026-02-21 23:29,76,Lufthansa
FL00963,Rio de Janeiro,Kaohsiung,2026-06-04 09:00,2026-06-05 07:04,22,Emirates
FL00083,Vienna,Bogotá,2026-02-07 20:00,2026-02-08 08:08,27,Lufthansa
FL04407,Goa,Paris,2026-04-30 18:00,2026-05-01 03:19,180,Singapore Airlines
FL01768,Prague,Istanbul,2026-01-22 05:00,2026-01-22 07:33,101,Singapore Airlines
FL04194,Helsinki,Doha,2026-06-14 17:00,2026-06-14 22:54,14,Iberia
FL00344,Nairobi,Hyderabad,2026-02-23 22:00,2026-02-24 04:39,81,Singapore Airlines
FL00959,Kuwait City,Atlanta,2026-06-05 15:00,2026-06-06 04:51,150,Lufthansa
FL02339,Bogotá,Nairobi,2026-04-25 01:00,2026-04-25 16:01,178,Singapore Airlines
FL01737,Hong Kong,Shanghai,2026-06-14 01:00,2026-06-14 03:10,44,Singapore Airlines
FL00243,Riyadh,Baku,2026-01-11 14:00,2026-01-11 16:59,146,Turkish Airlines
FL02546,Beijing,Seoul,2026-01-23 23:00,2026-01-24 00:29,148,Lufthansa
FL03965,Santiago,Casablanca,2026-01-24 13:00,2026-01-25 01:09,51,Lufthansa
FL00058,Atlanta,Karachi,2026-02-03 20:00,2026-02-04 12:05,41,United Airlines
FL00655,Havana,Brisbane,2026-01-03 09:00,2026-01-04 02:34,25,Qantas
FL01607,Dubai,Kunming,2026-05-27 18:00,2026-05-28 00:12,177,Emirates
FL01811,Dallas,Milan,2026-06-10 02:00,2026-06-10 12:27,107,United Airlines
FL03503,Los Angeles,Mexico City,2026-03-11 22:00,2026-03-12 01:52,33,Delta
FL03210,Zhengzhou,Copenhagen,2026-05-31 16:00,2026-06-01 01:30,39,Japan Airlines
FL04281,Moscow,Muscat,2026-02-23 22:00,2026-02-24 02:57,144,British Airways
FL00486,Rome,New York,2026-05-28 20:00,2026-05-29 04:31,106,United Airlines
FL02154,Colombo,Copenhagen,2026-01-05 14:00,2026-01-05 23:49,162,Emirates
FL03253,Oslo,Dublin,2026-02-02 00:00,2026-02-02 02:24,36,Turkish Airlines
FL02105,Stockholm,Chicago,2026-03-12 19:00,2026-03-13 03:27,129,United Airlines
FL03399,Tokyo,Los Angeles,2026-02-08 15:00,2026-02-09 02:15,45,Turkish Airlines
FL01738,Kuala Lumpur,Beijing,2026-04-12 13:00,2026-04-12 18:57,116,Lufthansa
FL03086,Kuala Lumpur,Oslo,2026-05-13 01:00,2026-05-13 13:09,132,Cathay Pacific
FL00712,Jeddah,Santiago,2026-02-03 05:00,2026-02-03 21:06,65,Emirates
FL00416,Vancouver,Tokyo,2026-01-24 12:00,2026-01-24 21:25,141,Singapore Airlines
FL01055,Amsterdam,Shanghai,2026-06-02 21:00,2026-06-03 08:24,55,KLM
FL01743,Manila,Madrid,2026-01-14 11:00,2026-01-15 01:26,49,British Airways
FL03888,Barcelona,Chengdu,2026-02-15 05:00,2026-02-15 15:30,46,Lufthansa
FL03341,Tashkent,Denver,2026-05-15 23:00,2026-05-16 12:14,107,American Airlines
FL04464,Vienna,Manila,2026-06-04 06:00,2026-06-04 18:11,1,Iberia
FL03557,Kolkata,Singapore,2026-01-24 15:00,2026-01-24 19:18,114,Turkish Airlines
FL02957,Vienna,Abu Dhabi,2026-02-07 00:00,2026-02-07 05:30,0,Singapore Airlines
FL02946,Dublin,Chicago,2026-01-25 13:00,2026-01-25 20:23,13,British Airways
FL04056,Helsinki,Melbourne,2026-02-17 11:00,2026-02-18 05:48,111,Emirates
FL01535,San Francisco,Shenzhen,2026-03-05 09:00,2026-03-05 22:31,114,British Airways
FL01949,London,Moscow,2026-04-07 22:00,2026-04-08 01:17,179,Singapore Airlines
FL01301,Abu Dhabi,Perth,2026-06-15 16:00,2026-06-16 02:56,119,Singapore Airlines
FL03588,Stockholm,Johannesburg,2026-06-10 15:00,2026-06-11 02:38,158,KLM
FL00356,Beijing,Addis Ababa,2026-05-26 19:00,2026-05-27 05:07,85,British Airways
FL00576,Chennai,Rio de Janeiro,2026-06-13 23:00,2026-06-14 16:20,114,Emirates
FL00392,Lagos,Taipei,2026-02-17 17:00,2026-02-18 08:14,57,Singapore Airlines
FL01579,Goa,Rome,2026-01-24 22:00,2026-01-25 06:11,57,Lufthansa
FL04217,Xi'an,Budapest,2026-06-02 15:00,2026-06-03 00:24,147,Korean Air
FL01812,New Delhi,Auckland,2026-04-26 05:00,2026-04-26 20:05,2,Turkish Airlines
FL01014,Stockholm,San Francisco,2026-03-20 12:00,2026-03-20 22:25,27,United Airlines
FL00819,Yangon,Zurich,2026-03-13 14:00,2026-03-14 00:19,33,Air India
FL01867,Madrid,Mumbai,2026-06-24 02:00,2026-06-24 11:13,85,Singapore Airlines
FL01703,Sydney,Kaohsiung,2026-05-06 23:00,2026-05-07 07:42,72,Emirates
FL00441,Casablanca,Baku,2026-06-27 20:00,2026-06-28 02:36,147,Turkish Airlines
FL03933,London,Abu Dhabi,2026-04-24 15:00,2026-04-24 22:25,118,Turkish Airlines
FL00764,Kuala Lumpur,Jakarta,2026-06-04 22:00,2026-06-05 00:11,169,Cathay Pacific
FL01942,Munich,Karachi,2026-01-16 04:00,2026-01-16 10:48,84,Lufthansa
FL03737,Zhengzhou,Johannesburg,2026-03-20 23:00,2026-03-21 13:05,121,Turkish Airlines
FL04110,Montreal,Seoul,2026-01-29 19:00,2026-01-30 08:10,8,British Airways
FL03133,Montreal,Guadalajara,2026-06-14 12:00,2026-06-14 16:56,163,Emirates
FL00129,Kunming,Brisbane,2026-02-27 16:00,2026-02-28 01:52,113,British Airways
FL02862,Vienna,São Paulo,2026-06-22 11:00,2026-06-22 23:24,174,Turkish Airlines
FL01859,Vancouver,Manila,2026-04-19 06:00,2026-04-19 18:53,103,Turkish Airlines
FL02821,Guangzhou,Madrid,2026-02-24 02:00,2026-02-24 14:34,27,Singapore Airlines
FL00901,Tokyo,Almaty,2026-05-28 12:00,2026-05-28 18:34,14,British Airways
FL02803,Bogotá,Bangalore,2026-01-12 10:00,2026-01-13 05:43,61,Singapore Airlines
FL03096,Kuala Lumpur,Helsinki,2026-03-07 13:00,2026-03-08 00:31,111,British Airways
FL01281,São Paulo,Miami,2026-01-10 15:00,2026-01-10 23:10,180,United Airlines
FL03795,Buenos Aires,Colombo,2026-05-23 13:00,2026-05-24 06:41,104,Singapore Airlines
FL01410,Amsterdam,Melbourne,2026-06-10 09:00,2026-06-11 05:18,56,Turkish Airlines
FL01247,Addis Ababa,Dubai,2026-06-15 19:00,2026-06-15 22:14,169,Emirates
FL04285,Oslo,Taipei,2026-01-07 14:00,2026-01-08 01:05,76,Air France
FL03874,Shanghai,Kolkata,2026-03-27 11:00,2026-03-27 15:51,66,Emirates
FL00322,Warsaw,Buenos Aires,2026-02-25 18:00,2026-02-26 09:02,12,LATAM Airlines
FL00385,Kunming,Tokyo,2026-04-25 19:00,2026-04-26 00:06,12,Turkish Airlines
FL01328,Budapest,Kuala Lumpur,2026-06-09 06:00,2026-06-09 17:18,22,Thai Airways
FL00951,Helsinki,Los Angeles,2026-02-15 14:00,2026-02-16 01:17,51,Lufthansa
FL03843,Munich,Jakarta,2026-01-12 20:00,2026-01-13 09:26,66,Turkish Airlines
FL00332,Lisbon,Manchester,2026-05-17 15:00,2026-05-17 17:47,76,Singapore Airlines
FL02564,Singapore,Bangalore,2026-04-06 17:00,2026-04-06 21:41,133,Air India
FL02473,Shanghai,Helsinki,2026-02-17 16:00,2026-02-18 00:57,45,Turkish Airlines
FL03270,Zurich,Dhaka,2026-02-03 19:00,2026-02-04 04:14,120,British Airways
FL00168,Abu Dhabi,Zurich,2026-05-25 21:00,2026-05-26 03:28,43,Turkish Airlines
FL01767,Prague,Guadalajara,2026-01-24 11:00,2026-01-24 23:26,164,AeroMexico
FL03100,Singapore,London,2026-04-25 18:00,2026-04-26 07:24,119,Emirates
FL02589,Los Angeles,Helsinki,2026-05-08 11:00,2026-05-08 22:26,110,Delta
FL03579,Denver,Budapest,2026-06-05 14:00,2026-06-06 01:22,29,Lufthansa
FL03986,Brussels,Lima,2026-04-17 14:00,2026-04-18 02:39,99,Turkish Airlines
FL01402,Santiago,Yerevan,2026-04-26 08:00,2026-04-27 01:16,82,LATAM Airlines
FL01199,Colombo,Athens,2026-06-20 19:00,2026-06-21 03:40,124,Lufthansa
FL01428,Tokyo,Taipei,2026-03-22 22:00,2026-03-23 00:47,32,Emirates
FL01434,Bangalore,Kunming,2026-02-19 03:00,2026-02-19 06:48,152,Air India
FL02773,Almaty,Havana,2026-05-11 07:00,2026-05-11 22:30,1,Air Canada
FL02929,Guangzhou,Lagos,2026-06-11 19:00,2026-06-12 09:05,82,Emirates
FL02270,Kuwait City,Dhaka,2026-01-18 10:00,2026-01-18 15:53,58,Lufthansa
FL00789,Atlanta,Frankfurt,2026-02-07 15:00,2026-02-08 00:39,111,Emirates
FL02165,Vienna,Miami,2026-06-23 09:00,2026-06-23 19:19,104,British Airways
FL00916,Bogotá,Brisbane,2026-02-07 09:00,2026-02-08 02:13,177,Turkish Airlines
FL03547,Vienna,Lagos,2026-01-03 03:00,2026-01-03 09:27,28,Lufthansa
FL03574,Dublin,Almaty,2026-02-27 11:00,2026-02-27 18:51,118,British Airways
FL02145,Kuala Lumpur,Mumbai,2026-02-02 18:00,2026-02-02 22:53,175,Singapore Airlines
FL03429,Montreal,Vienna,2026-02-28 18:00,2026-03-01 02:28,121,Air Canada
FL02835,Warsaw,Madrid,2026-06-24 08:00,2026-06-24 11:39,86,Emirates
FL00455,Singapore,Almaty,2026-02-06 11:00,2026-02-06 17:48,116,Turkish Airlines
FL01409,Beijing,São Paulo,2026-01-06 08:00,2026-01-07 05:26,91,Turkish Airlines
FL02736,Kunming,Rio de Janeiro,2026-01-14 15:00,2026-01-15 11:29,54,Singapore Airlines
FL03302,Vancouver,Karachi,2026-06-07 19:00,2026-06-08 09:41,139,British Airways
FL00751,Vancouver,Hong Kong,2026-04-04 12:00,2026-04-05 00:29,150,Lufthansa
FL03724,Bangkok,Paris,2026-05-27 11:00,2026-05-27 22:30,139,Singapore Airlines
FL02768,Montreal,Bangalore,2026-03-10 23:00,2026-03-11 14:27,17,Emirates
FL04225,Chicago,Buenos Aires,2026-01-24 11:00,2026-01-24 22:34,153,LATAM Airlines
FL03699,Yerevan,Johannesburg,2026-03-23 11:00,2026-03-23 20:13,180,Turkish Airlines
FL00611,Zurich,Baku,2026-05-05 16:00,2026-05-05 20:51,14,Turkish Airlines
FL01083,Munich,Oslo,2026-03-28 23:00,2026-03-29 01:18,83,Emirates
FL03483,Jakarta,London,2026-02-22 09:00,2026-02-22 23:42,48,Singapore Airlines
FL00757,Rio de Janeiro,Barcelona,2026-05-13 11:00,2026-05-13 21:34,116,Emirates
FL01467,Milan,New Delhi,2026-03-11 12:00,2026-03-11 19:30,113,Turkish Airlines
FL03720,Tokyo,Munich,2026-03-20 12:00,2026-03-20 23:39,25,Lufthansa
FL00684,Jeddah,Brisbane,2026-06-03 15:00,2026-06-04 07:31,93,Qantas
FL01126,Chennai,Doha,2026-06-23 17:00,2026-06-23 21:47,115,Lufthansa
FL00120,Lima,São Paulo,2026-01-31 23:00,2026-02-01 03:28,30,Lufthansa
FL99015,Vienna,Prague,2026-03-11 06:00,2026-03-11 07:00,-100,Lufthansa
FL01445,Mexico City,Atlanta,2026-06-13 07:00,2026-06-13 10:17,119,British Airways
FL03464,Baku,Mexico City,2026-03-20 22:00,2026-03-21 13:17,18,British Airways
FL00979,Bangalore,Dhaka,2026-06-22 15:00,2026-06-22 18:02,9,Air India
FL00583,Kunming,Melbourne,2026-05-04 22:00,2026-05-05 07:57,167,Turkish Airlines
FL00458,Karachi,Vancouver,2026-01-28 21:00,2026-01-29 11:37,62,Singapore Airlines
FL00412,Doha,Nairobi,2026-01-05 16:00,2026-01-05 20:48,172,Singapore Airlines
FL02970,Lahore,Vancouver,2026-04-23 02:00,2026-04-23 15:18,45,Turkish Airlines
FL02956,Seoul,Prague,2026-05-03 22:00,2026-05-04 07:59,127,Turkish Airlines
FL04167,Munich,Jeddah,2026-02-26 03:00,2026-02-26 07:46,100,British Airways
FL00323,Milan,Xi'an,2026-06-17 21:00,2026-06-18 07:03,137,Emirates
FL00771,New York,Chengdu,2026-02-16 19:00,2026-02-17 09:58,67,Turkish Airlines
FL01355,Tashkent,Shanghai,2026-04-06 08:00,2026-04-06 14:19,90,Cathay Pacific
FL03704,Milan,Barcelona,2026-05-21 15:00,2026-05-21 16:25,91,Iberia
FL04455,New Delhi,Prague,2026-03-14 18:00,2026-03-15 01:40,98,Turkish Airlines
FL02014,Manchester,Cairo,2026-05-28 19:00,2026-05-28 23:53,88,British Airways
FL03075,Cairo,Shanghai,2026-02-12 19:00,2026-02-13 05:33,113,Cathay Pacific
FL00917,Addis Ababa,Warsaw,2026-05-01 00:00,2026-05-01 06:27,137,Turkish Airlines
FL04463,Kuwait City,San Francisco,2026-01-31 11:00,2026-02-01 02:29,151,Turkish Airlines
FL02804,Milan,São Paulo,2026-04-21 17:00,2026-04-22 04:25,19,Emirates
FL02754,Jakarta,Montreal,2026-03-28 13:00,2026-03-29 08:12,1,British Airways
FL02813,São Paulo,Zhengzhou,2026-03-13 00:00,2026-03-13 21:26,89,LATAM Airlines
FL02801,Kolkata,Johannesburg,2026-05-31 06:00,2026-05-31 16:39,171,Lufthansa
FL03162,Chicago,Colombo,2026-01-30 02:00,2026-01-30 19:33,108,Delta
FL01085,Chengdu,San Francisco,2026-03-27 02:00,2026-03-27 15:19,36,United Airlines
FL02444,Munich,Tbilisi,2026-02-08 06:00,2026-02-08 09:38,16,British Airways
FL01901,Bangalore,Xi'an,2026-01-25 09:00,2026-01-25 14:16,176,British Airways
FL04233,Kaohsiung,Brussels,2026-02-10 07:00,2026-02-10 19:10,56,British Airways
FL00266,Taipei,Guangzhou,2026-04-06 07:00,2026-04-06 08:14,25,Korean Air
FL00930,Brisbane,Lahore,2026-02-28 13:00,2026-03-01 01:53,39,Pakistan International
FL03382,Singapore,Bogotá,2026-01-04 14:00,2026-01-05 13:37,70,Turkish Airlines
FL00860,Rio de Janeiro,Barcelona,2026-05-02 12:00,2026-05-02 22:47,79,LATAM Airlines
FL01277,Singapore,Mumbai,2026-01-12 04:00,2026-01-12 09:14,71,Air India
FL00386,Almaty,Chicago,2026-04-13 14:00,2026-04-14 02:40,55,Delta
FL02304,Lima,Dhaka,2026-05-05 17:00,2026-05-06 14:56,24,Lufthansa
FL00758,Chicago,Montreal,2026-03-24 03:00,2026-03-24 05:11,133,Singapore Airlines
FL04027,Abu Dhabi,Mumbai,2026-01-08 21:00,2026-01-09 00:12,117,Turkish Airlines
FL03618,Xi'an,Beijing,2026-03-26 07:00,2026-03-26 08:30,162,Singapore Airlines
FL01407,Guadalajara,Seoul,2026-04-01 12:00,2026-04-02 02:40,91,Singapore Airlines
FL04274,São Paulo,Auckland,2026-03-19 20:00,2026-03-20 10:35,109,Singapore Airlines
FL03402,Toronto,Vienna,2026-05-16 20:00,2026-05-17 04:56,126,Turkish Airlines
FL02606,Dublin,Zurich,2026-06-15 20:00,2026-06-15 21:49,153,Singapore Airlines
FL04355,Goa,New Delhi,2026-06-20 07:00,2026-06-20 09:16,143,Lufthansa
FL04098,Vienna,Lahore,2026-03-13 20:00,2026-03-14 03:01,5,Lufthansa
FL00544,Chennai,Kolkata,2026-06-04 01:00,2026-06-04 03:02,83,Turkish Airlines
FL02772,Istanbul,Perth,2026-01-05 15:00,2026-01-06 05:36,32,Turkish Airlines
FL00158,Taipei,São Paulo,2026-04-16 01:00,2026-04-16 23:33,121,Lufthansa
FL01452,Barcelona,New Delhi,2026-04-27 07:00,2026-04-27 15:29,95,Lufthansa
FL00451,Tbilisi,Bangalore,2026-04-21 03:00,2026-04-21 08:31,66,Turkish Airlines
FL01439,New York,Athens,2026-03-21 19:00,2026-03-22 04:50,94,Delta
FL02291,Paris,Seoul,2026-05-02 14:00,2026-05-03 01:29,137,Air France
FL03934,Santiago,Budapest,2026-06-04 04:00,2026-06-04 19:26,64,Turkish Airlines
FL00565,Amsterdam,Shanghai,2026-03-01 19:00,2026-03-02 05:53,134,Singapore Airlines
FL01728,Barcelona,Dubai,2026-04-03 17:00,2026-04-03 23:41,34,Emirates
FL00260,Sydney,Manila,2026-06-23 18:00,2026-06-24 02:21,118,British Airways
FL03828,Baku,Atlanta,2026-05-01 04:00,2026-05-01 17:14,153,Delta
FL02303,Baku,Cairo,2026-06-17 16:00,2026-06-17 19:20,86,Turkish Airlines
FL00990,New York,Frankfurt,2026-05-13 21:00,2026-05-14 05:16,52,Delta
FL00020,Havana,Copenhagen,2026-06-02 02:00,2026-06-02 12:12,152,Iberia
FL02809,Chengdu,Helsinki,2026-02-23 02:00,2026-02-23 10:09,60,Japan Airlines
FL02576,Los Angeles,Taipei,2026-01-10 15:00,2026-01-11 04:40,22,Lufthansa
FL03796,Madrid,Kuala Lumpur,2026-03-23 03:00,2026-03-23 16:51,32,Singapore Airlines
FL01415,Paris,Bangkok,2026-03-08 18:00,2026-03-09 06:00,133,Thai Airways
FL03230,Lahore,Chicago,2026-04-22 13:00,2026-04-23 03:40,171,American Airlines
FL02601,Dallas,Hong Kong,2026-06-20 04:00,2026-06-20 20:14,37,Emirates
FL03662,Lagos,Santiago,2026-03-26 03:00,2026-03-26 14:22,52,British Airways
FL01290,Montreal,Atlanta,2026-03-26 01:00,2026-03-26 03:37,115,American Airlines
FL03692,Rio de Janeiro,Jeddah,2026-05-20 00:00,2026-05-20 12:21,54,Emirates
FL04051,Miami,Madrid,2026-04-16 18:00,2026-04-17 03:04,2,Iberia
FL02008,Tbilisi,Athens,2026-06-29 04:00,2026-06-29 06:57,150,British Airways
FL03025,Dhaka,Rome,2026-04-29 10:00,2026-04-29 19:03,92,Lufthansa
FL03609,Oslo,Warsaw,2026-05-26 01:00,2026-05-26 02:53,122,Emirates
FL01831,Kaohsiung,Vancouver,2026-04-18 21:00,2026-04-19 09:25,81,British Airways
FL01915,Tokyo,Vancouver,2026-06-16 21:00,2026-06-17 06:36,10,British Airways
FL02855,Abu Dhabi,Vancouver,2026-01-17 12:00,2026-01-18 02:21,39,Air Canada
FL04408,Cairo,Abu Dhabi,2026-05-15 11:00,2026-05-15 14:22,154,British Airways
FL02324,Chicago,Taipei,2026-03-07 03:00,2026-03-07 17:48,109,Turkish Airlines
FL03640,Lisbon,Kuwait City,2026-02-14 17:00,2026-02-14 23:31,44,Lufthansa
FL03107,Havana,Seoul,2026-04-17 12:00,2026-04-18 03:34,74,Emirates
FL04325,São Paulo,Stockholm,2026-05-04 17:00,2026-05-05 06:24,161,Emirates
FL03106,Perth,Mexico City,2026-06-15 02:00,2026-06-15 21:31,151,Singapore Airlines
FL00706,Buenos Aires,Manchester,2026-06-28 09:00,2026-06-28 22:56,12,LATAM Airlines
FL04204,Milan,Guadalajara,2026-05-14 12:00,2026-05-15 00:13,91,Singapore Airlines
FL00808,Milan,Baku,2026-02-21 07:00,2026-02-21 11:45,67,Air France
FL03879,Milan,Hyderabad,2026-03-28 11:00,2026-03-28 19:46,111,Emirates
FL00210,Budapest,Paris,2026-01-24 02:00,2026-01-24 03:47,24,Lufthansa
FL00034,Bangalore,Dallas,2026-05-12 07:00,2026-05-13 00:56,124,British Airways
FL03521,New Delhi,Baku,2026-01-29 15:00,2026-01-29 18:36,44,Turkish Airlines
FL03002,Johannesburg,Jakarta,2026-02-03 07:00,2026-02-03 17:56,134,Thai Airways
FL04125,Madrid,Shanghai,2026-03-02 20:00,2026-03-03 08:21,93,Turkish Airlines
FL01899,London,Yerevan,2026-04-11 04:00,2026-04-11 08:49,1,Singapore Airlines
FL04429,Rome,Muscat,2026-01-11 19:00,2026-01-12 01:20,134,Air France
FL04113,Hyderabad,Cairo,2026-03-17 15:00,2026-03-17 21:37,14,Lufthansa
FL03715,Tbilisi,Cairo,2026-05-20 14:00,2026-05-20 16:21,142,Singapore Airlines
FL00717,Mexico City,Toronto,2026-06-19 10:00,2026-06-19 14:19,75,Turkish Airlines
FL02441,Bogotá,Baku,2026-02-03 15:00,2026-02-04 06:07,156,British Airways
FL00131,Yerevan,Barcelona,2026-06-10 06:00,2026-06-10 10:36,20,Turkish Airlines
FL02953,Singapore,Manchester,2026-02-15 17:00,2026-02-16 06:38,81,Singapore Airlines
FL01480,Mexico City,Copenhagen,2026-04-19 21:00,2026-04-20 09:00,176,AeroMexico
FL00245,Istanbul,Dhaka,2026-01-22 16:00,2026-01-22 23:44,10,Turkish Airlines
FL03276,Hong Kong,Copenhagen,2026-05-16 01:00,2026-05-16 11:43,69,Singapore Airlines
FL01308,Chengdu,Tashkent,2026-04-27 21:00,2026-04-28 01:29,67,Korean Air
FL01252,Tokyo,Nairobi,2026-01-21 15:00,2026-01-22 04:50,105,British Airways
FL03238,Kuwait City,Oslo,2026-05-23 17:00,2026-05-23 22:49,162,British Airways
FL02966,Montreal,Kuwait City,2026-04-21 23:00,2026-04-22 11:16,177,British Airways
FL03126,Milan,Havana,2026-06-01 08:00,2026-06-01 18:35,153,Lufthansa
FL00098,Bangkok,Budapest,2026-02-16 01:00,2026-02-16 11:09,83,Turkish Airlines
FL03830,Los Angeles,Jeddah,2026-06-26 16:00,2026-06-27 08:05,157,Lufthansa
FL00130,Chengdu,Copenhagen,2026-03-20 18:00,2026-03-21 03:19,156,Cathay Pacific
FL03739,Brisbane,Colombo,2026-03-22 03:00,2026-03-22 13:42,33,Singapore Airlines
FL01382,Barcelona,Lima,2026-06-30 18:00,2026-07-01 06:21,136,Singapore Airlines
FL02829,London,Abu Dhabi,2026-02-16 17:00,2026-02-17 00:23,32,Turkish Airlines
FL02446,Casablanca,Addis Ababa,2026-01-26 17:00,2026-01-26 23:47,38,Turkish Airlines
FL01764,Lisbon,Helsinki,2026-03-09 21:00,2026-03-10 01:14,164,Emirates
FL02986,Miami,Kuwait City,2026-03-28 23:00,2026-03-29 13:50,123,Turkish Airlines
FL03474,Chennai,Zurich,2026-04-05 10:00,2026-04-05 19:30,149,Turkish Airlines
FL01232,Yangon,Budapest,2026-02-07 07:00,2026-02-07 16:21,175,Pakistan International
FL01032,Lahore,Guangzhou,2026-02-06 23:00,2026-02-07 04:24,71,Pakistan International
FL02658,Miami,Lima,2026-01-03 10:00,2026-01-03 15:51,69,Lufthansa
FL03397,Chicago,Perth,2026-06-29 11:00,2026-06-30 08:36,112,Qantas
FL02691,Havana,Cairo,2026-06-02 07:00,2026-06-02 20:08,5,United Airlines
FL00895,Lagos,Atlanta,2026-03-18 07:00,2026-03-18 18:27,80,Delta
FL03600,San Francisco,Cairo,2026-05-17 08:00,2026-05-17 22:38,26,British Airways
FL02499,Jeddah,Karachi,2026-05-28 10:00,2026-05-28 14:09,32,British Airways
FL03294,Karachi,Tokyo,2026-04-23 09:00,2026-04-23 17:25,126,Emirates
FL03160,Seoul,Melbourne,2026-02-04 23:00,2026-02-05 09:46,46,Emirates
FL01674,Bogotá,Mumbai,2026-01-13 05:00,2026-01-13 23:33,13,Singapore Airlines
FL02665,Colombo,Shenzhen,2026-05-28 22:00,2026-05-29 03:36,103,Pakistan International
FL03167,Abu Dhabi,Chengdu,2026-03-06 05:00,2026-03-06 11:01,96,Singapore Airlines
FL00652,Doha,Brisbane,2026-01-13 19:00,2026-01-14 10:30,169,Emirates
FL00999,London,Bangkok,2026-01-08 15:00,2026-01-09 03:11,12,Emirates
FL01191,Mumbai,Lisbon,2026-01-30 12:00,2026-01-30 21:53,153,Air India
FL02495,Melbourne,Copenhagen,2026-06-06 03:00,2026-06-06 22:28,135,British Airways
FL02081,Tashkent,Toronto,2026-03-13 05:00,2026-03-13 17:17,26,Turkish Airlines
FL00019,Dublin,Milan,2026-01-24 01:00,2026-01-24 03:31,39,Turkish Airlines
FL01930,Guadalajara,Nairobi,2026-02-27 06:00,2026-02-28 00:41,111,AeroMexico
FL04321,Bogotá,Helsinki,2026-05-07 20:00,2026-05-08 08:24,24,British Airways
FL04055,Tbilisi,Riyadh,2026-05-03 12:00,2026-05-03 14:51,118,Singapore Airlines
FL01937,São Paulo,London,2026-06-03 17:00,2026-06-04 04:37,57,Turkish Airlines
FL01888,Rio de Janeiro,Jeddah,2026-02-09 02:00,2026-02-09 14:47,36,Lufthansa
FL04354,Kuala Lumpur,Casablanca,2026-04-24 08:00,2026-04-24 22:36,100,Ethiopian Airlines
FL02716,Zurich,Seoul,2026-06-14 21:00,2026-06-15 08:14,141,Lufthansa
FL03798,Brussels,Hyderabad,2026-04-10 11:00,2026-04-10 20:39,102,Turkish Airlines
FL00632,Doha,Auckland,2026-05-02 21:00,2026-05-03 14:37,76,Turkish Airlines
FL00985,Tbilisi,Addis Ababa,2026-06-30 10:00,2026-06-30 15:07,69,Singapore Airlines
FL01283,Warsaw,Lisbon,2026-01-29 23:00,2026-01-30 03:08,31,Iberia
FL02121,Montreal,Chengdu,2026-01-09 10:00,2026-01-10 00:22,161,British Airways
FL01228,Lima,Brisbane,2026-05-12 14:00,2026-05-13 06:06,140,Turkish Airlines
FL03400,Paris,New Delhi,2026-02-17 10:00,2026-02-17 18:19,49,Emirates
FL04474,Melbourne,New York,2026-02-28 00:00,2026-02-28 20:06,88,British Airways
FL01779,Kunming,Munich,2026-01-20 23:00,2026-01-21 09:12,157,Turkish Airlines
FL00885,Johannesburg,Doha,2026-01-11 23:00,2026-01-12 06:38,77,Emirates
FL02026,Sydney,Muscat,2026-06-19 20:00,2026-06-20 10:02,162,Qantas
FL03409,Nairobi,Jakarta,2026-05-02 22:00,2026-05-03 07:53,56,Thai Airways
FL01706,Frankfurt,Tashkent,2026-05-15 04:00,2026-05-15 10:18,3,Lufthansa
FL00656,Manchester,Johannesburg,2026-06-09 19:00,2026-06-10 06:44,107,Emirates
FL02581,Lisbon,Stockholm,2026-01-18 16:00,2026-01-18 19:54,70,KLM
FL03525,Sydney,Munich,2026-01-01 22:00,2026-01-02 17:50,50,Turkish Airlines
FL02241,Addis Ababa,Oslo,2026-05-25 12:00,2026-05-25 20:02,1,Singapore Airlines
FL02683,New York,Barcelona,2026-01-24 19:00,2026-01-25 02:46,100,British Airways
FL01447,Atlanta,Jakarta,2026-01-03 02:00,2026-01-03 22:13,142,Emirates
FL02709,Auckland,Chennai,2026-05-12 03:00,2026-05-12 16:53,57,Air India
FL04126,Dubai,Shenzhen,2026-03-09 10:00,2026-03-09 17:18,51,Singapore Airlines
FL03507,Montreal,Kuwait City,2026-04-29 23:00,2026-04-30 11:24,26,Singapore Airlines
FL04306,Paris,Prague,2026-03-19 12:00,2026-03-19 13:56,111,British Airways
FL02301,Kaohsiung,Athens,2026-05-04 11:00,2026-05-04 21:59,147,Iberia
FL01216,Buenos Aires,Vancouver,2026-03-21 18:00,2026-03-22 07:36,176,Emirates
FL03222,Hyderabad,Taipei,2026-02-01 00:00,2026-02-01 05:57,75,Turkish Airlines
FL00813,London,Doha,2026-04-19 15:00,2026-04-19 22:07,8,Lufthansa
FL02076,Frankfurt,Kuwait City,2026-04-28 10:00,2026-04-28 15:03,159,Singapore Airlines
FL01097,Shenzhen,Warsaw,2026-01-12 03:00,2026-01-12 13:29,137,British Airways
FL03062,Tokyo,Lagos,2026-05-27 06:00,2026-05-27 22:26,86,Turkish Airlines
FL02729,Doha,Yerevan,2026-04-27 01:00,2026-04-27 03:33,4,Singapore Airlines
FL00814,Dhaka,Vienna,2026-06-25 05:00,2026-06-25 13:41,30,Lufthansa
FL02106,San Francisco,Auckland,2026-01-01 09:00,2026-01-01 21:49,89,Emirates
FL01450,Karachi,Jeddah,2026-03-04 05:00,2026-03-04 08:46,45,British Airways
FL01716,Istanbul,Casablanca,2026-04-02 02:00,2026-04-02 06:36,30,British Airways
FL03370,Miami,Jakarta,2026-06-20 01:00,2026-06-20 22:21,60,British Airways
FL02715,Bangalore,Kolkata,2026-03-23 18:00,2026-03-23 20:14,123,Singapore Airlines
FL02198,Vienna,Goa,2026-05-11 20:00,2026-05-12 04:11,109,Emirates
FL03721,Manila,Toronto,2026-01-13 15:00,2026-01-14 06:48,139,Singapore Airlines
FL03894,Zurich,Prague,2026-02-16 08:00,2026-02-16 09:32,96,Air France
FL03983,Addis Ababa,Milan,2026-06-15 20:00,2026-06-16 02:25,24,British Airways
FL01560,Madrid,Guangzhou,2026-03-17 02:00,2026-03-17 14:44,70,Emirates
FL01150,Rome,New Delhi,2026-06-04 19:00,2026-06-05 02:36,14,Air India
FL00269,Lima,Toronto,2026-02-08 17:00,2026-02-09 01:14,155,Singapore Airlines
FL02968,Almaty,Shenzhen,2026-05-12 17:00,2026-05-12 22:31,165,Cathay Pacific
FL01353,Karachi,Yerevan,2026-06-12 05:00,2026-06-12 08:27,138,Singapore Airlines
FL04336,Frankfurt,Zurich,2026-04-19 07:00,2026-04-19 08:00,132,Turkish Airlines
FL00897,Frankfurt,Tokyo,2026-04-28 11:00,2026-04-28 22:22,67,British Airways
FL01527,Almaty,Bangalore,2026-02-04 08:00,2026-02-04 12:26,10,Lufthansa
FL04417,Stockholm,Istanbul,2026-01-02 00:00,2026-01-02 03:32,105,Singapore Airlines
FL01245,Doha,Jakarta,2026-06-29 03:00,2026-06-29 11:35,108,British Airways
FL02646,Kaohsiung,Dhaka,2026-04-03 12:00,2026-04-03 15:51,111,Japan Airlines
FL01483,Moscow,Manila,2026-02-22 12:00,2026-02-22 22:02,98,Turkish Airlines
FL04183,Chennai,Cairo,2026-06-03 02:00,2026-06-03 08:43,180,Lufthansa
FL03901,Muscat,Copenhagen,2026-01-16 04:00,2026-01-16 10:54,107,Lufthansa
FL02020,Tashkent,Stockholm,2026-05-14 04:00,2026-05-14 09:37,75,British Airways
FL02224,Perth,Dallas,2026-02-20 15:00,2026-02-21 11:15,21,United Airlines
FL01559,Santiago,Brussels,2026-04-23 20:00,2026-04-24 10:56,27,Lufthansa
FL02951,Manchester,Brussels,2026-02-13 18:00,2026-02-13 19:17,125,Lufthansa
FL04438,Frankfurt,São Paulo,2026-06-19 19:00,2026-06-20 07:19,113,LATAM Airlines
FL01048,Oslo,Beijing,2026-03-15 14:00,2026-03-15 22:45,80,KLM
FL03725,Los Angeles,Beijing,2026-03-28 14:00,2026-03-29 02:24,80,Delta
FL03183,Kaohsiung,Xi'an,2026-04-02 14:00,2026-04-02 16:59,3,Singapore Airlines
FL02779,Lahore,Denver,2026-05-28 05:00,2026-05-28 20:04,148,Emirates
FL03606,Yerevan,Guadalajara,2026-04-14 03:00,2026-04-14 18:22,152,British Airways
FL01506,San Francisco,Lagos,2026-02-01 17:00,2026-02-02 08:34,43,Emirates
FL02448,Brisbane,Budapest,2026-06-29 08:00,2026-06-30 02:57,63,Emirates
FL02718,Moscow,Sydney,2026-03-30 02:00,2026-03-30 19:21,64,Singapore Airlines
FL01602,Goa,Vienna,2026-03-04 01:00,2026-03-04 08:47,101,Singapore Airlines
FL01250,Taipei,Beijing,2026-04-11 08:00,2026-04-11 10:30,60,Singapore Airlines
FL04484,Brisbane,Riyadh,2026-06-24 14:00,2026-06-25 05:18,161,Singapore Airlines
FL03977,Brussels,Muscat,2026-05-26 01:00,2026-05-26 07:54,119,Turkish Airlines
FL02630,Cairo,Casablanca,2026-04-21 07:00,2026-04-21 11:45,158,Ethiopian Airlines
FL03305,Muscat,Zhengzhou,2026-01-04 20:00,2026-01-05 02:41,146,Japan Airlines
FL00377,Budapest,Tokyo,2026-03-15 13:00,2026-03-16 00:02,34,Lufthansa
FL02828,Singapore,Muscat,2026-05-03 12:00,2026-05-03 19:24,148,Turkish Airlines
FL03203,Budapest,Dublin,2026-03-15 16:00,2026-03-15 19:10,108,Iberia
FL04062,Baku,Paris,2026-03-20 23:00,2026-03-21 04:12,58,Emirates
FL01338,Milan,Almaty,2026-01-26 04:00,2026-01-26 10:55,85,Turkish Airlines
FL03314,Brisbane,Miami,2026-06-19 18:00,2026-06-20 12:07,38,British Airways
FL03882,Tashkent,Barcelona,2026-02-16 01:00,2026-02-16 08:12,44,Lufthansa
FL03903,Auckland,Lagos,2026-04-02 06:00,2026-04-03 02:07,67,Lufthansa
FL01181,Lagos,Guadalajara,2026-01-03 03:00,2026-01-03 17:19,154,Turkish Airlines
FL03895,Singapore,Helsinki,2026-02-10 18:00,2026-02-11 05:22,113,Singapore Airlines
FL04029,Auckland,Vancouver,2026-04-30 20:00,2026-05-01 09:49,19,Singapore Airlines
FL03247,Rome,Casablanca,2026-04-09 19:00,2026-04-09 21:42,19,British Airways
FL01924,Frankfurt,Guadalajara,2026-01-28 15:00,2026-01-29 03:23,121,British Airways
FL00980,Bangkok,Rome,2026-02-09 20:00,2026-02-10 07:02,137,British Airways
FL01489,Kuala Lumpur,Singapore,2026-02-03 17:00,2026-02-03 18:00,17,Singapore Airlines
FL01849,Dallas,Lisbon,2026-01-16 06:00,2026-01-16 15:14,55,Lufthansa
FL02352,Los Angeles,Lisbon,2026-02-27 22:00,2026-02-28 09:44,62,British Airways
FL03297,Rio de Janeiro,Yerevan,2026-01-17 01:00,2026-01-17 14:42,100,LATAM Airlines
FL02875,Milan,Mumbai,2026-04-10 03:00,2026-04-10 11:15,128,Singapore Airlines
FL01064,Tokyo,Guangzhou,2026-01-19 18:00,2026-01-19 22:11,114,Emirates
FL04060,Beijing,Tokyo,2026-01-02 02:00,2026-01-02 04:55,12,Lufthansa
FL01735,Baku,Bangkok,2026-05-16 22:00,2026-05-17 05:42,120,Singapore Airlines
FL04451,Mumbai,Beijing,2026-05-17 09:00,2026-05-17 15:21,61,Air India
FL02668,Manila,Taipei,2026-03-18 11:00,2026-03-18 12:39,124,British Airways
FL01577,Los Angeles,Madrid,2026-03-25 12:00,2026-03-25 23:51,56,Singapore Airlines
FL00708,Baku,Lima,2026-02-21 19:00,2026-02-22 12:21,113,Turkish Airlines
FL03218,Hyderabad,Kaohsiung,2026-05-23 06:00,2026-05-23 11:33,31,Emirates
FL01072,Montreal,Sydney,2026-03-18 22:00,2026-03-19 17:23,27,Qantas
FL03823,Havana,Goa,2026-06-07 01:00,2026-06-07 19:28,66,Emirates
FL00558,Muscat,Lisbon,2026-03-24 12:00,2026-03-24 20:05,6,Iberia
FL00082,Brussels,Perth,2026-05-28 06:00,2026-05-28 23:26,98,Singapore Airlines
FL00802,Warsaw,Lahore,2026-04-28 18:00,2026-04-29 00:35,123,Emirates
FL04490,Karachi,Bogotá,2026-05-26 17:00,2026-05-27 10:57,178,LATAM Airlines
FL02042,Doha,Barcelona,2026-06-10 03:00,2026-06-10 09:40,157,Iberia
FL03787,Manchester,New York,2026-04-28 02:00,2026-04-28 08:34,44,Turkish Airlines
FL00056,Xi'an,Barcelona,2026-03-29 06:00,2026-03-29 17:03,67,Iberia
FL00172,Chengdu,Lagos,2026-06-13 13:00,2026-06-14 02:17,116,Singapore Airlines
FL00689,Warsaw,Sydney,2026-03-28 03:00,2026-03-28 22:10,11,Qantas
FL04404,Montreal,Miami,2026-04-10 02:00,2026-04-10 05:13,64,American Airlines
FL00065,Kuala Lumpur,Chennai,2026-01-28 12:00,2026-01-28 15:59,120,Turkish Airlines
FL02298,Johannesburg,Denver,2026-03-25 13:00,2026-03-26 07:40,37,Delta
FL02597,Beijing,Manila,2026-01-16 16:00,2026-01-16 20:13,28,Lufthansa
FL00488,Warsaw,Milan,2026-03-25 18:00,2026-03-25 19:36,23,Lufthansa
FL03363,Casablanca,New York,2026-03-07 06:00,2026-03-07 13:39,170,Turkish Airlines
FL00864,Cairo,Chengdu,2026-01-31 12:00,2026-01-31 20:52,2,Emirates
FL04299,Oslo,Dallas,2026-01-01 04:00,2026-01-01 14:09,100,British Airways
FL03833,São Paulo,Chicago,2026-04-25 13:00,2026-04-25 23:35,27,Delta
FL00775,Kunming,Tokyo,2026-05-17 16:00,2026-05-17 21:09,23,Singapore Airlines
FL03486,Dubai,Addis Ababa,2026-03-01 21:00,2026-03-02 00:33,148,Singapore Airlines
FL00931,Addis Ababa,Shenzhen,2026-03-26 14:00,2026-03-27 00:10,52,Lufthansa
FL00664,Yangon,Havana,2026-03-22 13:00,2026-03-23 08:07,24,Emirates
FL00743,Montreal,Addis Ababa,2026-06-27 18:00,2026-06-28 07:17,145,British Airways
FL00612,Paris,New Delhi,2026-05-10 12:00,2026-05-10 20:04,134,Singapore Airlines
FL01412,Barcelona,Atlanta,2026-02-20 20:00,2026-02-21 05:12,71,Lufthansa
FL02461,Taipei,Tokyo,2026-06-27 21:00,2026-06-27 23:56,96,British Airways
FL02635,Mexico City,Bogotá,2026-04-28 19:00,2026-04-28 23:05,44,Avianca
FL02710,Nairobi,Tokyo,2026-04-11 10:00,2026-04-11 23:59,177,Singapore Airlines
FL03920,Shenzhen,Bangkok,2026-01-15 03:00,2026-01-15 05:21,127,Singapore Airlines
FL00095,Johannesburg,Stockholm,2026-05-05 00:00,2026-05-05 11:49,171,KLM
FL03090,Hyderabad,São Paulo,2026-03-27 02:00,2026-03-27 19:45,73,LATAM Airlines
FL03696,Kaohsiung,Zurich,2026-05-28 01:00,2026-05-28 12:57,102,Air France
FL00701,Copenhagen,Beijing,2026-05-14 03:00,2026-05-14 11:43,37,Emirates
FL01128,Guangzhou,Vienna,2026-02-15 09:00,2026-02-15 20:03,19,Cathay Pacific
FL02021,Hyderabad,Chennai,2026-01-31 14:00,2026-01-31 15:30,126,British Airways
FL00148,Brisbane,Stockholm,2026-01-14 06:00,2026-01-15 00:11,33,British Airways
FL02563,Riyadh,Guadalajara,2026-02-12 23:00,2026-02-13 15:54,85,Singapore Airlines
FL03423,Toronto,Manila,2026-06-17 01:00,2026-06-17 17:28,62,Air Canada
FL01604,Rio de Janeiro,Montreal,2026-01-23 14:00,2026-01-24 00:32,166,British Airways
FL02078,Brisbane,Beijing,2026-02-19 08:00,2026-02-19 18:20,109,Lufthansa
FL03764,Beijing,Riyadh,2026-03-28 09:00,2026-03-28 17:25,21,Japan Airlines
FL00262,Bangkok,Santiago,2026-01-14 20:00,2026-01-15 17:23,95,Singapore Airlines
FL00055,Santiago,Singapore,2026-01-28 23:00,2026-01-29 18:58,69,LATAM Airlines
FL04077,New Delhi,Zurich,2026-01-25 00:00,2026-01-25 07:31,125,Singapore Airlines
FL01393,Bogotá,Muscat,2026-06-16 04:00,2026-06-16 20:55,104,Avianca
FL00615,Lisbon,Moscow,2026-06-12 03:00,2026-06-12 08:20,61,Iberia
FL04297,Chennai,Miami,2026-01-30 17:00,2026-01-31 11:48,106,United Airlines
FL02995,Amsterdam,Jakarta,2026-02-23 12:00,2026-02-24 01:50,83,British Airways
FL00417,Shanghai,Auckland,2026-01-03 22:00,2026-01-04 09:24,127,Korean Air
FL00506,Goa,Xi'an,2026-03-14 22:00,2026-03-15 03:04,168,British Airways
FL04116,Karachi,Almaty,2026-03-04 18:00,2026-03-04 21:05,124,Pakistan International
FL00804,Kolkata,São Paulo,2026-03-22 13:00,2026-03-23 08:06,132,Singapore Airlines
FL02416,Lima,San Francisco,2026-03-31 14:00,2026-03-31 22:56,164,Delta
FL04026,Madrid,Xi'an,2026-04-17 17:00,2026-04-18 04:10,75,British Airways
FL03171,Helsinki,Addis Ababa,2026-03-23 07:00,2026-03-23 14:14,129,Ethiopian Airlines
FL00069,Los Angeles,Seoul,2026-03-08 05:00,2026-03-08 17:00,67,Delta
FL02632,Dubai,Jeddah,2026-05-30 10:00,2026-05-30 12:49,43,Singapore Airlines
FL00955,Manila,Jeddah,2026-04-08 01:00,2026-04-08 11:56,85,Singapore Airlines
FL02566,Mexico City,Auckland,2026-06-14 14:00,2026-06-15 03:15,177,Turkish Airlines
FL04021,Zhengzhou,Yerevan,2026-01-14 03:00,2026-01-14 10:36,64,Turkish Airlines
FL01897,Brussels,Amsterdam,2026-02-05 19:00,2026-02-05 20:06,62,KLM
FL04338,Chengdu,Denver,2026-02-17 21:00,2026-02-18 11:04,95,United Airlines
FL01432,Beijing,Prague,2026-04-09 14:00,2026-04-09 23:37,158,Japan Airlines
FL02013,Tbilisi,San Francisco,2026-02-06 01:00,2026-02-06 14:55,53,United Airlines
FL04044,Cairo,Havana,2026-01-05 07:00,2026-01-05 20:37,179,Singapore Airlines
FL03422,Colombo,Zurich,2026-01-15 12:00,2026-01-15 21:49,158,Singapore Airlines
FL02299,Baku,Taipei,2026-06-11 01:00,2026-06-11 09:43,46,Emirates
FL01832,Munich,Barcelona,2026-01-13 15:00,2026-01-13 16:54,70,Singapore Airlines
FL02142,Nairobi,New Delhi,2026-04-10 21:00,2026-04-11 04:14,8,British Airways
FL00742,Melbourne,Paris,2026-02-19 10:00,2026-02-20 06:19,84,Singapore Airlines
FL02616,Guadalajara,Zurich,2026-03-13 08:00,2026-03-13 20:18,171,Lufthansa
FL02884,Athens,Karachi,2026-01-07 18:00,2026-01-07 23:25,104,Turkish Airlines
FL02435,Yerevan,Zurich,2026-04-06 20:00,2026-04-06 23:57,100,Turkish Airlines
FL01105,Singapore,Budapest,2026-04-28 13:00,2026-04-29 00:33,87,Turkish Airlines
FL01073,Lahore,Colombo,2026-05-05 02:00,2026-05-05 06:10,112,Lufthansa
FL00753,Lisbon,Beijing,2026-06-19 07:00,2026-06-19 19:14,157,Lufthansa
FL02472,Milan,Shenzhen,2026-06-30 05:00,2026-06-30 16:34,173,Japan Airlines
FL02943,Kaohsiung,Dhaka,2026-04-07 03:00,2026-04-07 06:59,114,Cathay Pacific
FL00018,Baku,Zhengzhou,2026-04-20 18:00,2026-04-21 01:04,56,Turkish Airlines
FL04489,Xi'an,Addis Ababa,2026-02-19 00:00,2026-02-19 09:13,62,Singapore Airlines
FL03170,Copenhagen,Yangon,2026-05-06 14:00,2026-05-06 23:59,7,Air India
FL01479,Denver,New Delhi,2026-01-03 15:00,2026-01-04 06:27,90,American Airlines
FL02669,Tbilisi,Dubai,2026-02-25 13:00,2026-02-25 16:15,37,Singapore Airlines
FL03576,Vienna,Rome,2026-05-07 12:00,2026-05-07 13:14,11,KLM
FL00230,Dallas,Mumbai,2026-05-28 13:00,2026-05-29 06:18,163,United Airlines
FL04034,Johannesburg,Toronto,2026-03-25 19:00,2026-03-26 11:15,166,Turkish Airlines
FL01756,Oslo,Chicago,2026-06-24 12:00,2026-06-24 20:04,156,Emirates
FL02153,Karachi,Havana,2026-03-17 00:00,2026-03-17 16:50,45,British Airways
FL04108,Manila,Frankfurt,2026-01-25 10:00,2026-01-25 22:46,141,British Airways
FL03447,Dublin,Havana,2026-05-29 20:00,2026-05-30 04:49,59,Emirates
FL00468,Singapore,Sydney,2026-04-06 22:00,2026-04-07 05:45,99,Singapore Airlines
FL02656,Hyderabad,Dallas,2026-01-18 03:00,2026-01-18 20:24,45,Air India
FL00329,Chicago,Tokyo,2026-02-05 22:00,2026-02-06 10:24,121,Lufthansa
FL04104,Yerevan,Oslo,2026-05-05 01:00,2026-05-05 05:23,154,Lufthansa
FL02183,Nairobi,Atlanta,2026-05-17 10:00,2026-05-18 02:03,167,Turkish Airlines
FL02189,Kuala Lumpur,Prague,2026-04-05 23:00,2026-04-06 11:11,44,Iberia
FL00381,Denver,Almaty,2026-02-27 00:00,2026-02-27 13:28,76,Lufthansa
FL03283,Tashkent,Beijing,2026-06-02 01:00,2026-06-02 06:17,85,Korean Air
FL01438,Vancouver,Yerevan,2026-04-02 09:00,2026-04-02 21:27,138,Turkish Airlines
FL01624,Doha,Barcelona,2026-01-19 20:00,2026-01-20 02:31,162,Lufthansa
FL03553,Toronto,Lagos,2026-06-18 05:00,2026-06-18 15:50,36,Air Canada
FL01444,Lagos,Copenhagen,2026-03-26 05:00,2026-03-26 11:49,10,Ethiopian Airlines
FL03535,Los Angeles,Montreal,2026-04-05 18:00,2026-04-05 23:28,40,Turkish Airlines
FL02418,Brisbane,Sydney,2026-03-27 21:00,2026-03-27 22:40,6,Singapore Airlines
FL00570,Perth,Rome,2026-06-16 10:00,2026-06-17 02:06,143,Qantas
FL03371,Bogotá,Johannesburg,2026-02-21 01:00,2026-02-21 15:21,61,Emirates
FL00287,Montreal,Casablanca,2026-03-20 14:00,2026-03-20 21:22,109,Turkish Airlines
FL04364,Shenzhen,Xi'an,2026-05-20 21:00,2026-05-20 22:57,24,Korean Air
FL00772,Goa,Havana,2026-03-29 14:00,2026-03-30 08:22,17,Turkish Airlines
FL04461,Kunming,Amsterdam,2026-04-24 05:00,2026-04-24 15:08,75,Turkish Airlines
FL02259,Tokyo,Dublin,2026-03-25 17:00,2026-03-26 04:54,147,British Airways
FL01978,Guangzhou,Nairobi,2026-06-06 17:00,2026-06-07 03:41,16,Ethiopian Airlines
FL01351,Tokyo,Kuwait City,2026-03-27 12:00,2026-03-27 22:35,32,Japan Airlines
FL01588,Warsaw,New York,2026-06-03 09:00,2026-06-03 17:24,170,Delta
FL03198,Paris,Shenzhen,2026-04-10 07:00,2026-04-10 19:06,65,British Airways
FL03752,Cairo,Riyadh,2026-03-10 16:00,2026-03-10 18:28,114,Emirates
FL00448,Kuwait City,Tokyo,2026-04-03 22:00,2026-04-04 08:42,137,Japan Airlines
FL01806,Buenos Aires,Montreal,2026-02-26 09:00,2026-02-26 20:03,62,Lufthansa
FL03168,Havana,Cairo,2026-05-23 19:00,2026-05-24 08:17,127,United Airlines
FL03842,Lagos,New York,2026-04-10 02:00,2026-04-10 12:11,2,British Airways
FL01192,Addis Ababa,Lahore,2026-04-24 07:00,2026-04-24 12:53,74,Lufthansa
FL02911,Zurich,Brisbane,2026-06-29 00:00,2026-06-29 20:04,121,Turkish Airlines
FL00297,Lahore,Rome,2026-02-21 03:00,2026-02-21 09:52,18,Pakistan International
FL00121,Doha,Kolkata,2026-02-17 06:00,2026-02-17 10:48,123,British Airways
FL01299,Shenzhen,Miami,2026-04-22 20:00,2026-04-23 13:32,10,American Airlines
FL03794,Baku,Brisbane,2026-02-22 23:00,2026-02-23 14:45,38,British Airways
FL04157,Santiago,Chicago,2026-02-17 17:00,2026-02-18 04:00,82,Turkish Airlines
FL04232,Auckland,Manchester,2026-04-12 22:00,2026-04-13 20:01,70,Emirates
FL01513,Mexico City,Frankfurt,2026-06-20 05:00,2026-06-20 17:01,11,Singapore Airlines
FL02282,Dubai,Nairobi,2026-06-15 10:00,2026-06-15 14:28,63,Turkish Airlines
FL04176,Guadalajara,Auckland,2026-04-22 15:00,2026-04-23 04:24,93,AeroMexico
FL04392,Rome,Kunming,2026-01-26 06:00,2026-01-26 16:37,97,Emirates
FL04344,Bangalore,Denver,2026-02-25 09:00,2026-02-26 01:59,102,Singapore Airlines
FL00103,Muscat,Toronto,2026-04-30 22:00,2026-05-01 11:50,94,Turkish Airlines
FL01214,Almaty,Zhengzhou,2026-01-07 20:00,2026-01-08 00:23,24,Japan Airlines
FL01558,Helsinki,Kaohsiung,2026-02-24 05:00,2026-02-24 14:57,46,Turkish Airlines
FL02032,Buenos Aires,Auckland,2026-03-31 15:00,2026-04-01 03:46,46,LATAM Airlines
FL03425,Shanghai,Cairo,2026-04-12 21:00,2026-04-13 07:41,70,Cathay Pacific
FL02471,Mumbai,Perth,2026-05-16 06:00,2026-05-16 15:11,50,Qantas
FL01322,São Paulo,Goa,2026-01-16 16:00,2026-01-17 08:25,147,LATAM Airlines
FL01777,Munich,Colombo,2026-04-18 15:00,2026-04-19 00:47,176,Turkish Airlines
FL00624,Guadalajara,Manchester,2026-06-09 12:00,2026-06-09 23:08,1,AeroMexico
FL01905,Rome,Brisbane,2026-06-26 06:00,2026-06-27 01:19,0,Turkish Airlines
FL01968,Tbilisi,Los Angeles,2026-03-29 23:00,2026-03-30 13:19,111,United Airlines
FL01953,Chicago,Beijing,2026-03-05 01:00,2026-03-05 13:44,32,Lufthansa
FL02550,Beijing,Zhengzhou,2026-01-12 21:00,2026-01-12 22:04,71,Singapore Airlines
FL01399,Kuala Lumpur,Baku,2026-05-17 18:00,2026-05-18 02:07,22,British Airways
FL01325,Kuala Lumpur,Casablanca,2026-02-19 15:00,2026-02-20 05:10,59,British Airways
FL00556,Munich,Vancouver,2026-05-15 07:00,2026-05-15 17:32,139,Emirates
FL00435,Lagos,Johannesburg,2026-05-07 04:00,2026-05-07 09:37,111,British Airways
FL02194,Tokyo,Lahore,2026-06-23 13:00,2026-06-23 20:54,120,Lufthansa
FL02317,Zurich,Bangkok,2026-02-06 15:00,2026-02-07 02:31,62,Singapore Airlines
FL01303,Bogotá,Abu Dhabi,2026-04-20 09:00,2026-04-21 01:40,141,Emirates
FL03312,Milan,Toronto,2026-04-08 10:00,2026-04-08 18:13,100,Turkish Airlines
FL04207,Abu Dhabi,Denver,2026-03-16 21:00,2026-03-17 12:03,18,United Airlines
FL04376,Kolkata,Taipei,2026-03-16 18:00,2026-03-16 22:31,158,Singapore Airlines
FL02379,Los Angeles,Kaohsiung,2026-05-25 11:00,2026-05-26 01:02,44,British Airways
FL01194,Beijing,Havana,2026-05-06 21:00,2026-05-07 12:18,112,United Airlines
FL01900,Yerevan,Manchester,2026-04-28 01:00,2026-04-28 05:44,69,Emirates
FL00003,Copenhagen,Tokyo,2026-01-08 02:00,2026-01-08 12:39,129,Japan Airlines
FL02496,Karachi,Tashkent,2026-04-06 22:00,2026-04-07 01:02,94,Singapore Airlines
FL02203,Bangalore,Warsaw,2026-06-29 08:00,2026-06-29 16:27,152,Emirates
FL02926,Kunming,Moscow,2026-04-10 02:00,2026-04-10 10:18,29,Iberia
FL03654,Casablanca,Moscow,2026-03-12 23:00,2026-03-13 04:56,132,Singapore Airlines
FL02769,Chengdu,Atlanta,2026-01-28 15:00,2026-01-29 06:21,92,United Airlines
FL02467,Beijing,Baku,2026-03-29 19:00,2026-03-30 01:46,149,Lufthansa
FL02625,Johannesburg,London,2026-04-20 20:00,2026-04-21 07:39,152,Emirates
FL02255,Mumbai,Budapest,2026-02-28 14:00,2026-02-28 21:16,50,Air India
FL00768,Shanghai,San Francisco,2026-03-08 05:00,2026-03-08 17:15,103,Delta
FL00693,Istanbul,Moscow,2026-06-18 19:00,2026-06-18 21:45,82,Lufthansa
FL01331,Santiago,Yangon,2026-06-23 05:00,2026-06-24 02:16,128,Emirates
FL03347,Moscow,Munich,2026-01-01 21:00,2026-01-02 00:15,14,British Airways
FL01619,Doha,Dublin,2026-02-23 22:00,2026-02-24 04:59,11,Air France
FL00351,Havana,Bangkok,2026-01-02 17:00,2026-01-03 12:42,40,Singapore Airlines
FL01627,Los Angeles,Shenzhen,2026-03-05 02:00,2026-03-05 16:09,136,Emirates
FL03942,Perth,Lisbon,2026-04-02 23:00,2026-04-03 17:21,49,Qantas
FL04214,Chicago,Kolkata,2026-03-27 23:00,2026-03-28 14:22,156,Air India
FL00798,Xi'an,Sydney,2026-04-27 12:00,2026-04-27 23:01,66,Turkish Airlines
FL02818,Tokyo,Denver,2026-02-22 11:00,2026-02-22 22:43,76,United Airlines
FL02865,Dubai,São Paulo,2026-01-28 11:00,2026-01-29 01:48,178,Singapore Airlines
FL02335,Auckland,Stockholm,2026-04-28 18:00,2026-04-29 14:54,9,Iberia
FL00046,Shanghai,Manchester,2026-01-21 05:00,2026-01-21 16:06,17,Turkish Airlines
FL03774,New York,Goa,2026-01-14 03:00,2026-01-14 18:31,35,Singapore Airlines
FL02831,Riyadh,Guangzhou,2026-03-28 16:00,2026-03-29 00:31,66,Singapore Airlines
FL03403,Tokyo,Barcelona,2026-02-01 06:00,2026-02-01 18:49,88,British Airways
FL04486,Havana,Rome,2026-02-01 17:00,2026-02-02 03:44,39,Emirates
FL04236,Frankfurt,Helsinki,2026-02-19 22:00,2026-02-20 00:03,103,Turkish Airlines
FL01782,Atlanta,Warsaw,2026-02-02 20:00,2026-02-03 06:03,148,Emirates
FL01771,Hong Kong,Athens,2026-02-07 20:00,2026-02-08 06:24,145,Emirates
FL01742,Dallas,Kolkata,2026-04-30 15:00,2026-05-01 07:43,164,United Airlines
FL00754,Madrid,Yerevan,2026-05-12 04:00,2026-05-12 09:18,45,Iberia
FL00651,Hyderabad,Vancouver,2026-01-10 12:00,2026-01-11 03:24,65,Air India
FL04472,Hyderabad,Goa,2026-06-23 08:00,2026-06-23 09:24,16,Lufthansa
FL00705,Guadalajara,Baku,2026-05-24 07:00,2026-05-24 22:44,143,Singapore Airlines
FL01645,Havana,Xi'an,2026-01-11 19:00,2026-01-12 11:29,43,Lufthansa
FL01884,Manchester,Casablanca,2026-06-09 17:00,2026-06-09 20:24,77,Singapore Airlines
FL00662,Dallas,Tashkent,2026-01-26 08:00,2026-01-26 22:26,116,Singapore Airlines
FL04229,Yangon,Melbourne,2026-04-04 03:00,2026-04-04 13:03,17,Lufthansa
FL03205,Santiago,Oslo,2026-01-14 17:00,2026-01-15 08:25,136,LATAM Airlines
FL03179,San Francisco,Nairobi,2026-01-26 02:00,2026-01-26 20:42,128,Singapore Airlines
FL03993,Chengdu,Dublin,2026-03-04 06:00,2026-03-04 16:17,123,Lufthansa
FL01625,Auckland,Sydney,2026-04-06 18:00,2026-04-06 21:17,130,Lufthansa
FL02682,Bangalore,Rio de Janeiro,2026-04-23 23:00,2026-04-24 15:55,68,Turkish Airlines
FL02985,Karachi,Zurich,2026-02-12 08:00,2026-02-12 14:58,174,British Airways
FL04121,London,Vienna,2026-03-02 01:00,2026-03-02 03:02,61,Singapore Airlines
FL00101,Vancouver,Paris,2026-06-16 01:00,2026-06-16 11:08,63,Turkish Airlines
FL04240,Brussels,Hong Kong,2026-03-02 04:00,2026-03-02 15:36,36,Cathay Pacific
FL02732,Santiago,Addis Ababa,2026-06-16 01:00,2026-06-16 16:24,171,Singapore Airlines
FL02724,Beijing,Perth,2026-04-03 22:00,2026-04-04 07:55,157,British Airways
FL03712,Lahore,Chengdu,2026-06-30 08:00,2026-06-30 11:37,55,Turkish Airlines
FL02155,Kunming,Singapore,2026-04-02 23:00,2026-04-03 02:23,101,Turkish Airlines
FL02232,Atlanta,Mumbai,2026-05-11 15:00,2026-05-12 07:42,45,Emirates
FL01772,Kunming,Manila,2026-01-16 11:00,2026-01-16 14:27,121,British Airways
FL00968,Bangalore,Doha,2026-04-16 16:00,2026-04-16 19:59,53,Lufthansa
FL03797,Rio de Janeiro,Miami,2026-04-11 14:00,2026-04-11 22:53,130,American Airlines
FL04243,Tokyo,Hyderabad,2026-04-20 10:00,2026-04-20 18:19,138,Lufthansa
FL04268,Cairo,Hyderabad,2026-03-13 08:00,2026-03-13 14:07,94,Lufthansa
FL03320,Tbilisi,Muscat,2026-05-23 17:00,2026-05-23 20:21,144,Turkish Airlines
FL02223,Athens,Prague,2026-01-26 17:00,2026-01-26 19:44,13,Iberia
FL02175,Melbourne,Zhengzhou,2026-02-12 19:00,2026-02-13 05:40,110,Singapore Airlines
FL02696,Lagos,Guangzhou,2026-03-04 05:00,2026-03-04 19:30,169,Cathay Pacific
FL00514,Cairo,Guangzhou,2026-03-21 02:00,2026-03-21 12:02,52,Turkish Airlines
FL03678,Abu Dhabi,Milan,2026-02-22 12:00,2026-02-22 18:21,35,Singapore Airlines
FL04396,Manchester,Muscat,2026-06-17 02:00,2026-06-17 09:30,30,Turkish Airlines
FL01631,Rome,Frankfurt,2026-05-16 11:00,2026-05-16 12:54,72,Lufthansa
FL01961,Seoul,Manila,2026-02-06 01:00,2026-02-06 05:03,178,Singapore Airlines
FL02029,Nairobi,Denver,2026-02-20 20:00,2026-02-21 13:39,132,British Airways
FL02086,Dublin,Stockholm,2026-04-19 21:00,2026-04-19 23:30,77,British Airways
FL00403,New York,Dubai,2026-03-08 17:00,2026-03-09 06:53,148,United Airlines
FL03551,New Delhi,Abu Dhabi,2026-03-25 23:00,2026-03-26 02:38,163,Singapore Airlines
FL04372,Taipei,Chennai,2026-03-17 11:00,2026-03-17 17:06,52,Turkish Airlines
FL04270,London,Montreal,2026-06-29 03:00,2026-06-29 09:56,58,Air Canada
FL04349,San Francisco,Brisbane,2026-05-01 07:00,2026-05-01 20:54,23,Lufthansa
FL01990,Hyderabad,Dhaka,2026-02-25 12:00,2026-02-25 14:34,8,Air India
FL04070,Jeddah,Brisbane,2026-04-13 04:00,2026-04-13 20:40,145,Lufthansa
FL01662,Singapore,Istanbul,2026-01-06 04:00,2026-01-06 14:34,128,Emirates
FL04390,Riyadh,Santiago,2026-02-09 01:00,2026-02-09 17:49,50,Emirates
FL02984,Moscow,Mexico City,2026-02-19 17:00,2026-02-20 06:32,146,Emirates
FL03103,Kaohsiung,Atlanta,2026-03-22 07:00,2026-03-22 23:19,16,American Airlines
FL00118,Montreal,Zhengzhou,2026-04-05 15:00,2026-04-06 04:42,88,Singapore Airlines
FL02653,Zurich,Addis Ababa,2026-02-12 16:00,2026-02-12 22:20,23,Ethiopian Airlines
FL01459,Madrid,Manchester,2026-04-10 20:00,2026-04-10 22:29,95,Singapore Airlines
FL03537,Chicago,Kuala Lumpur,2026-06-01 10:00,2026-06-02 04:04,170,United Airlines
FL03005,Stockholm,Cairo,2026-03-18 05:00,2026-03-18 09:23,180,Iberia
FL01672,Karachi,Oslo,2026-05-03 01:00,2026-05-03 08:25,164,Emirates
FL01944,Kolkata,Tokyo,2026-03-30 02:00,2026-03-30 08:59,153,Lufthansa
FL00954,Guangzhou,Doha,2026-04-09 23:00,2026-04-10 07:08,130,Turkish Airlines
FL02484,Chengdu,Madrid,2026-01-11 22:00,2026-01-12 09:17,119,Singapore Airlines
FL01730,Brussels,Bogotá,2026-02-23 07:00,2026-02-23 17:39,35,Emirates
FL02734,Helsinki,Buenos Aires,2026-04-12 00:00,2026-04-12 15:50,19,LATAM Airlines
FL00574,Mexico City,Auckland,2026-05-25 03:00,2026-05-25 16:51,36,British Airways
FL01264,Muscat,Seoul,2026-01-04 22:00,2026-01-05 06:22,116,Lufthansa
FL03060,Seoul,Brisbane,2026-01-09 14:00,2026-01-09 23:26,87,Korean Air
FL00512,Toronto,Chicago,2026-01-16 12:00,2026-01-16 13:27,160,Air Canada
FL02395,Auckland,New Delhi,2026-01-13 17:00,2026-01-14 07:58,77,Singapore Airlines
FL02285,Jakarta,Brisbane,2026-04-17 05:00,2026-04-17 11:57,44,Lufthansa
FL00388,Kaohsiung,Xi'an,2026-06-22 10:00,2026-06-22 12:28,36,British Airways
FL00572,Addis Ababa,Almaty,2026-06-26 09:00,2026-06-26 15:36,0,Lufthansa
FL04036,Guangzhou,Miami,2026-01-03 23:00,2026-01-04 16:41,169,Turkish Airlines
FL02064,Kunming,Zurich,2026-01-02 08:00,2026-01-02 18:31,143,Korean Air
FL02535,Guadalajara,Toronto,2026-06-01 09:00,2026-06-01 13:29,13,Lufthansa
FL01835,Prague,Nairobi,2026-02-03 12:00,2026-02-03 19:28,136,Lufthansa
FL02477,Toronto,Oslo,2026-03-06 11:00,2026-03-06 18:48,135,Emirates
FL00831,Dallas,Amsterdam,2026-02-11 10:00,2026-02-11 19:42,81,Singapore Airlines
FL03809,Riyadh,Guangzhou,2026-05-16 04:00,2026-05-16 12:27,0,Japan Airlines
FL02037,Chennai,Denver,2026-05-04 15:00,2026-05-05 08:18,175,British Airways
FL01773,London,Mexico City,2026-01-06 21:00,2026-01-07 08:02,64,Lufthansa
FL02511,Brisbane,Manila,2026-05-23 05:00,2026-05-23 12:31,80,Emirates
FL03531,Copenhagen,Auckland,2026-06-18 06:00,2026-06-19 03:00,153,Singapore Airlines
FL00035,Kuwait City,Denver,2026-05-27 18:00,2026-05-28 08:31,121,United Airlines
FL01002,Bangalore,Munich,2026-06-21 17:00,2026-06-22 01:42,119,Lufthansa
FL03038,Bogotá,Dubai,2026-05-27 10:00,2026-05-28 02:28,64,British Airways
FL03194,Melbourne,Almaty,2026-01-22 14:00,2026-01-23 03:52,101,Turkish Airlines
FL03896,Buenos Aires,Muscat,2026-01-02 17:00,2026-01-03 09:43,144,Emirates
FL00869,Tbilisi,Dhaka,2026-04-23 23:00,2026-04-24 04:49,176,Pakistan International
FL02247,Chicago,Rio de Janeiro,2026-04-10 22:00,2026-04-11 09:01,180,United Airlines
FL02789,New York,Casablanca,2026-03-13 05:00,2026-03-13 12:23,3,Lufthansa
FL04063,Nairobi,Almaty,2026-05-25 02:00,2026-05-25 09:54,30,Emirates
FL00149,Stockholm,Chennai,2026-05-05 03:00,2026-05-05 11:46,161,Lufthansa
FL00362,Mumbai,Bogotá,2026-01-02 08:00,2026-01-03 02:49,114,British Airways
FL03536,Chengdu,Nairobi,2026-01-30 02:00,2026-01-30 11:47,105,British Airways
FL03393,Auckland,Kuala Lumpur,2026-06-15 21:00,2026-06-16 07:30,135,Thai Airways
FL00302,Yangon,Jeddah,2026-05-27 11:00,2026-05-27 18:37,141,Turkish Airlines
FL00903,Beijing,Auckland,2026-06-11 12:00,2026-06-12 00:33,134,Emirates
FL02941,Guangzhou,Shenzhen,2026-02-11 00:00,2026-02-11 01:00,56,Japan Airlines
FL03733,Addis Ababa,Bogotá,2026-04-15 01:00,2026-04-15 16:36,37,Avianca
FL01424,Athens,Oslo,2026-01-07 18:00,2026-01-07 21:56,85,Singapore Airlines
FL03571,Bogotá,Stockholm,2026-05-22 09:00,2026-05-22 21:21,27,Emirates
FL00016,Muscat,Goa,2026-03-22 06:00,2026-03-22 08:56,101,Air India
FL03469,Madrid,New York,2026-02-27 01:00,2026-02-27 08:28,128,Iberia
FL01876,Perth,Dubai,2026-02-07 13:00,2026-02-08 00:31,168,Turkish Airlines
FL03151,Tbilisi,Almaty,2026-05-04 23:00,2026-05-05 02:22,132,Turkish Airlines
FL04202,Taipei,Zurich,2026-02-03 00:00,2026-02-03 11:31,82,Singapore Airlines
FL04111,Warsaw,Lahore,2026-06-22 05:00,2026-06-22 11:03,80,Turkish Airlines
FL04178,Oslo,Kuala Lumpur,2026-01-04 01:00,2026-01-04 12:56,103,Turkish Airlines
FL01880,San Francisco,Johannesburg,2026-06-23 11:00,2026-06-24 07:53,100,United Airlines
FL04199,Melbourne,Johannesburg,2026-05-26 12:00,2026-05-27 00:32,173,Lufthansa
FL04424,Atlanta,Cairo,2026-01-24 01:00,2026-01-24 13:50,141,Singapore Airlines
FL04397,Doha,Warsaw,2026-06-11 09:00,2026-06-11 14:07,124,British Airways
FL03118,Guangzhou,Helsinki,2026-01-06 23:00,2026-01-07 08:54,128,Lufthansa
FL03544,Auckland,Guangzhou,2026-02-15 04:00,2026-02-15 15:15,44,Cathay Pacific
FL04075,Atlanta,New Delhi,2026-03-05 09:00,2026-03-06 00:42,30,Turkish Airlines
FL01429,Stockholm,Shanghai,2026-03-19 19:00,2026-03-20 04:52,16,Cathay Pacific
FL00274,Rio de Janeiro,Guadalajara,2026-01-22 16:00,2026-01-23 02:30,17,Singapore Airlines
FL02130,Addis Ababa,New York,2026-03-30 14:00,2026-03-31 03:43,117,Delta
FL01758,Addis Ababa,Jeddah,2026-01-23 15:00,2026-01-23 16:58,80,Turkish Airlines
FL02602,Athens,Manchester,2026-01-19 18:00,2026-01-19 21:28,160,Singapore Airlines
FL02763,Yangon,Singapore,2026-01-25 08:00,2026-01-25 11:05,81,Emirates
FL00562,San Francisco,Miami,2026-03-02 18:00,2026-03-02 23:22,178,American Airlines
FL00575,Baku,Dallas,2026-03-02 11:00,2026-03-03 01:08,42,Emirates
FL00338,Dubai,Helsinki,2026-03-22 13:00,2026-03-22 18:42,176,Turkish Airlines
FL03321,Amsterdam,San Francisco,2026-06-01 23:00,2026-06-02 10:01,108,Singapore Airlines
FL03232,Jakarta,Lagos,2026-01-23 22:00,2026-01-24 11:54,57,Singapore Airlines
FL02097,Kaohsiung,Los Angeles,2026-05-01 19:00,2026-05-02 08:52,125,Turkish Airlines
FL00102,Dubai,Brisbane,2026-02-09 07:00,2026-02-09 21:26,171,Emirates
FL02633,Barcelona,Riyadh,2026-06-07 00:00,2026-06-07 06:13,23,Iberia
FL04339,Bangkok,Montreal,2026-01-08 03:00,2026-01-08 19:45,157,Air Canada
FL02187,Shenzhen,Bogotá,2026-02-12 18:00,2026-02-13 14:32,175,Emirates
FL04300,Cairo,San Francisco,2026-01-09 04:00,2026-01-09 18:58,32,Turkish Airlines
FL01614,Chicago,Bangkok,2026-05-28 06:00,2026-05-28 22:55,22,Lufthansa
FL01711,Athens,Hong Kong,2026-03-04 01:00,2026-03-04 11:39,68,Lufthansa
FL03156,Santiago,Riyadh,2026-04-19 19:00,2026-04-20 12:10,158,Turkish Airlines
FL04085,Mexico City,Mumbai,2026-01-17 00:00,2026-01-17 19:10,120,Singapore Airlines
FL00363,Bangalore,Lagos,2026-05-30 23:00,2026-05-31 09:16,66,Air India
FL01740,Kuala Lumpur,Cairo,2026-01-24 16:00,2026-01-25 01:54,32,British Airways
FL01709,Beijing,Singapore,2026-05-19 23:00,2026-05-20 05:08,21,Turkish Airlines
FL03956,Almaty,Guangzhou,2026-05-28 07:00,2026-05-28 12:07,51,Turkish Airlines
FL04234,Copenhagen,Los Angeles,2026-06-14 11:00,2026-06-14 22:24,96,Singapore Airlines
FL04481,Denver,Los Angeles,2026-05-28 05:00,2026-05-28 07:17,179,American Airlines
FL02893,Baku,Toronto,2026-01-26 05:00,2026-01-26 16:52,65,British Airways
FL01076,Helsinki,Dubai,2026-01-10 10:00,2026-01-10 15:37,10,Singapore Airlines
FL03783,Havana,Brussels,2026-01-18 20:00,2026-01-19 05:35,161,Singapore Airlines
FL00203,Copenhagen,Lahore,2026-01-28 15:00,2026-01-28 22:09,113,Emirates
FL00943,Rome,Kolkata,2026-03-25 14:00,2026-03-25 23:26,109,Singapore Airlines
FL03030,Warsaw,Lahore,2026-02-25 06:00,2026-02-25 12:17,55,Singapore Airlines
FL02547,Jeddah,Johannesburg,2026-03-11 00:00,2026-03-11 07:11,122,Emirates
FL00208,São Paulo,Brussels,2026-03-28 14:00,2026-03-29 01:54,24,LATAM Airlines
FL02798,Abu Dhabi,Miami,2026-06-10 15:00,2026-06-11 06:49,0,Turkish Airlines
FL02560,Chicago,Dhaka,2026-05-10 20:00,2026-05-11 11:17,87,Turkish Airlines
FL00737,Zurich,Vancouver,2026-05-12 04:00,2026-05-12 14:08,56,Lufthansa
FL03097,Guangzhou,Yangon,2026-05-30 02:00,2026-05-30 04:54,35,Japan Airlines
FL02459,Montreal,Guangzhou,2026-03-27 17:00,2026-03-28 07:46,159,Emirates
FL03864,Miami,Helsinki,2026-03-17 02:00,2026-03-17 12:40,128,American Airlines
FL03608,Santiago,Kaohsiung,2026-02-19 14:00,2026-02-20 12:37,170,LATAM Airlines
FL04358,Chennai,Yerevan,2026-04-10 15:00,2026-04-10 21:22,38,British Airways
FL01373,Kaohsiung,Addis Ababa,2026-05-25 14:00,2026-05-26 01:14,96,Singapore Airlines
FL00265,Dhaka,Los Angeles,2026-04-17 01:00,2026-04-17 16:43,95,British Airways
FL01142,Seoul,Los Angeles,2026-04-14 15:00,2026-04-15 03:09,117,American Airlines
FL03899,Prague,Chennai,2026-02-10 15:00,2026-02-10 23:50,22,Turkish Airlines
FL02864,Zurich,Cairo,2026-03-16 16:00,2026-03-16 19:54,135,Lufthansa
FL01376,Melbourne,Zurich,2026-04-10 07:00,2026-04-11 03:08,86,Lufthansa
FL00945,Manchester,Istanbul,2026-04-26 14:00,2026-04-26 18:00,10,Turkish Airlines
FL03885,Copenhagen,Madrid,2026-01-15 09:00,2026-01-15 11:47,139,British Airways
FL02637,Kunming,Taipei,2026-04-25 06:00,2026-04-25 08:35,20,Japan Airlines
FL02158,Muscat,Warsaw,2026-01-11 02:00,2026-01-11 07:45,9,Turkish Airlines
FL00711,Miami,San Francisco,2026-05-12 03:00,2026-05-12 08:25,109,Singapore Airlines
FL00184,Warsaw,Jakarta,2026-06-22 23:00,2026-06-23 11:48,149,Iberia
FL02178,Moscow,Toronto,2026-02-24 03:00,2026-02-24 12:27,45,Turkish Airlines
FL04004,Havana,Tashkent,2026-04-24 00:00,2026-04-24 15:01,52,Turkish Airlines
FL03497,Mexico City,Munich,2026-03-06 13:00,2026-03-07 01:10,17,Lufthansa
FL01269,Zhengzhou,Lahore,2026-06-15 14:00,2026-06-15 18:37,120,Turkish Airlines
FL03853,Budapest,Bogotá,2026-05-22 10:00,2026-05-22 22:06,28,Turkish Airlines
FL03316,Chicago,Vancouver,2026-04-18 21:00,2026-04-19 00:36,62,Delta
FL00015,Shanghai,Buenos Aires,2026-01-09 10:00,2026-01-10 09:36,16,Turkish Airlines
FL02979,Manila,Almaty,2026-06-08 10:00,2026-06-08 16:56,145,Emirates
FL00467,Chengdu,Guangzhou,2026-06-22 04:00,2026-06-22 05:55,61,Singapore Airlines
FL02135,Manila,Budapest,2026-06-30 07:00,2026-06-30 19:12,24,Thai Airways
FL01817,Los Angeles,Bangalore,2026-02-05 07:00,2026-02-06 00:22,177,Turkish Airlines
FL02266,Beijing,São Paulo,2026-03-24 13:00,2026-03-25 10:02,57,Singapore Airlines
FL00271,Brussels,Auckland,2026-06-09 14:00,2026-06-10 11:48,127,Lufthansa
FL00962,Miami,New York,2026-01-15 20:00,2026-01-15 22:34,37,Delta
FL02412,Athens,Istanbul,2026-01-29 07:00,2026-01-29 08:00,99,Turkish Airlines
FL02438,Taipei,Abu Dhabi,2026-04-21 05:00,2026-04-21 13:46,6,Turkish Airlines
FL03362,Denver,San Francisco,2026-04-09 04:00,2026-04-09 06:24,30,Emirates
FL02156,San Francisco,Guangzhou,2026-05-17 03:00,2026-05-17 16:22,37,Lufthansa
FL00215,Dhaka,Muscat,2026-04-05 03:00,2026-04-05 07:39,146,Turkish Airlines
FL04011,Kuala Lumpur,Los Angeles,2026-02-22 22:00,2026-02-23 15:26,137,British Airways
FL00155,Lisbon,Johannesburg,2026-01-01 09:00,2026-01-01 19:26,150,Ethiopian Airlines
FL02959,Brisbane,Dhaka,2026-03-25 21:00,2026-03-26 07:44,100,Qantas
FL00233,Oslo,Kunming,2026-04-13 16:00,2026-04-14 01:22,79,Singapore Airlines
FL00239,Brisbane,New Delhi,2026-02-08 14:00,2026-02-09 02:18,113,Qantas
FL03716,Hong Kong,Tbilisi,2026-04-10 08:00,2026-04-10 16:44,147,British Airways
FL00367,Bangkok,Rome,2026-02-09 14:00,2026-02-10 01:15,155,British Airways
FL04247,Kuwait City,Riyadh,2026-06-09 21:00,2026-06-09 22:00,115,Turkish Airlines
FL03326,Dhaka,Kuala Lumpur,2026-02-27 22:00,2026-02-28 01:55,1,Turkish Airlines
FL00823,Rome,Lagos,2026-03-06 17:00,2026-03-06 22:37,12,KLM
FL03674,Bangkok,Vancouver,2026-03-22 11:00,2026-03-23 01:13,109,Emirates
FL03411,Tokyo,Athens,2026-04-12 02:00,2026-04-12 14:07,141,Singapore Airlines
FL03124,Amsterdam,Sydney,2026-02-18 12:00,2026-02-19 08:16,76,Lufthansa
FL02920,Dallas,Mexico City,2026-01-04 17:00,2026-01-04 19:23,109,Emirates
FL02451,Stockholm,Chengdu,2026-05-27 05:00,2026-05-27 13:41,5,Korean Air
FL01563,Toronto,Abu Dhabi,2026-01-02 12:00,2026-01-03 01:47,68,Singapore Airlines
FL00890,Miami,Jeddah,2026-04-13 16:00,2026-04-14 06:10,40,Lufthansa
FL03726,Shanghai,Istanbul,2026-05-07 07:00,2026-05-07 16:47,144,Emirates
FL02685,Muscat,Sydney,2026-04-17 04:00,2026-04-17 18:19,145,British Airways
FL03462,Jeddah,Kaohsiung,2026-03-27 19:00,2026-03-28 05:14,72,Japan Airlines
FL01724,Lahore,Zurich,2026-06-04 20:00,2026-06-05 03:15,167,Turkish Airlines
FL03681,Chennai,Atlanta,2026-06-10 10:00,2026-06-11 03:48,110,Emirates
FL01312,Lagos,Brisbane,2026-06-07 11:00,2026-06-08 06:40,176,Qantas
FL00961,Riyadh,Cairo,2026-06-08 20:00,2026-06-08 22:33,53,Emirates
FL00812,Rome,Miami,2026-05-11 08:00,2026-05-11 18:20,147,Turkish Airlines
FL02972,Los Angeles,Melbourne,2026-04-26 08:00,2026-04-26 23:32,19,Emirates
FL02852,Johannesburg,London,2026-02-01 12:00,2026-02-01 23:06,135,Emirates
FL02642,Kolkata,Havana,2026-04-07 05:00,2026-04-07 23:18,53,Turkish Airlines
FL03601,Atlanta,Muscat,2026-05-19 18:00,2026-05-20 09:24,170,Delta
FL00234,Mexico City,Karachi,2026-02-13 02:00,2026-02-13 20:07,29,Singapore Airlines
FL04352,Shanghai,Brisbane,2026-04-17 13:00,2026-04-17 22:04,68,Singapore Airlines
FL00832,Chennai,Johannesburg,2026-06-04 20:00,2026-06-05 04:54,113,British Airways
FL02670,Chengdu,Tbilisi,2026-02-05 20:00,2026-02-06 03:07,101,British Airways
FL03910,Bogotá,Barcelona,2026-02-14 00:00,2026-02-14 10:59,62,Singapore Airlines
FL01642,Milan,Manchester,2026-06-25 21:00,2026-06-25 23:17,178,Emirates
FL00470,Doha,Kolkata,2026-06-15 05:00,2026-06-15 10:04,125,British Airways
FL03594,Warsaw,Abu Dhabi,2026-06-11 10:00,2026-06-11 15:20,148,Lufthansa
FL02030,Atlanta,Stockholm,2026-01-18 15:00,2026-01-19 00:27,53,Turkish Airlines
FL00587,Riyadh,Rome,2026-02-09 01:00,2026-02-09 05:50,109,British Airways
FL03375,Chengdu,Goa,2026-03-10 23:00,2026-03-11 03:56,162,British Airways
FL00854,Johannesburg,Denver,2026-04-23 23:00,2026-04-24 17:24,23,Turkish Airlines
FL01147,Helsinki,Colombo,2026-01-24 10:00,2026-01-24 19:03,164,Air France
FL01385,Lima,Amsterdam,2026-01-30 03:00,2026-01-30 16:01,73,LATAM Airlines
FL03137,Beijing,Kuala Lumpur,2026-05-24 10:00,2026-05-24 15:31,36,Turkish Airlines
FL02292,Bangkok,Shenzhen,2026-06-13 00:00,2026-06-13 02:28,120,British Airways
FL04332,Bangalore,Vancouver,2026-06-26 10:00,2026-06-27 01:58,4,Air Canada
FL02414,Almaty,New York,2026-04-24 19:00,2026-04-25 07:51,169,British Airways
FL00353,Nairobi,Vancouver,2026-01-16 02:00,2026-01-16 19:38,59,Lufthansa
FL04367,Barcelona,Athens,2026-02-03 12:00,2026-02-03 14:32,176,Turkish Airlines
FL04400,Tokyo,Auckland,2026-05-08 09:00,2026-05-08 20:06,28,Lufthansa
FL03236,New York,Taipei,2026-05-17 23:00,2026-05-18 14:26,159,United Airlines
FL01545,Yerevan,Oslo,2026-03-07 23:00,2026-03-08 03:16,125,Iberia
FL03057,Tashkent,Hong Kong,2026-01-30 06:00,2026-01-30 11:50,175,Lufthansa
FL02731,Xi'an,Kaohsiung,2026-03-01 10:00,2026-03-01 12:55,57,Lufthansa
FL01246,Havana,Bogotá,2026-03-13 04:00,2026-03-13 07:07,94,Lufthansa
FL00354,Almaty,Goa,2026-01-10 05:00,2026-01-10 09:14,45,Emirates
FL00204,Guangzhou,Bangalore,2026-06-05 04:00,2026-06-05 08:54,70,Lufthansa
FL02721,Kolkata,Miami,2026-01-02 05:00,2026-01-02 23:00,106,Emirates
FL01603,Lagos,Kolkata,2026-06-02 05:00,2026-06-02 16:35,96,Air India
FL02237,Mumbai,Kuala Lumpur,2026-02-19 12:00,2026-02-19 17:06,40,Lufthansa
FL00086,Tbilisi,Stockholm,2026-06-06 23:00,2026-06-07 03:07,109,Lufthansa
FL00579,Zurich,Lisbon,2026-04-07 11:00,2026-04-07 13:41,25,Lufthansa
FL02695,Lisbon,Yangon,2026-04-16 23:00,2026-04-17 11:25,145,Singapore Airlines
FL02767,Frankfurt,Zurich,2026-01-11 09:00,2026-01-11 10:16,107,Emirates
FL03010,Chicago,Kuala Lumpur,2026-03-20 11:00,2026-03-21 05:18,150,British Airways
FL03607,Auckland,Barcelona,2026-01-05 11:00,2026-01-06 10:09,24,Iberia
FL02823,Abu Dhabi,Kunming,2026-05-30 10:00,2026-05-30 16:37,40,Lufthansa
FL00141,Guadalajara,Johannesburg,2026-05-28 01:00,2026-05-28 19:32,44,Singapore Airlines
FL04405,Karachi,Madrid,2026-03-24 05:00,2026-03-24 13:39,127,Iberia
FL00162,Dallas,Athens,2026-03-09 10:00,2026-03-09 22:32,101,Emirates
FL00011,São Paulo,Frankfurt,2026-04-08 08:00,2026-04-08 20:07,93,Turkish Airlines
FL01189,Yerevan,New Delhi,2026-02-01 14:00,2026-02-01 18:08,34,Singapore Airlines
FL00527,Goa,New Delhi,2026-03-11 02:00,2026-03-11 04:26,30,Lufthansa
FL02744,San Francisco,Singapore,2026-04-26 10:00,2026-04-27 02:19,136,Lufthansa
FL02041,Perth,Chicago,2026-03-20 14:00,2026-03-21 11:17,146,Turkish Airlines
FL02952,Stockholm,São Paulo,2026-04-20 07:00,2026-04-20 20:45,138,Turkish Airlines
FL00682,Melbourne,Auckland,2026-03-19 16:00,2026-03-19 19:46,167,Qantas
FL03694,Istanbul,Johannesburg,2026-06-12 08:00,2026-06-12 17:34,116,Emirates
FL02426,Havana,Rome,2026-06-06 08:00,2026-06-06 18:44,162,Iberia
FL03642,Miami,Mumbai,2026-06-25 02:00,2026-06-25 19:14,31,Lufthansa
FL03516,London,Denver,2026-05-16 14:00,2026-05-16 23:47,10,Turkish Airlines
FL01081,Addis Ababa,Frankfurt,2026-04-27 19:00,2026-04-28 01:40,151,Emirates
FL01365,Rome,Almaty,2026-04-17 05:00,2026-04-17 11:26,32,Lufthansa
FL04485,Brisbane,Copenhagen,2026-02-22 10:00,2026-02-23 04:45,38,Turkish Airlines
FL01610,Vienna,Chennai,2026-01-06 12:00,2026-01-06 20:53,137,Lufthansa
FL01272,London,Karachi,2026-03-02 15:00,2026-03-02 23:23,155,Lufthansa
FL00582,Madrid,Taipei,2026-02-11 23:00,2026-02-12 11:57,23,British Airways
FL02124,Stockholm,Melbourne,2026-04-27 18:00,2026-04-28 13:00,111,Qantas
FL03190,Mumbai,Lima,2026-04-03 08:00,2026-04-04 03:56,173,British Airways
FL04191,Bangkok,Munich,2026-06-01 16:00,2026-06-02 03:07,77,Singapore Airlines
FL01495,Kolkata,Goa,2026-03-18 12:00,2026-03-18 14:45,44,Singapore Airlines
FL01734,Dallas,Beijing,2026-05-26 13:00,2026-05-27 02:31,46,Lufthansa
FL01670,Copenhagen,Dubai,2026-06-07 06:00,2026-06-07 11:59,13,Singapore Airlines
FL02693,Chengdu,Lagos,2026-03-07 03:00,2026-03-07 16:23,142,British Airways
FL03348,Hyderabad,Kunming,2026-03-01 14:00,2026-03-01 17:44,91,Singapore Airlines
FL00569,Chengdu,Frankfurt,2026-03-28 09:00,2026-03-28 18:40,40,Singapore Airlines
FL02838,Athens,Frankfurt,2026-04-23 17:00,2026-04-23 19:52,14,Lufthansa
FL02027,Beijing,Lima,2026-02-05 18:00,2026-02-06 14:04,56,Lufthansa
FL03891,Kuwait City,Los Angeles,2026-01-19 14:00,2026-01-20 05:42,4,British Airways
FL03861,Seoul,Jakarta,2026-04-09 08:00,2026-04-09 15:00,123,Korean Air
FL00376,Copenhagen,Dhaka,2026-06-29 02:00,2026-06-29 10:59,15,British Airways
FL00851,Sydney,Paris,2026-02-16 04:00,2026-02-17 00:24,163,Air France
FL03591,Addis Ababa,Lahore,2026-06-24 15:00,2026-06-24 20:40,90,Ethiopian Airlines
FL00094,Doha,Tbilisi,2026-05-20 19:00,2026-05-20 22:11,124,Turkish Airlines
FL00639,London,Kuala Lumpur,2026-02-05 06:00,2026-02-05 18:59,145,Singapore Airlines
FL03328,Montreal,Madrid,2026-01-18 11:00,2026-01-18 18:27,134,Air Canada
FL00984,Doha,Madrid,2026-05-27 19:00,2026-05-28 01:48,152,Emirates
FL03407,Buenos Aires,New York,2026-02-13 04:00,2026-02-13 14:46,113,Turkish Airlines
FL02781,Chicago,Almaty,2026-01-19 21:00,2026-01-20 09:47,55,Singapore Airlines
FL04094,Beijing,Goa,2026-03-21 10:00,2026-03-21 16:44,30,Lufthansa
FL03495,Melbourne,São Paulo,2026-01-03 04:00,2026-01-03 19:41,84,British Airways
FL01587,Warsaw,New Delhi,2026-02-07 09:00,2026-02-07 16:04,127,Air India
FL02596,Jeddah,Chicago,2026-03-01 06:00,2026-03-01 19:24,34,United Airlines
FL04035,Auckland,Lima,2026-03-27 16:00,2026-03-28 05:24,124,Emirates
FL01693,Buenos Aires,Lagos,2026-01-11 20:00,2026-01-12 05:41,71,Turkish Airlines
FL03786,Copenhagen,Zurich,2026-01-07 01:00,2026-01-07 02:25,143,Air France
FL02070,Vienna,Beijing,2026-03-17 03:00,2026-03-17 12:20,75,Lufthansa
FL02912,Moscow,Auckland,2026-01-31 14:00,2026-02-01 09:54,7,KLM
FL03672,Moscow,Dubai,2026-02-01 03:00,2026-02-01 08:02,149,Emirates
FL03975,Lisbon,Taipei,2026-05-27 08:00,2026-05-27 21:48,2,British Airways
FL00994,Barcelona,Bangalore,2026-02-21 06:00,2026-02-21 15:41,136,British Airways
FL01575,Madrid,Warsaw,2026-01-30 15:00,2026-01-30 18:25,61,Turkish Airlines
FL01033,Manchester,Guangzhou,2026-05-14 19:00,2026-05-15 06:28,120,Emirates
FL03352,Zhengzhou,Tbilisi,2026-05-16 06:00,2026-05-16 13:18,7,Singapore Airlines
FL00374,Warsaw,Kaohsiung,2026-01-15 17:00,2026-01-16 03:46,78,Emirates
FL02336,Brisbane,Tbilisi,2026-04-21 21:00,2026-04-22 13:44,55,Lufthansa
FL01934,Sydney,Toronto,2026-05-27 15:00,2026-05-28 09:55,91,Lufthansa
FL01651,Melbourne,Rome,2026-01-15 11:00,2026-01-16 06:03,117,British Airways
FL02337,Miami,Los Angeles,2026-06-11 10:00,2026-06-11 14:45,105,Delta
FL01162,Los Angeles,Denver,2026-03-12 15:00,2026-03-12 17:37,17,American Airlines
FL00442,Mumbai,Taipei,2026-03-13 12:00,2026-03-13 18:24,144,Turkish Airlines
FL01532,Sydney,London,2026-06-12 04:00,2026-06-13 00:58,32,Emirates
FL00732,Xi'an,Amsterdam,2026-03-14 14:00,2026-03-14 23:49,169,Emirates
FL04031,Singapore,San Francisco,2026-05-01 12:00,2026-05-02 04:31,3,Delta
FL02935,Dubai,Muscat,2026-01-24 23:00,2026-01-25 00:18,160,Singapore Airlines
FL01696,Guangzhou,Hyderabad,2026-05-21 08:00,2026-05-21 13:08,104,Lufthansa
FL04100,Xi'an,Chennai,2026-03-28 02:00,2026-03-28 07:22,97,British Airways
FL02368,Kuwait City,Lahore,2026-05-31 10:00,2026-05-31 13:53,156,Emirates
FL02611,Lahore,Jeddah,2026-06-24 19:00,2026-06-24 23:59,146,Turkish Airlines
FL01808,Dubai,Auckland,2026-05-29 03:00,2026-05-29 20:02,152,Emirates
FL01666,Bogotá,Nairobi,2026-01-30 08:00,2026-01-30 23:31,63,Singapore Airlines
FL03734,Yerevan,Lagos,2026-03-17 04:00,2026-03-17 10:53,36,Emirates
FL02755,Prague,Guangzhou,2026-02-04 03:00,2026-02-04 13:52,143,Cathay Pacific
FL03840,Colombo,Paris,2026-04-22 19:00,2026-04-23 05:44,62,Singapore Airlines
FL02144,Guangzhou,Colombo,2026-06-25 23:00,2026-06-26 04:01,103,Emirates
FL01712,Kuwait City,Seoul,2026-01-06 01:00,2026-01-06 09:43,75,Emirates
FL02857,Madrid,Abu Dhabi,2026-05-27 20:00,2026-05-28 03:23,78,Singapore Airlines
FL03288,Los Angeles,Zurich,2026-06-08 11:00,2026-06-08 23:09,80,Singapore Airlines
FL01103,Warsaw,Tashkent,2026-02-19 20:00,2026-02-20 00:59,69,Air France
FL00268,Yerevan,Chennai,2026-05-01 14:00,2026-05-01 20:08,20,Emirates
FL00252,Jeddah,Manila,2026-06-14 10:00,2026-06-14 20:58,171,Thai Airways
FL00074,Montreal,Seoul,2026-03-18 16:00,2026-03-19 04:55,104,British Airways
FL03433,Dallas,Kaohsiung,2026-06-22 10:00,2026-06-23 01:24,69,Delta
FL01241,Manchester,Guadalajara,2026-05-29 16:00,2026-05-30 02:53,23,Turkish Airlines
FL03252,Havana,Casablanca,2026-04-06 15:00,2026-04-07 00:25,11,American Airlines
FL00568,Abu Dhabi,Yangon,2026-01-19 11:00,2026-01-19 16:55,169,Singapore Airlines
FL00360,San Francisco,Melbourne,2026-06-13 12:00,2026-06-14 03:45,131,Lufthansa
FL00788,Shenzhen,Chennai,2026-06-25 22:00,2026-06-26 02:39,99,Air India
FL04318,Colombo,Amsterdam,2026-01-30 08:00,2026-01-30 18:36,150,Singapore Airlines
FL02694,Mexico City,Lima,2026-04-29 04:00,2026-04-29 09:56,178,Singapore Airlines
FL00677,Milan,Madrid,2026-01-20 15:00,2026-01-20 16:50,84,British Airways
FL00937,Denver,Sydney,2026-01-07 19:00,2026-01-08 11:31,155,British Airways
FL04038,Zhengzhou,Amsterdam,2026-02-09 07:00,2026-02-09 17:12,63,Emirates
FL02741,Brussels,Kuala Lumpur,2026-04-20 06:00,2026-04-20 18:53,92,Cathay Pacific
FL00935,New Delhi,New York,2026-01-08 10:00,2026-01-09 00:44,105,United Airlines
FL00411,Dubai,Atlanta,2026-05-17 17:00,2026-05-18 07:55,4,Singapore Airlines
FL03452,Milan,Vienna,2026-03-18 18:00,2026-03-18 19:21,115,Singapore Airlines
FL01993,Abu Dhabi,London,2026-06-05 15:00,2026-06-05 22:14,133,Singapore Airlines
FL03918,Tbilisi,Johannesburg,2026-01-24 05:00,2026-01-24 15:00,14,Singapore Airlines
FL02331,Chennai,Rome,2026-05-24 19:00,2026-05-25 04:22,96,Lufthansa
FL02965,Kuala Lumpur,Denver,2026-01-10 10:00,2026-01-11 03:59,154,British Airways
FL00175,Cairo,Beijing,2026-05-25 21:00,2026-05-26 06:41,12,Ethiopian Airlines
FL03758,Baku,Hyderabad,2026-04-14 14:00,2026-04-14 18:50,28,Lufthansa
FL00109,Istanbul,Stockholm,2026-04-03 20:00,2026-04-03 23:28,117,Turkish Airlines
FL01998,São Paulo,Kaohsiung,2026-02-02 17:00,2026-02-03 15:23,104,Lufthansa
FL02117,Auckland,Lahore,2026-03-15 06:00,2026-03-15 21:40,128,Singapore Airlines
FL00623,Copenhagen,Manila,2026-03-31 14:00,2026-04-01 01:57,119,Air France
FL00723,Mumbai,Manchester,2026-01-22 03:00,2026-01-22 12:00,137,Lufthansa
FL01042,San Francisco,Johannesburg,2026-06-29 07:00,2026-06-30 03:35,135,Delta
FL01494,Kaohsiung,Chicago,2026-01-24 09:00,2026-01-25 00:10,116,American Airlines
FL01641,Beijing,Oslo,2026-06-23 16:00,2026-06-24 01:09,34,Korean Air
FL04459,Mumbai,Auckland,2026-05-18 04:00,2026-05-18 19:07,57,Emirates
FL01608,Chengdu,Miami,2026-04-09 15:00,2026-04-10 08:09,179,United Airlines
FL02987,Karachi,Moscow,2026-02-12 18:00,2026-02-12 23:19,150,Turkish Airlines
FL03112,Hyderabad,Santiago,2026-02-12 13:00,2026-02-13 09:14,169,Turkish Airlines
FL04425,Helsinki,Shenzhen,2026-01-30 07:00,2026-01-30 16:40,26,Cathay Pacific
FL02307,Seoul,Jeddah,2026-03-17 04:00,2026-03-17 14:42,78,Singapore Airlines
FL01323,Riyadh,Paris,2026-03-10 20:00,2026-03-11 02:02,121,Emirates
FL01248,Lahore,Rio de Janeiro,2026-03-03 08:00,2026-03-04 00:57,79,Singapore Airlines
FL03004,Shanghai,Bangalore,2026-05-30 16:00,2026-05-30 22:20,115,Lufthansa
FL00144,Rio de Janeiro,Istanbul,2026-02-11 10:00,2026-02-11 22:38,126,LATAM Airlines
FL00132,Buenos Aires,San Francisco,2026-05-22 02:00,2026-05-22 14:36,104,United Airlines
FL02180,Kunming,Cairo,2026-03-23 11:00,2026-03-23 19:54,170,Korean Air
FL02356,Baku,Santiago,2026-06-30 11:00,2026-07-01 05:15,67,British Airways
FL01596,Tbilisi,Zhengzhou,2026-01-14 22:00,2026-01-15 05:26,167,Turkish Airlines
FL01922,Santiago,Denver,2026-06-28 10:00,2026-06-28 21:06,148,Singapore Airlines
FL03094,Copenhagen,Xi'an,2026-03-06 15:00,2026-03-06 23:49,30,KLM
FL00334,Addis Ababa,Tashkent,2026-06-26 20:00,2026-06-27 01:46,121,British Airways
FL02425,Auckland,Taipei,2026-03-14 21:00,2026-03-15 08:10,115,British Airways
FL03332,Chengdu,New Delhi,2026-05-26 23:00,2026-05-27 02:39,120,Turkish Airlines
FL03730,Milan,New York,2026-02-17 03:00,2026-02-17 10:48,64,American Airlines
FL03299,Lahore,Zhengzhou,2026-01-31 00:00,2026-01-31 04:46,32,Emirates
FL03267,Kolkata,Vancouver,2026-01-23 16:00,2026-01-24 06:07,79,Lufthansa
FL02867,Shenzhen,Chennai,2026-01-16 21:00,2026-01-17 02:07,9,British Airways
FL03560,Munich,Singapore,2026-05-21 00:00,2026-05-21 12:07,110,Singapore Airlines
FL02989,Istanbul,São Paulo,2026-05-10 03:00,2026-05-10 16:05,100,LATAM Airlines
FL03082,Nairobi,Oslo,2026-02-14 07:00,2026-02-14 15:54,27,Turkish Airlines
FL04378,Toronto,Karachi,2026-02-26 19:00,2026-02-27 09:03,26,Pakistan International
FL03890,Guadalajara,Moscow,2026-03-10 15:00,2026-03-11 04:30,15,Singapore Airlines
FL99013,  SEOUL  ,  taipei  ,2026-03-10 10:00,2026-03-10 12:00,10,  korean AIR  
FL03500,Dhaka,Yerevan,2026-03-22 07:00,2026-03-22 13:22,14,Turkish Airlines
FL00770,Xi'an,Budapest,2026-05-04 05:00,2026-05-04 13:55,105,Japan Airlines
FL03848,New York,Frankfurt,2026-04-05 02:00,2026-04-05 09:48,93,United Airlines
FL03663,Milan,Kuala Lumpur,2026-05-14 12:00,2026-05-15 00:46,26,Cathay Pacific
FL03961,Moscow,Nairobi,2026-02-25 22:00,2026-02-26 06:08,90,Emirates
FL02858,Lagos,Kuala Lumpur,2026-01-06 07:00,2026-01-06 20:43,33,Thai Airways
FL00425,Xi'an,Melbourne,2026-06-02 12:00,2026-06-02 23:22,83,Emirates
FL01775,Hyderabad,Helsinki,2026-04-18 16:00,2026-04-18 23:55,66,Turkish Airlines
FL04005,Shanghai,Dallas,2026-04-13 05:00,2026-04-13 19:34,173,Delta
FL02378,Madrid,Atlanta,2026-05-16 00:00,2026-05-16 08:26,98,Singapore Airlines
FL02419,Paris,Lima,2026-06-04 16:00,2026-06-05 04:33,41,Turkish Airlines
FL01585,Copenhagen,New Delhi,2026-04-04 21:00,2026-04-05 04:49,32,Lufthansa
FL01154,Kuala Lumpur,Almaty,2026-04-19 23:00,2026-04-20 05:57,35,Lufthansa
FL99016,Zurich,Brussels,not-a-date,also-not-a-date,15,KLM
FL01160,Santiago,Addis Ababa,2026-06-13 20:00,2026-06-14 11:09,167,Ethiopian Airlines
FL00394,Abu Dhabi,Bangkok,2026-04-10 07:00,2026-04-10 13:17,84,Lufthansa
FL00600,Kunming,Santiago,2026-03-23 23:00,2026-03-24 22:10,17,Emirates
FL01200,Cairo,New York,2026-04-27 03:00,2026-04-27 13:56,125,Lufthansa
FL00680,New Delhi,Seoul,2026-05-08 23:00,2026-05-09 05:12,26,Singapore Airlines
FL03626,Perth,Prague,2026-05-07 05:00,2026-05-07 21:24,69,Lufthansa
FL00071,Xi'an,Dublin,2026-01-30 12:00,2026-01-30 22:49,48,Air France
FL04359,Istanbul,Dhaka,2026-05-02 02:00,2026-05-02 09:22,117,Singapore Airlines
FL00009,Riyadh,Casablanca,2026-06-10 19:00,2026-06-11 02:08,92,Ethiopian Airlines
FL01626,Kuala Lumpur,Copenhagen,2026-02-09 10:00,2026-02-09 22:24,111,Thai Airways
FL03195,Bogotá,Guadalajara,2026-03-17 20:00,2026-03-18 00:58,42,Lufthansa
FL04129,Melbourne,Goa,2026-05-17 13:00,2026-05-18 00:24,118,British Airways
FL03939,Tbilisi,Madrid,2026-05-31 18:00,2026-05-31 23:42,110,British Airways
FL01051,Prague,Havana,2026-03-03 23:00,2026-03-04 09:46,49,KLM
FL02614,Nairobi,Xi'an,2026-05-12 07:00,2026-05-12 17:24,82,British Airways
FL01149,Helsinki,Havana,2026-06-21 02:00,2026-06-21 13:13,100,Turkish Airlines
FL02397,Almaty,Dublin,2026-05-15 05:00,2026-05-15 12:33,174,Emirates
FL04107,Guangzhou,Frankfurt,2026-02-21 21:00,2026-02-22 08:30,37,Singapore Airlines
FL00991,Warsaw,Taipei,2026-05-14 03:00,2026-05-14 13:14,11,Lufthansa
FL00950,Miami,Chengdu,2026-06-28 17:00,2026-06-29 09:30,105,American Airlines
FL03735,Auckland,Moscow,2026-01-04 04:00,2026-01-04 23:35,54,Singapore Airlines
FL03844,Nairobi,Toronto,2026-06-29 23:00,2026-06-30 14:08,158,Lufthansa
FL04373,Kunming,Istanbul,2026-04-28 04:00,2026-04-28 12:57,149,Lufthansa
FL03964,Singapore,Toronto,2026-02-20 13:00,2026-02-21 06:58,164,Lufthansa
FL01368,Jakarta,Seoul,2026-06-04 13:00,2026-06-04 19:31,94,Korean Air
FL01834,Buenos Aires,Zhengzhou,2026-01-06 09:00,2026-01-07 07:59,147,Emirates
FL03742,Zhengzhou,Kuwait City,2026-03-31 03:00,2026-03-31 10:45,33,Cathay Pacific
FL00066,Munich,Prague,2026-03-31 09:00,2026-03-31 10:10,58,Turkish Airlines
FL01025,Hong Kong,Casablanca,2026-06-21 04:00,2026-06-21 17:35,18,Lufthansa
FL03866,San Francisco,Karachi,2026-03-08 12:00,2026-03-09 04:02,103,Turkish Airlines
FL00063,Zurich,Brisbane,2026-02-09 07:00,2026-02-10 02:59,45,Singapore Airlines
FL01561,Karachi,Los Angeles,2026-05-30 07:00,2026-05-30 23:25,172,Emirates
FL03827,Madrid,Muscat,2026-05-16 21:00,2026-05-17 04:57,113,Iberia
FL00037,Prague,Almaty,2026-01-14 21:00,2026-01-15 03:16,165,British Airways
FL01955,Casablanca,Denver,2026-06-05 12:00,2026-06-05 22:18,31,Emirates
FL00873,Riyadh,Kuala Lumpur,2026-01-18 16:00,2026-01-18 23:52,75,Lufthansa
FL03494,Tbilisi,Karachi,2026-02-10 06:00,2026-02-10 09:39,133,Turkish Airlines
FL02457,Rome,New Delhi,2026-02-12 01:00,2026-02-12 08:43,179,British Airways
FL03037,Auckland,Prague,2026-05-07 07:00,2026-05-08 04:24,100,Singapore Airlines
FL01031,Tokyo,Chicago,2026-05-26 15:00,2026-05-27 03:41,28,Japan Airlines
FL02621,Jakarta,Bogotá,2026-04-11 15:00,2026-04-12 15:07,145,Avianca
FL01349,Shenzhen,New York,2026-06-29 12:00,2026-06-30 03:48,52,Lufthansa
FL04361,Toronto,Rio de Janeiro,2026-03-15 13:00,2026-03-15 23:23,128,Lufthansa
FL03040,Stockholm,Atlanta,2026-02-17 18:00,2026-02-18 03:10,17,Turkish Airlines
FL00571,Shenzhen,Colombo,2026-02-27 21:00,2026-02-28 02:24,44,Korean Air
FL04443,Lahore,Lagos,2026-04-02 04:00,2026-04-02 13:51,139,Pakistan International
FL02090,Stockholm,Milan,2026-06-27 08:00,2026-06-27 10:44,142,KLM
FL01819,Riyadh,Montreal,2026-03-17 14:00,2026-03-18 02:44,126,Singapore Airlines
FL03523,Kuala Lumpur,Dubai,2026-04-03 09:00,2026-04-03 15:53,28,Singapore Airlines
FL03148,Madrid,Jakarta,2026-03-13 09:00,2026-03-13 23:55,67,Emirates
FL03924,Denver,Sydney,2026-04-12 14:00,2026-04-13 06:07,58,Emirates
FL01465,Stockholm,Abu Dhabi,2026-04-01 07:00,2026-04-01 13:22,119,Lufthansa
FL03785,Tokyo,Paris,2026-04-29 19:00,2026-04-30 06:48,14,British Airways
FL01291,Tashkent,Almaty,2026-05-26 04:00,2026-05-26 05:12,12,British Airways
FL01676,Miami,Santiago,2026-05-06 11:00,2026-05-06 19:19,28,Emirates
FL02794,Auckland,New York,2026-01-29 08:00,2026-01-30 01:30,133,Singapore Airlines
FL04223,Yerevan,Riyadh,2026-01-12 04:00,2026-01-12 06:44,110,Emirates
FL01243,Baku,Buenos Aires,2026-04-19 06:00,2026-04-19 22:40,44,Turkish Airlines
FL00053,Kuala Lumpur,Helsinki,2026-05-20 22:00,2026-05-21 09:05,167,KLM
FL01659,Baku,Bangalore,2026-01-09 05:00,2026-01-09 10:31,122,Air India
FL04428,Denver,Atlanta,2026-04-22 09:00,2026-04-22 11:36,179,American Airlines
FL01705,New York,Dallas,2026-04-20 07:00,2026-04-20 10:13,165,United Airlines
FL03973,Jeddah,Mexico City,2026-04-24 09:00,2026-04-25 01:24,68,Emirates
FL03505,Amsterdam,Prague,2026-02-11 05:00,2026-02-11 06:34,33,British Airways
FL03485,Warsaw,Casablanca,2026-02-16 08:00,2026-02-16 12:11,167,British Airways
FL02193,Kuala Lumpur,Lima,2026-04-29 23:00,2026-04-30 22:17,1,Lufthansa
FL02706,Chicago,Melbourne,2026-01-01 06:00,2026-01-02 01:08,100,United Airlines
FL00546,Lagos,Santiago,2026-02-14 00:00,2026-02-14 11:30,115,Singapore Airlines
FL00355,Moscow,Lisbon,2026-02-17 23:00,2026-02-18 04:33,74,Emirates
FL02746,Amsterdam,Yangon,2026-02-15 12:00,2026-02-15 22:59,139,British Airways
FL03949,San Francisco,Jeddah,2026-04-16 06:00,2026-04-16 22:09,64,Turkish Airlines
FL03835,Colombo,Budapest,2026-05-09 01:00,2026-05-09 09:46,166,Pakistan International
FL00773,Manila,Moscow,2026-02-03 03:00,2026-02-03 13:00,133,KLM
FL01164,Budapest,Kolkata,2026-01-31 11:00,2026-01-31 19:26,147,Emirates
FL04439,Buenos Aires,Tashkent,2026-04-14 19:00,2026-04-15 13:52,81,LATAM Airlines
FL03178,Yerevan,New Delhi,2026-06-06 02:00,2026-06-06 06:21,26,Emirates
FL01305,Montreal,Tashkent,2026-05-26 08:00,2026-05-26 19:55,149,Emirates
FL02313,Hong Kong,Riyadh,2026-06-06 13:00,2026-06-06 21:52,71,Emirates
FL01337,Barcelona,Jakarta,2026-02-10 23:00,2026-02-11 13:12,113,Iberia
FL04172,Barcelona,Muscat,2026-04-03 01:00,2026-04-03 07:55,8,British Airways
FL02028,Munich,Johannesburg,2026-05-01 04:00,2026-05-01 14:32,47,Singapore Airlines
FL01962,Vancouver,Warsaw,2026-01-30 00:00,2026-01-30 10:19,8,British Airways
FL02988,Lahore,Mexico City,2026-03-29 16:00,2026-03-30 09:32,175,British Airways
FL02023,Baku,Mexico City,2026-01-20 10:00,2026-01-21 01:13,85,British Airways
FL04385,Istanbul,Zurich,2026-01-03 09:00,2026-01-03 11:43,151,Emirates
FL01229,Dubai,Perth,2026-06-30 16:00,2026-07-01 03:32,147,Singapore Airlines
FL03603,Melbourne,Kunming,2026-05-02 08:00,2026-05-02 18:34,27,Lufthansa
FL02681,Rio de Janeiro,Riyadh,2026-05-25 16:00,2026-05-26 05:18,39,British Airways
FL03457,Guangzhou,Seoul,2026-06-12 18:00,2026-06-12 21:05,35,Korean Air
FL02849,Riyadh,Goa,2026-01-11 20:00,2026-01-12 00:09,104,Turkish Airlines
FL00549,Havana,Brisbane,2026-06-15 02:00,2026-06-15 19:41,66,Emirates
FL02921,Guadalajara,Lahore,2026-02-07 06:00,2026-02-07 23:35,80,Singapore Airlines
FL02094,Atlanta,Kunming,2026-03-21 10:00,2026-03-22 02:07,94,Singapore Airlines
FL01554,Kaohsiung,Dhaka,2026-02-06 08:00,2026-02-06 12:24,101,Pakistan International
FL03072,Taipei,Addis Ababa,2026-02-03 06:00,2026-02-03 17:16,66,Emirates
FL01699,Zhengzhou,Istanbul,2026-06-26 12:00,2026-06-26 21:25,65,Lufthansa
FL02727,Abu Dhabi,Moscow,2026-05-16 18:00,2026-05-16 23:09,156,Turkish Airlines
FL00231,Casablanca,Singapore,2026-04-14 00:00,2026-04-14 14:59,43,Lufthansa
FL02629,Montreal,Muscat,2026-01-16 00:00,2026-01-16 13:11,159,Air Canada
FL00342,Colombo,Havana,2026-06-24 20:00,2026-06-25 15:50,67,Air Canada
FL03904,Baku,Brisbane,2026-05-31 11:00,2026-06-01 02:33,0,Lufthansa
FL00538,Bangkok,Auckland,2026-04-11 02:00,2026-04-11 13:56,15,Singapore Airlines
FL03391,Almaty,San Francisco,2026-04-21 16:00,2026-04-22 05:33,66,Singapore Airlines
FL01310,Guadalajara,Istanbul,2026-04-22 17:00,2026-04-23 06:51,101,Emirates
FL01632,Johannesburg,Shenzhen,2026-01-26 01:00,2026-01-26 13:56,99,Turkish Airlines
FL01655,Montreal,Lima,2026-02-27 15:00,2026-02-27 23:04,76,LATAM Airlines
FL04271,Mumbai,London,2026-02-20 12:00,2026-02-20 21:08,113,Emirates
FL02919,Amsterdam,Jeddah,2026-04-08 18:00,2026-04-08 23:49,104,Lufthansa
FL03593,Xi'an,Lisbon,2026-03-19 03:00,2026-03-19 14:55,62,Air France
FL03158,Lisbon,Manila,2026-05-26 09:00,2026-05-27 00:03,23,Singapore Airlines
FL03851,Mumbai,Dubai,2026-01-31 08:00,2026-01-31 11:11,107,British Airways
FL00698,Denver,Hyderabad,2026-06-16 05:00,2026-06-16 21:41,177,American Airlines
FL04427,New Delhi,Helsinki,2026-02-07 05:00,2026-02-07 11:58,135,Lufthansa
FL03461,Buenos Aires,Guangzhou,2026-03-22 19:00,2026-03-23 17:15,134,Singapore Airlines
FL04239,New York,Taipei,2026-04-03 10:00,2026-04-04 01:25,106,Delta
FL03476,Lagos,Taipei,2026-01-17 04:00,2026-01-17 19:25,57,Emirates
FL03189,Denver,Seoul,2026-06-21 17:00,2026-06-22 05:29,59,Lufthansa
FL04227,Sydney,New Delhi,2026-02-09 01:00,2026-02-09 13:41,144,Qantas
FL02997,Yangon,Brisbane,2026-02-24 13:00,2026-02-24 22:51,134,Emirates
FL00875,Manila,Almaty,2026-02-17 00:00,2026-02-17 06:53,93,Lufthansa
FL00766,Chengdu,Kuala Lumpur,2026-06-15 13:00,2026-06-15 16:55,11,Turkish Airlines
FL03572,Dallas,Munich,2026-02-09 21:00,2026-02-10 07:41,40,British Airways
FL00843,Kuwait City,São Paulo,2026-01-23 14:00,2026-01-24 04:11,105,LATAM Airlines
FL03963,Copenhagen,Amsterdam,2026-04-24 13:00,2026-04-24 14:29,57,Lufthansa
FL01673,Lagos,Singapore,2026-03-10 11:00,2026-03-11 00:35,89,Singapore Airlines
FL03317,Perth,Kuwait City,2026-05-23 13:00,2026-05-24 01:15,62,Emirates
FL00842,Abu Dhabi,Auckland,2026-06-13 17:00,2026-06-14 10:12,88,Singapore Airlines
FL03790,Almaty,Copenhagen,2026-04-22 10:00,2026-04-22 15:54,66,Singapore Airlines
FL01268,Los Angeles,Lagos,2026-03-09 07:00,2026-03-09 22:19,63,American Airlines
FL00305,Helsinki,Budapest,2026-06-24 16:00,2026-06-24 18:14,141,Turkish Airlines
FL00748,Doha,Munich,2026-03-09 23:00,2026-03-10 04:58,19,Emirates
FL00296,Santiago,Johannesburg,2026-06-30 14:00,2026-07-01 01:14,156,LATAM Airlines
FL02149,Copenhagen,Kuwait City,2026-04-09 21:00,2026-04-10 02:04,1,Iberia
FL03693,Santiago,New York,2026-05-05 13:00,2026-05-05 23:05,34,Lufthansa
FL03990,Manchester,Addis Ababa,2026-03-27 01:00,2026-03-27 09:00,166,Ethiopian Airlines
FL00902,Dhaka,Stockholm,2026-04-17 03:00,2026-04-17 11:51,58,Air India
FL04495,Zurich,Karachi,2026-05-26 02:00,2026-05-26 09:34,87,Turkish Airlines
FL04360,Munich,Tbilisi,2026-06-10 17:00,2026-06-10 21:06,82,British Airways
FL03125,Vienna,Amsterdam,2026-06-15 21:00,2026-06-15 22:26,40,KLM
FL02604,Mumbai,Vienna,2026-01-08 06:00,2026-01-08 13:45,95,Singapore Airlines
FL04230,Copenhagen,Baku,2026-03-10 21:00,2026-03-11 01:23,40,Air France
FL03304,Chicago,Jakarta,2026-04-10 02:00,2026-04-10 20:50,104,Lufthansa
FL04345,Lagos,Melbourne,2026-04-24 13:00,2026-04-25 07:16,44,British Airways
FL00099,Warsaw,Mumbai,2026-03-28 12:00,2026-03-28 19:15,107,British Airways
FL00345,Dhaka,Muscat,2026-03-12 09:00,2026-03-12 13:10,173,Singapore Airlines
FL04435,Dublin,Havana,2026-05-23 19:00,2026-05-24 03:44,98,Turkish Airlines
FL00410,Melbourne,Auckland,2026-06-20 19:00,2026-06-20 23:02,168,Singapore Airlines
FL04143,Copenhagen,London,2026-03-30 16:00,2026-03-30 17:43,15,British Airways
FL02886,Dallas,Bogotá,2026-04-26 08:00,2026-04-26 13:07,107,Emirates
FL02620,Barcelona,Xi'an,2026-06-12 10:00,2026-06-12 20:41,165,Singapore Airlines
FL03753,Lisbon,Kuala Lumpur,2026-01-31 07:00,2026-01-31 21:19,135,Iberia
FL02542,London,Manila,2026-02-25 20:00,2026-02-26 09:03,108,British Airways
FL03911,Paris,Chicago,2026-02-09 11:00,2026-02-09 19:46,84,Singapore Airlines
FL01780,Mumbai,Guadalajara,2026-03-23 00:00,2026-03-23 18:42,117,Turkish Airlines
FL04220,Chicago,Budapest,2026-02-22 11:00,2026-02-22 20:57,96,Lufthansa
FL02249,Perth,Karachi,2026-03-12 17:00,2026-03-13 03:08,72,Emirates
FL00845,Nairobi,Athens,2026-05-17 00:00,2026-05-17 06:08,125,Ethiopian Airlines
FL04280,Chennai,Rio de Janeiro,2026-02-07 21:00,2026-02-08 14:00,26,Singapore Airlines
FL01565,New Delhi,Buenos Aires,2026-04-03 21:00,2026-04-04 16:07,156,Emirates
FL02705,Madrid,New Delhi,2026-03-26 03:00,2026-03-26 11:48,149,Emirates
FL01750,Colombo,Denver,2026-06-29 21:00,2026-06-30 14:41,104,Emirates
FL00622,Lima,Shenzhen,2026-03-20 22:00,2026-03-21 20:34,164,LATAM Airlines
FL02785,Stockholm,Rio de Janeiro,2026-02-21 20:00,2026-02-22 08:57,99,LATAM Airlines
FL04170,Brussels,Tashkent,2026-05-10 22:00,2026-05-11 04:47,101,KLM
FL03154,Riyadh,New York,2026-01-25 08:00,2026-01-25 20:38,69,United Airlines
FL03324,Manchester,Miami,2026-01-20 08:00,2026-01-20 16:46,118,Delta
FL02856,Paris,Hong Kong,2026-06-28 12:00,2026-06-28 23:59,75,Singapore Airlines
FL00524,Singapore,Buenos Aires,2026-05-11 00:00,2026-05-11 18:57,3,Turkish Airlines
FL01983,Dubai,Havana,2026-04-01 17:00,2026-04-02 09:03,153,Turkish Airlines
FL02228,Lima,Yerevan,2026-04-15 19:00,2026-04-16 11:22,161,Turkish Airlines
FL00504,Chengdu,Almaty,2026-04-09 11:00,2026-04-09 15:13,80,Turkish Airlines
FL02309,New York,Lahore,2026-02-26 00:00,2026-02-26 13:45,90,Lufthansa
FL00502,Stockholm,Dhaka,2026-02-24 20:00,2026-02-25 04:45,105,Air India
FL00559,Kunming,Mexico City,2026-01-08 08:00,2026-01-09 01:22,120,AeroMexico
FL02092,Dhaka,Almaty,2026-04-19 06:00,2026-04-19 09:38,48,Pakistan International
FL02342,Amsterdam,Karachi,2026-04-01 19:00,2026-04-02 02:41,58,British Airways
FL00293,Jakarta,Manila,2026-04-24 02:00,2026-04-24 05:57,135,Turkish Airlines
FL04175,Chennai,Lagos,2026-01-14 04:00,2026-01-14 14:50,69,Emirates
FL04292,Cairo,Guadalajara,2026-05-03 12:00,2026-05-04 03:35,14,Lufthansa
FL01776,London,Frankfurt,2026-04-20 10:00,2026-04-20 11:44,76,Turkish Airlines
FL00400,Nairobi,Taipei,2026-04-30 17:00,2026-05-01 04:54,78,Singapore Airlines
FL00492,Chicago,Istanbul,2026-06-10 14:00,2026-06-11 00:35,40,Lufthansa
FL04347,Tashkent,Zhengzhou,2026-04-02 07:00,2026-04-02 12:12,116,Lufthansa
FL02827,Zhengzhou,Singapore,2026-06-27 04:00,2026-06-27 09:25,58,Lufthansa
FL03893,Havana,Beijing,2026-01-09 09:00,2026-01-10 00:39,53,Cathay Pacific
FL00899,Vienna,Kaohsiung,2026-02-25 23:00,2026-02-26 10:02,83,Korean Air
FL03208,Buenos Aires,Vancouver,2026-06-02 03:00,2026-06-02 16:39,116,Singapore Airlines
FL02391,Helsinki,Munich,2026-03-16 20:00,2026-03-16 22:25,111,Singapore Airlines
FL02719,Miami,Lisbon,2026-04-29 21:00,2026-04-30 05:49,82,Lufthansa
FL00888,Jeddah,Tbilisi,2026-05-23 13:00,2026-05-23 16:30,163,Lufthansa
FL00635,Amsterdam,São Paulo,2026-04-01 07:00,2026-04-01 19:18,78,British Airways
FL00008,Chicago,Almaty,2026-04-28 17:00,2026-04-29 05:35,96,Emirates
FL00409,Chennai,Hong Kong,2026-01-03 06:00,2026-01-03 10:59,95,Emirates
FL03066,Beijing,Zhengzhou,2026-06-20 10:00,2026-06-20 11:46,38,Singapore Airlines
FL01763,Yangon,Manchester,2026-06-09 10:00,2026-06-09 21:10,174,Singapore Airlines
FL04453,Cairo,Guangzhou,2026-04-27 22:00,2026-04-28 07:44,28,Korean Air
FL03028,Manila,Rio de Janeiro,2026-05-22 07:00,2026-05-23 05:06,100,Emirates
FL02143,Brussels,San Francisco,2026-02-11 12:00,2026-02-11 23:13,27,Lufthansa
FL01193,Copenhagen,Sydney,2026-01-18 15:00,2026-01-19 10:49,94,Turkish Airlines
FL01539,Doha,Hong Kong,2026-05-22 23:00,2026-05-23 06:46,97,British Airways
FL00932,Bangkok,Chengdu,2026-05-19 21:00,2026-05-20 00:05,35,British Airways
FL04460,Cairo,Dubai,2026-02-05 19:00,2026-02-05 22:25,47,Lufthansa
FL02294,Athens,Lisbon,2026-05-27 06:00,2026-05-27 09:43,131,Turkish Airlines
FL03435,Chengdu,Mumbai,2026-04-26 17:00,2026-04-26 21:35,47,Emirates
FL03035,Vancouver,Yangon,2026-06-29 07:00,2026-06-29 21:36,138,Turkish Airlines
FL00197,Cairo,New York,2026-02-03 17:00,2026-02-04 04:02,44,Emirates
FL01091,San Francisco,Melbourne,2026-06-27 01:00,2026-06-27 16:35,127,Emirates
FL03563,Kuwait City,Moscow,2026-02-18 03:00,2026-02-18 06:53,161,Emirates
FL02344,Perth,Miami,2026-04-08 06:00,2026-04-09 03:58,124,Lufthansa
FL02075,Budapest,Paris,2026-01-02 09:00,2026-01-02 11:14,51,Lufthansa
FL02749,Dhaka,Los Angeles,2026-03-29 12:00,2026-03-30 04:01,110,Emirates
FL00072,Chicago,Hyderabad,2026-04-22 00:00,2026-04-22 16:16,137,British Airways
FL03123,Santiago,Riyadh,2026-01-12 13:00,2026-01-13 06:01,121,Lufthansa
FL01695,Singapore,Atlanta,2026-06-16 11:00,2026-06-17 06:34,94,American Airlines
FL00703,Havana,Lima,2026-02-07 01:00,2026-02-07 06:23,75,Turkish Airlines
FL04086,Mumbai,Dallas,2026-06-05 02:00,2026-06-05 19:28,161,Delta
FL03322,Madrid,Vienna,2026-01-12 07:00,2026-01-12 10:05,61,Singapore Airlines
FL01364,Santiago,Chengdu,2026-05-08 20:00,2026-05-09 19:25,112,Lufthansa
FL04174,Brisbane,Nairobi,2026-01-22 23:00,2026-01-23 14:34,163,Singapore Airlines
FL00188,Lagos,Lisbon,2026-01-30 03:00,2026-01-30 07:53,137,Turkish Airlines
FL03122,Lisbon,Jakarta,2026-04-23 00:00,2026-04-23 15:32,15,Emirates
FL03698,Muscat,San Francisco,2026-02-14 16:00,2026-02-15 08:11,71,Lufthansa
FL03465,Shenzhen,Seoul,2026-04-12 18:00,2026-04-12 21:21,150,Turkish Airlines
FL01741,Vienna,Brisbane,2026-01-15 07:00,2026-01-16 01:56,143,Lufthansa
FL01677,Rio de Janeiro,Beijing,2026-06-24 17:00,2026-06-25 14:12,33,LATAM Airlines
FL04457,Helsinki,Shanghai,2026-03-03 06:00,2026-03-03 15:06,36,Japan Airlines
FL02074,Madrid,Doha,2026-05-02 00:00,2026-05-02 06:45,45,Turkish Airlines
FL03177,Copenhagen,Rome,2026-06-27 21:00,2026-06-27 23:24,102,Turkish Airlines
FL01037,Baku,Lagos,2026-05-25 08:00,2026-05-25 15:19,121,Ethiopian Airlines
FL02199,Istanbul,Hong Kong,2026-03-09 18:00,2026-03-10 04:14,28,Lufthansa
FL04124,Chengdu,Seoul,2026-01-03 06:00,2026-01-03 09:16,151,Emirates
FL02394,Abu Dhabi,Chicago,2026-02-18 02:00,2026-02-18 16:13,150,Turkish Airlines
FL04244,Perth,Helsinki,2026-01-15 21:00,2026-01-16 13:19,71,Singapore Airlines
FL00402,Barcelona,Manila,2026-03-22 13:00,2026-03-23 02:27,56,Lufthansa
FL00222,Kuala Lumpur,Yerevan,2026-06-08 01:00,2026-06-08 10:05,69,British Airways
FL01242,Kunming,Seoul,2026-03-22 10:00,2026-03-22 13:56,99,Lufthansa
FL01134,Rome,Kunming,2026-06-20 22:00,2026-06-21 08:20,140,Korean Air
FL00552,Goa,Moscow,2026-05-08 00:00,2026-05-08 06:58,109,Turkish Airlines
FL00925,Chicago,Lima,2026-05-16 09:00,2026-05-16 16:40,100,LATAM Airlines
FL04477,Stockholm,Almaty,2026-03-15 07:00,2026-03-15 12:38,30,Singapore Airlines
FL01643,Vienna,Beijing,2026-06-07 06:00,2026-06-07 15:42,1,Iberia
FL03493,Jeddah,Melbourne,2026-03-13 13:00,2026-03-14 04:36,46,Singapore Airlines
FL04262,Brussels,Milan,2026-03-25 14:00,2026-03-25 15:24,105,Air France
FL01152,Jakarta,Beijing,2026-03-14 11:00,2026-03-14 17:40,114,Lufthansa
FL01800,Denver,Auckland,2026-04-10 23:00,2026-04-11 13:19,81,Turkish Airlines
FL03335,Toronto,Paris,2026-05-21 12:00,2026-05-21 19:47,39,Singapore Airlines
FL01615,Lima,Yerevan,2026-01-09 02:00,2026-01-09 18:54,129,LATAM Airlines
FL03240,Yangon,Los Angeles,2026-04-05 18:00,2026-04-06 10:11,92,Lufthansa
FL00097,Moscow,Kunming,2026-05-25 21:00,2026-05-26 04:34,164,Iberia
FL03648,Moscow,Bangkok,2026-05-31 19:00,2026-06-01 04:02,96,Lufthansa
FL03279,San Francisco,Mumbai,2026-02-28 12:00,2026-03-01 04:50,161,Singapore Airlines
FL04000,Kolkata,Dublin,2026-06-27 19:00,2026-06-28 05:40,128,Singapore Airlines
FL03234,Melbourne,Budapest,2026-01-11 16:00,2026-01-12 10:58,94,Lufthansa
FL00525,Chicago,Athens,2026-04-04 12:00,2026-04-04 23:15,45,Delta
FL02595,Santiago,Rome,2026-01-18 21:00,2026-01-19 11:22,105,Emirates
FL02210,Athens,Brisbane,2026-02-13 11:00,2026-02-14 05:35,150,Lufthansa
FL00460,Vienna,Perth,2026-02-17 05:00,2026-02-17 21:18,110,Singapore Airlines
FL01279,New Delhi,Stockholm,2026-02-12 10:00,2026-02-12 17:22,125,Turkish Airlines
FL03644,Tashkent,Mexico City,2026-05-04 16:00,2026-05-05 07:46,131,AeroMexico
FL01582,Amsterdam,Seoul,2026-01-23 10:00,2026-01-23 20:51,48,KLM
FL01991,Goa,Hong Kong,2026-04-08 20:00,2026-04-09 01:20,19,Cathay Pacific
FL01180,Chengdu,Shanghai,2026-05-01 03:00,2026-05-01 05:56,11,Cathay Pacific
FL03710,Guangzhou,Melbourne,2026-01-09 23:00,2026-01-10 08:37,115,Singapore Airlines
FL04473,Almaty,Jakarta,2026-04-01 19:00,2026-04-02 02:50,115,Singapore Airlines
FL00767,Kaohsiung,Kunming,2026-02-11 04:00,2026-02-11 06:49,10,Turkish Airlines
FL01098,Kuala Lumpur,Los Angeles,2026-05-05 16:00,2026-05-06 08:59,60,Lufthansa
FL04340,Chicago,Guangzhou,2026-01-30 06:00,2026-01-30 21:03,78,British Airways
FL01886,Chengdu,Seoul,2026-01-14 15:00,2026-01-14 18:04,110,British Airways
FL01668,Shenzhen,Miami,2026-02-18 18:00,2026-02-19 11:41,38,British Airways
FL00199,Dubai,Miami,2026-03-09 01:00,2026-03-09 16:10,107,Emirates
FL03760,Seoul,Santiago,2026-01-31 12:00,2026-02-01 10:29,5,Singapore Airlines
FL00426,Perth,Johannesburg,2026-04-26 15:00,2026-04-27 01:11,141,Singapore Airlines
FL02387,Sydney,Zurich,2026-01-11 11:00,2026-01-12 06:47,122,Qantas
FL04258,Seoul,London,2026-04-27 18:00,2026-04-28 04:46,123,Turkish Airlines
FL00953,Tashkent,Seoul,2026-01-24 03:00,2026-01-24 09:28,162,British Airways
FL03061,Baku,Abu Dhabi,2026-04-23 07:00,2026-04-23 09:33,159,Turkish Airlines
FL01122,Bangkok,Karachi,2026-03-03 17:00,2026-03-03 21:43,122,Thai Airways
FL03799,Denver,Nairobi,2026-01-20 19:00,2026-01-21 12:39,104,Lufthansa
FL04037,Lagos,Kuala Lumpur,2026-06-18 11:00,2026-06-19 00:13,152,Emirates
FL02826,Munich,Zurich,2026-03-17 12:00,2026-03-17 13:08,119,Emirates
FL02351,Mexico City,Helsinki,2026-01-11 07:00,2026-01-11 19:13,170,British Airways
FL00052,Santiago,Denver,2026-03-31 02:00,2026-03-31 13:19,94,British Airways
FL03781,Warsaw,Dubai,2026-01-03 09:00,2026-01-03 14:12,158,Emirates
FL04043,Lisbon,Yerevan,2026-01-21 22:00,2026-01-22 03:58,112,Iberia
FL02398,Toronto,Frankfurt,2026-04-28 05:00,2026-04-28 13:22,81,Emirates
FL01605,Cairo,Perth,2026-06-17 14:00,2026-06-18 03:46,30,Emirates
FL01208,Jeddah,Rio de Janeiro,2026-03-19 22:00,2026-03-20 10:22,110,Turkish Airlines
FL01525,Melbourne,Guangzhou,2026-01-16 04:00,2026-01-16 13:24,75,Turkish Airlines
FL00036,Sydney,Frankfurt,2026-01-25 21:00,2026-01-26 16:58,108,Singapore Airlines
FL03042,Milan,Tashkent,2026-01-29 06:00,2026-01-29 12:15,83,Turkish Airlines
FL03581,Doha,Vancouver,2026-03-05 17:00,2026-03-06 07:33,89,Air Canada
FL02468,Brisbane,Bangalore,2026-06-20 03:00,2026-06-20 14:38,14,Qantas
FL00904,New Delhi,Riyadh,2026-05-25 04:00,2026-05-25 08:04,178,Turkish Airlines
FL01074,Sydney,Bangkok,2026-01-10 06:00,2026-01-10 15:06,151,Turkish Airlines
FL00598,Tbilisi,Helsinki,2026-02-14 05:00,2026-02-14 08:53,49,Turkish Airlines
FL01135,Warsaw,Lagos,2026-05-26 04:00,2026-05-26 11:10,78,Turkish Airlines
FL02207,Baku,Lahore,2026-02-02 04:00,2026-02-02 07:31,98,British Airways
FL02109,Brisbane,Dubai,2026-02-13 00:00,2026-02-13 14:30,95,Singapore Airlines
FL01766,Manila,Kuala Lumpur,2026-05-26 12:00,2026-05-26 15:49,57,British Airways
FL03612,Lahore,Seoul,2026-01-13 07:00,2026-01-13 13:02,75,British Airways
FL00179,Yangon,Almaty,2026-02-03 02:00,2026-02-03 06:59,83,Lufthansa
FL02618,Yangon,Goa,2026-05-19 17:00,2026-05-19 20:17,118,Lufthansa
FL01896,Copenhagen,Budapest,2026-04-18 13:00,2026-04-18 14:47,143,Emirates
FL01470,Frankfurt,Denver,2026-01-19 11:00,2026-01-19 20:47,51,American Airlines
FL04033,Perth,Yerevan,2026-02-14 13:00,2026-02-15 02:11,67,British Airways
FL03424,Goa,Athens,2026-03-04 02:00,2026-03-04 09:19,29,Lufthansa
FL03665,Tbilisi,Oslo,2026-05-18 03:00,2026-05-18 07:27,147,Air France
FL01036,Brussels,Colombo,2026-03-17 09:00,2026-03-17 19:13,177,Air India
FL03455,New Delhi,Chennai,2026-02-26 15:00,2026-02-26 17:28,150,Air India
FL00445,Zurich,Havana,2026-05-08 04:00,2026-05-08 14:23,61,Air France
FL01172,Kuala Lumpur,Istanbul,2026-02-25 04:00,2026-02-25 14:29,48,Lufthansa
FL00900,San Francisco,Milan,2026-06-26 22:00,2026-06-27 09:54,24,Singapore Airlines
FL02735,Doha,Riyadh,2026-04-17 00:00,2026-04-17 01:12,163,British Airways
FL04374,Brisbane,Lagos,2026-01-03 06:00,2026-01-04 01:27,146,British Airways
FL03139,Denver,Atlanta,2026-05-09 18:00,2026-05-09 21:14,56,Singapore Airlines
FL02679,Warsaw,Dhaka,2026-06-09 10:00,2026-06-09 18:10,13,Lufthansa
FL03431,Yangon,New Delhi,2026-03-06 18:00,2026-03-06 21:03,44,Air India
FL01062,Moscow,San Francisco,2026-06-15 15:00,2026-06-16 02:25,138,United Airlines
FL03386,Toronto,Goa,2026-01-15 14:00,2026-01-16 05:52,56,Air Canada
FL00048,Guangzhou,Copenhagen,2026-06-18 18:00,2026-06-19 04:41,80,Air France
FL02580,Zurich,Frankfurt,2026-01-03 21:00,2026-01-03 22:00,172,Emirates
FL01132,Casablanca,Sydney,2026-01-17 00:00,2026-01-17 22:08,59,Lufthansa
FL03333,Chennai,Lahore,2026-01-25 12:00,2026-01-25 15:11,11,Lufthansa
FL02514,Mumbai,Jeddah,2026-05-03 11:00,2026-05-03 15:29,96,Lufthansa
FL00178,Brisbane,Vancouver,2026-01-11 09:00,2026-01-11 23:46,8,Lufthansa
FL00986,Amsterdam,Lisbon,2026-03-02 11:00,2026-03-02 13:45,77,Turkish Airlines
FL03012,New Delhi,Paris,2026-02-23 00:00,2026-02-23 08:13,123,Emirates
FL02360,Goa,Dhaka,2026-06-29 20:00,2026-06-29 23:18,57,Singapore Airlines
FL02283,Muscat,Beijing,2026-02-02 16:00,2026-02-02 23:04,177,Lufthansa
FL01350,Kolkata,Dhaka,2026-06-16 12:00,2026-06-16 13:06,77,Emirates
FL01309,Miami,Mexico City,2026-02-17 02:00,2026-02-17 05:13,154,Singapore Airlines
FL03489,Cairo,Taipei,2026-05-30 01:00,2026-05-30 11:30,167,Cathay Pacific
FL02405,Zurich,Manila,2026-03-13 06:00,2026-03-13 19:07,124,Air France
FL04189,Shenzhen,Nairobi,2026-05-24 10:00,2026-05-24 20:40,4,Emirates
FL03616,Mumbai,Colombo,2026-06-06 19:00,2026-06-06 21:22,122,Turkish Airlines
FL04334,Hong Kong,Los Angeles,2026-04-14 13:00,2026-04-15 03:19,26,Singapore Airlines
FL02132,Buenos Aires,Barcelona,2026-04-22 02:00,2026-04-22 15:07,39,Iberia
FL03365,Hong Kong,Frankfurt,2026-06-23 16:00,2026-06-24 03:39,162,Emirates
FL03845,Mexico City,Zhengzhou,2026-02-05 09:00,2026-02-06 01:02,74,AeroMexico
